ISO-10303-21;
HEADER;
FILE_DESCRIPTION(('FreeCAD Model'),'2;1');
FILE_NAME('Open CASCADE Shape Model','2026-06-30T22:25:55',(''),(''),
  'Open CASCADE STEP processor 7.9','FreeCAD','Unknown');
FILE_SCHEMA(('AUTOMOTIVE_DESIGN { 1 0 10303 214 1 1 1 1 }'));
ENDSEC;
DATA;
#1 = APPLICATION_PROTOCOL_DEFINITION('international standard',
  'automotive_design',2000,#2);
#2 = APPLICATION_CONTEXT(
  'core data for automotive mechanical design processes');
#3 = SHAPE_DEFINITION_REPRESENTATION(#4,#10);
#4 = PRODUCT_DEFINITION_SHAPE('','',#5);
#5 = PRODUCT_DEFINITION('design','',#6,#9);
#6 = PRODUCT_DEFINITION_FORMATION('','',#7);
#7 = PRODUCT('Assembly','Assembly','',(#8));
#8 = PRODUCT_CONTEXT('',#2,'mechanical');
#9 = PRODUCT_DEFINITION_CONTEXT('part definition',#2,'design');
#10 = SHAPE_REPRESENTATION('',(#11,#15,#19,#23,#27,#31,#35,#39,#43,#47,
    #51),#55);
#11 = AXIS2_PLACEMENT_3D('',#12,#13,#14);
#12 = CARTESIAN_POINT('',(0.,0.,0.));
#13 = DIRECTION('',(0.,0.,1.));
#14 = DIRECTION('',(1.,0.,-0.));
#15 = AXIS2_PLACEMENT_3D('',#16,#17,#18);
#16 = CARTESIAN_POINT('',(0.,0.,0.));
#17 = DIRECTION('',(0.,0.,1.));
#18 = DIRECTION('',(1.,0.,0.));
#19 = AXIS2_PLACEMENT_3D('',#20,#21,#22);
#20 = CARTESIAN_POINT('',(107.35281374238,107.20281374238,0.));
#21 = DIRECTION('',(0.,-0.,1.));
#22 = DIRECTION('',(2.22044604925E-16,1.,0.));
#23 = AXIS2_PLACEMENT_3D('',#24,#25,#26);
#24 = CARTESIAN_POINT('',(-107.3528137423,107.35281374238,0.));
#25 = DIRECTION('',(0.,0.,1.));
#26 = DIRECTION('',(1.,0.,0.));
#27 = AXIS2_PLACEMENT_3D('',#28,#29,#30);
#28 = CARTESIAN_POINT('',(-107.3528137423,-107.5028137423,0.));
#29 = DIRECTION('',(0.,-0.,1.));
#30 = DIRECTION('',(2.22044604925E-16,1.,0.));
#31 = AXIS2_PLACEMENT_3D('',#32,#33,#34);
#32 = CARTESIAN_POINT('',(107.35281374238,-107.3528137423,0.));
#33 = DIRECTION('',(0.,0.,1.));
#34 = DIRECTION('',(1.,0.,0.));
#35 = AXIS2_PLACEMENT_3D('',#36,#37,#38);
#36 = CARTESIAN_POINT('',(0.,7.1E-15,21.));
#37 = DIRECTION('',(0.,0.,1.));
#38 = DIRECTION('',(1.,0.,0.));
#39 = AXIS2_PLACEMENT_3D('',#40,#41,#42);
#40 = CARTESIAN_POINT('',(-4.4E-15,-40.,7.));
#41 = DIRECTION('',(0.,0.,1.));
#42 = DIRECTION('',(1.,0.,0.));
#43 = AXIS2_PLACEMENT_3D('',#44,#45,#46);
#44 = CARTESIAN_POINT('',(0.,2.5,7.));
#45 = DIRECTION('',(0.,0.,1.));
#46 = DIRECTION('',(1.,0.,0.));
#47 = AXIS2_PLACEMENT_3D('',#48,#49,#50);
#48 = CARTESIAN_POINT('',(-3.6E-15,-40.,14.));
#49 = DIRECTION('',(0.,0.,1.));
#50 = DIRECTION('',(1.,0.,0.));
#51 = AXIS2_PLACEMENT_3D('',#52,#53,#54);
#52 = CARTESIAN_POINT('',(0.,2.5,14.));
#53 = DIRECTION('',(0.,0.,1.));
#54 = DIRECTION('',(1.,0.,0.));
#55 = ( GEOMETRIC_REPRESENTATION_CONTEXT(3) 
GLOBAL_UNCERTAINTY_ASSIGNED_CONTEXT((#59)) GLOBAL_UNIT_ASSIGNED_CONTEXT(
(#56,#57,#58)) REPRESENTATION_CONTEXT('Context #1',
  '3D Context with UNIT and UNCERTAINTY') );
#56 = ( LENGTH_UNIT() NAMED_UNIT(*) SI_UNIT(.MILLI.,.METRE.) );
#57 = ( NAMED_UNIT(*) PLANE_ANGLE_UNIT() SI_UNIT($,.RADIAN.) );
#58 = ( NAMED_UNIT(*) SI_UNIT($,.STERADIAN.) SOLID_ANGLE_UNIT() );
#59 = UNCERTAINTY_MEASURE_WITH_UNIT(LENGTH_MEASURE(5.E-03),#56,
  'distance_accuracy_value','confusion accuracy');
#60 = PRODUCT_RELATED_PRODUCT_CATEGORY('part',$,(#7));
#61 = SHAPE_DEFINITION_REPRESENTATION(#62,#68);
#62 = PRODUCT_DEFINITION_SHAPE('','',#63);
#63 = PRODUCT_DEFINITION('design','',#64,#67);
#64 = PRODUCT_DEFINITION_FORMATION('','',#65);
#65 = PRODUCT('Body','Body','',(#66));
#66 = PRODUCT_CONTEXT('',#2,'mechanical');
#67 = PRODUCT_DEFINITION_CONTEXT('part definition',#2,'design');
#68 = ADVANCED_BREP_SHAPE_REPRESENTATION('',(#11,#69),#2131);
#69 = MANIFOLD_SOLID_BREP('',#70);
#70 = CLOSED_SHELL('',(#71,#111,#144,#175,#208,#248,#281,#303,#336,#376,
    #409,#442,#473,#495,#528,#568,#601,#623,#656,#696,#729,#751,#784,
    #824,#857,#888,#921,#943,#967,#1311,#1336,#1361,#1386,#1411,#1436,
    #1461,#1486,#1511,#1536,#1561,#1586,#1611,#1636,#1661,#1686,#1711,
    #1736,#1761,#1786,#1811,#1836,#1861,#1886,#1911,#1936,#1961,#1986,
    #2011));
#71 = ADVANCED_FACE('',(#72),#106,.T.);
#72 = FACE_BOUND('',#73,.T.);
#73 = EDGE_LOOP('',(#74,#84,#92,#100));
#74 = ORIENTED_EDGE('',*,*,#75,.F.);
#75 = EDGE_CURVE('',#76,#78,#80,.T.);
#76 = VERTEX_POINT('',#77);
#77 = CARTESIAN_POINT('',(109.47413408594,92.503571337468,0.));
#78 = VERTEX_POINT('',#79);
#79 = CARTESIAN_POINT('',(27.577164466275,10.606601717798,0.));
#80 = LINE('',#81,#82);
#81 = CARTESIAN_POINT('',(109.47413408594,92.503571337468,0.));
#82 = VECTOR('',#83,1.);
#83 = DIRECTION('',(-0.707106781187,-0.707106781187,0.));
#84 = ORIENTED_EDGE('',*,*,#85,.T.);
#85 = EDGE_CURVE('',#76,#86,#88,.T.);
#86 = VERTEX_POINT('',#87);
#87 = CARTESIAN_POINT('',(109.47413408594,92.503571337468,5.));
#88 = LINE('',#89,#90);
#89 = CARTESIAN_POINT('',(109.47413408594,92.503571337468,0.));
#90 = VECTOR('',#91,1.);
#91 = DIRECTION('',(0.,0.,1.));
#92 = ORIENTED_EDGE('',*,*,#93,.T.);
#93 = EDGE_CURVE('',#86,#94,#96,.T.);
#94 = VERTEX_POINT('',#95);
#95 = CARTESIAN_POINT('',(27.577164466275,10.606601717798,5.));
#96 = LINE('',#97,#98);
#97 = CARTESIAN_POINT('',(109.47413408594,92.503571337468,5.));
#98 = VECTOR('',#99,1.);
#99 = DIRECTION('',(-0.707106781187,-0.707106781187,0.));
#100 = ORIENTED_EDGE('',*,*,#101,.T.);
#101 = EDGE_CURVE('',#94,#78,#102,.T.);
#102 = LINE('',#103,#104);
#103 = CARTESIAN_POINT('',(27.577164466275,10.606601717798,5.));
#104 = VECTOR('',#105,1.);
#105 = DIRECTION('',(-0.,-0.,-1.));
#106 = PLANE('',#107);
#107 = AXIS2_PLACEMENT_3D('',#108,#109,#110);
#108 = CARTESIAN_POINT('',(109.47413408594,92.503571337468,0.));
#109 = DIRECTION('',(0.707106781187,-0.707106781187,0.));
#110 = DIRECTION('',(-0.707106781187,-0.707106781187,0.));
#111 = ADVANCED_FACE('',(#112),#139,.T.);
#112 = FACE_BOUND('',#113,.F.);
#113 = EDGE_LOOP('',(#114,#115,#124,#132));
#114 = ORIENTED_EDGE('',*,*,#85,.T.);
#115 = ORIENTED_EDGE('',*,*,#116,.T.);
#116 = EDGE_CURVE('',#86,#117,#119,.T.);
#117 = VERTEX_POINT('',#118);
#118 = CARTESIAN_POINT('',(92.503571337468,109.47413408594,5.));
#119 = CIRCLE('',#120,15.);
#120 = AXIS2_PLACEMENT_3D('',#121,#122,#123);
#121 = CARTESIAN_POINT('',(107.35281374238,107.35281374238,5.));
#122 = DIRECTION('',(0.,0.,1.));
#123 = DIRECTION('',(1.,0.,0.));
#124 = ORIENTED_EDGE('',*,*,#125,.F.);
#125 = EDGE_CURVE('',#126,#117,#128,.T.);
#126 = VERTEX_POINT('',#127);
#127 = CARTESIAN_POINT('',(92.503571337468,109.47413408594,0.));
#128 = LINE('',#129,#130);
#129 = CARTESIAN_POINT('',(92.503571337468,109.47413408594,0.));
#130 = VECTOR('',#131,1.);
#131 = DIRECTION('',(0.,0.,1.));
#132 = ORIENTED_EDGE('',*,*,#133,.F.);
#133 = EDGE_CURVE('',#76,#126,#134,.T.);
#134 = CIRCLE('',#135,15.);
#135 = AXIS2_PLACEMENT_3D('',#136,#137,#138);
#136 = CARTESIAN_POINT('',(107.35281374238,107.35281374238,0.));
#137 = DIRECTION('',(0.,0.,1.));
#138 = DIRECTION('',(1.,0.,0.));
#139 = CYLINDRICAL_SURFACE('',#140,15.);
#140 = AXIS2_PLACEMENT_3D('',#141,#142,#143);
#141 = CARTESIAN_POINT('',(107.35281374238,107.35281374238,0.));
#142 = DIRECTION('',(-0.,-0.,-1.));
#143 = DIRECTION('',(1.,0.,0.));
#144 = ADVANCED_FACE('',(#145),#170,.F.);
#145 = FACE_BOUND('',#146,.F.);
#146 = EDGE_LOOP('',(#147,#155,#156,#164));
#147 = ORIENTED_EDGE('',*,*,#148,.F.);
#148 = EDGE_CURVE('',#126,#149,#151,.T.);
#149 = VERTEX_POINT('',#150);
#150 = CARTESIAN_POINT('',(26.757365521567,43.727928270048,0.));
#151 = LINE('',#152,#153);
#152 = CARTESIAN_POINT('',(92.503571337468,109.47413408594,0.));
#153 = VECTOR('',#154,1.);
#154 = DIRECTION('',(-0.707106781187,-0.707106781187,0.));
#155 = ORIENTED_EDGE('',*,*,#125,.T.);
#156 = ORIENTED_EDGE('',*,*,#157,.T.);
#157 = EDGE_CURVE('',#117,#158,#160,.T.);
#158 = VERTEX_POINT('',#159);
#159 = CARTESIAN_POINT('',(26.757365521567,43.727928270048,5.));
#160 = LINE('',#161,#162);
#161 = CARTESIAN_POINT('',(92.503571337468,109.47413408594,5.));
#162 = VECTOR('',#163,1.);
#163 = DIRECTION('',(-0.707106781187,-0.707106781187,0.));
#164 = ORIENTED_EDGE('',*,*,#165,.T.);
#165 = EDGE_CURVE('',#158,#149,#166,.T.);
#166 = LINE('',#167,#168);
#167 = CARTESIAN_POINT('',(26.757365521567,43.727928270048,5.));
#168 = VECTOR('',#169,1.);
#169 = DIRECTION('',(-0.,-0.,-1.));
#170 = PLANE('',#171);
#171 = AXIS2_PLACEMENT_3D('',#172,#173,#174);
#172 = CARTESIAN_POINT('',(92.503571337468,109.47413408594,0.));
#173 = DIRECTION('',(0.707106781187,-0.707106781187,0.));
#174 = DIRECTION('',(-0.707106781187,-0.707106781187,0.));
#175 = ADVANCED_FACE('',(#176),#203,.F.);
#176 = FACE_BOUND('',#177,.F.);
#177 = EDGE_LOOP('',(#178,#179,#188,#196));
#178 = ORIENTED_EDGE('',*,*,#101,.T.);
#179 = ORIENTED_EDGE('',*,*,#180,.T.);
#180 = EDGE_CURVE('',#78,#181,#183,.T.);
#181 = VERTEX_POINT('',#182);
#182 = CARTESIAN_POINT('',(27.577164487021,-10.60660173854,0.));
#183 = CIRCLE('',#184,15.);
#184 = AXIS2_PLACEMENT_3D('',#185,#186,#187);
#185 = CARTESIAN_POINT('',(38.183766184074,0.,0.));
#186 = DIRECTION('',(0.,0.,1.));
#187 = DIRECTION('',(1.,0.,0.));
#188 = ORIENTED_EDGE('',*,*,#189,.F.);
#189 = EDGE_CURVE('',#190,#181,#192,.T.);
#190 = VERTEX_POINT('',#191);
#191 = CARTESIAN_POINT('',(27.577164487021,-10.60660173854,5.));
#192 = LINE('',#193,#194);
#193 = CARTESIAN_POINT('',(27.577164487021,-10.60660173854,5.));
#194 = VECTOR('',#195,1.);
#195 = DIRECTION('',(-0.,-0.,-1.));
#196 = ORIENTED_EDGE('',*,*,#197,.F.);
#197 = EDGE_CURVE('',#94,#190,#198,.T.);
#198 = CIRCLE('',#199,15.);
#199 = AXIS2_PLACEMENT_3D('',#200,#201,#202);
#200 = CARTESIAN_POINT('',(38.183766184074,0.,5.));
#201 = DIRECTION('',(0.,0.,1.));
#202 = DIRECTION('',(1.,0.,0.));
#203 = CYLINDRICAL_SURFACE('',#204,15.);
#204 = AXIS2_PLACEMENT_3D('',#205,#206,#207);
#205 = CARTESIAN_POINT('',(38.183766184074,0.,5.));
#206 = DIRECTION('',(0.,0.,1.));
#207 = DIRECTION('',(1.,0.,-0.));
#208 = ADVANCED_FACE('',(#209),#243,.T.);
#209 = FACE_BOUND('',#210,.T.);
#210 = EDGE_LOOP('',(#211,#221,#229,#237));
#211 = ORIENTED_EDGE('',*,*,#212,.F.);
#212 = EDGE_CURVE('',#213,#215,#217,.T.);
#213 = VERTEX_POINT('',#214);
#214 = CARTESIAN_POINT('',(92.503571337468,-109.4741340859,0.));
#215 = VERTEX_POINT('',#216);
#216 = CARTESIAN_POINT('',(26.757365521571,-43.72792827004,0.));
#217 = LINE('',#218,#219);
#218 = CARTESIAN_POINT('',(92.503571337468,-109.4741340859,0.));
#219 = VECTOR('',#220,1.);
#220 = DIRECTION('',(-0.707106781187,0.707106781187,0.));
#221 = ORIENTED_EDGE('',*,*,#222,.T.);
#222 = EDGE_CURVE('',#213,#223,#225,.T.);
#223 = VERTEX_POINT('',#224);
#224 = CARTESIAN_POINT('',(92.503571337468,-109.4741340859,5.));
#225 = LINE('',#226,#227);
#226 = CARTESIAN_POINT('',(92.503571337468,-109.4741340859,0.));
#227 = VECTOR('',#228,1.);
#228 = DIRECTION('',(0.,0.,1.));
#229 = ORIENTED_EDGE('',*,*,#230,.T.);
#230 = EDGE_CURVE('',#223,#231,#233,.T.);
#231 = VERTEX_POINT('',#232);
#232 = CARTESIAN_POINT('',(26.757365521571,-43.72792827004,5.));
#233 = LINE('',#234,#235);
#234 = CARTESIAN_POINT('',(92.503571337468,-109.4741340859,5.));
#235 = VECTOR('',#236,1.);
#236 = DIRECTION('',(-0.707106781187,0.707106781187,0.));
#237 = ORIENTED_EDGE('',*,*,#238,.T.);
#238 = EDGE_CURVE('',#231,#215,#239,.T.);
#239 = LINE('',#240,#241);
#240 = CARTESIAN_POINT('',(26.757365521571,-43.72792827004,5.));
#241 = VECTOR('',#242,1.);
#242 = DIRECTION('',(-0.,-0.,-1.));
#243 = PLANE('',#244);
#244 = AXIS2_PLACEMENT_3D('',#245,#246,#247);
#245 = CARTESIAN_POINT('',(92.503571337468,-109.4741340859,0.));
#246 = DIRECTION('',(-0.707106781187,-0.707106781187,0.));
#247 = DIRECTION('',(-0.707106781187,0.707106781187,0.));
#248 = ADVANCED_FACE('',(#249),#276,.T.);
#249 = FACE_BOUND('',#250,.F.);
#250 = EDGE_LOOP('',(#251,#252,#261,#269));
#251 = ORIENTED_EDGE('',*,*,#222,.T.);
#252 = ORIENTED_EDGE('',*,*,#253,.T.);
#253 = EDGE_CURVE('',#223,#254,#256,.T.);
#254 = VERTEX_POINT('',#255);
#255 = CARTESIAN_POINT('',(109.47413408594,-92.50357133746,5.));
#256 = CIRCLE('',#257,15.);
#257 = AXIS2_PLACEMENT_3D('',#258,#259,#260);
#258 = CARTESIAN_POINT('',(107.35281374238,-107.3528137423,5.));
#259 = DIRECTION('',(0.,0.,1.));
#260 = DIRECTION('',(1.,0.,0.));
#261 = ORIENTED_EDGE('',*,*,#262,.F.);
#262 = EDGE_CURVE('',#263,#254,#265,.T.);
#263 = VERTEX_POINT('',#264);
#264 = CARTESIAN_POINT('',(109.47413408594,-92.50357133746,0.));
#265 = LINE('',#266,#267);
#266 = CARTESIAN_POINT('',(109.47413408594,-92.50357133746,0.));
#267 = VECTOR('',#268,1.);
#268 = DIRECTION('',(0.,0.,1.));
#269 = ORIENTED_EDGE('',*,*,#270,.F.);
#270 = EDGE_CURVE('',#213,#263,#271,.T.);
#271 = CIRCLE('',#272,15.);
#272 = AXIS2_PLACEMENT_3D('',#273,#274,#275);
#273 = CARTESIAN_POINT('',(107.35281374238,-107.3528137423,0.));
#274 = DIRECTION('',(0.,0.,1.));
#275 = DIRECTION('',(1.,0.,0.));
#276 = CYLINDRICAL_SURFACE('',#277,15.);
#277 = AXIS2_PLACEMENT_3D('',#278,#279,#280);
#278 = CARTESIAN_POINT('',(107.35281374238,-107.3528137423,0.));
#279 = DIRECTION('',(-0.,-0.,-1.));
#280 = DIRECTION('',(1.,0.,0.));
#281 = ADVANCED_FACE('',(#282),#298,.F.);
#282 = FACE_BOUND('',#283,.F.);
#283 = EDGE_LOOP('',(#284,#290,#291,#297));
#284 = ORIENTED_EDGE('',*,*,#285,.F.);
#285 = EDGE_CURVE('',#263,#181,#286,.T.);
#286 = LINE('',#287,#288);
#287 = CARTESIAN_POINT('',(109.47413408594,-92.50357133746,0.));
#288 = VECTOR('',#289,1.);
#289 = DIRECTION('',(-0.707106781187,0.707106781187,0.));
#290 = ORIENTED_EDGE('',*,*,#262,.T.);
#291 = ORIENTED_EDGE('',*,*,#292,.T.);
#292 = EDGE_CURVE('',#254,#190,#293,.T.);
#293 = LINE('',#294,#295);
#294 = CARTESIAN_POINT('',(109.47413408594,-92.50357133746,5.));
#295 = VECTOR('',#296,1.);
#296 = DIRECTION('',(-0.707106781187,0.707106781187,0.));
#297 = ORIENTED_EDGE('',*,*,#189,.T.);
#298 = PLANE('',#299);
#299 = AXIS2_PLACEMENT_3D('',#300,#301,#302);
#300 = CARTESIAN_POINT('',(109.47413408594,-92.50357133746,0.));
#301 = DIRECTION('',(-0.707106781187,-0.707106781187,0.));
#302 = DIRECTION('',(-0.707106781187,0.707106781187,0.));
#303 = ADVANCED_FACE('',(#304),#331,.F.);
#304 = FACE_BOUND('',#305,.F.);
#305 = EDGE_LOOP('',(#306,#307,#316,#324));
#306 = ORIENTED_EDGE('',*,*,#238,.T.);
#307 = ORIENTED_EDGE('',*,*,#308,.T.);
#308 = EDGE_CURVE('',#215,#309,#311,.T.);
#309 = VERTEX_POINT('',#310);
#310 = CARTESIAN_POINT('',(22.5,-45.49138680906,0.));
#311 = CIRCLE('',#312,5.);
#312 = AXIS2_PLACEMENT_3D('',#313,#314,#315);
#313 = CARTESIAN_POINT('',(26.326834323651,-48.70935807359,0.));
#314 = DIRECTION('',(0.,0.,1.));
#315 = DIRECTION('',(1.,0.,0.));
#316 = ORIENTED_EDGE('',*,*,#317,.F.);
#317 = EDGE_CURVE('',#318,#309,#320,.T.);
#318 = VERTEX_POINT('',#319);
#319 = CARTESIAN_POINT('',(22.5,-45.49138680906,5.));
#320 = LINE('',#321,#322);
#321 = CARTESIAN_POINT('',(22.5,-45.49138680906,5.));
#322 = VECTOR('',#323,1.);
#323 = DIRECTION('',(-0.,-0.,-1.));
#324 = ORIENTED_EDGE('',*,*,#325,.F.);
#325 = EDGE_CURVE('',#231,#318,#326,.T.);
#326 = CIRCLE('',#327,5.);
#327 = AXIS2_PLACEMENT_3D('',#328,#329,#330);
#328 = CARTESIAN_POINT('',(26.326834323651,-48.70935807359,5.));
#329 = DIRECTION('',(0.,0.,1.));
#330 = DIRECTION('',(1.,0.,0.));
#331 = CYLINDRICAL_SURFACE('',#332,5.);
#332 = AXIS2_PLACEMENT_3D('',#333,#334,#335);
#333 = CARTESIAN_POINT('',(26.326834323651,-48.70935807359,5.));
#334 = DIRECTION('',(0.,0.,1.));
#335 = DIRECTION('',(1.,0.,-0.));
#336 = ADVANCED_FACE('',(#337),#371,.F.);
#337 = FACE_BOUND('',#338,.F.);
#338 = EDGE_LOOP('',(#339,#349,#357,#365));
#339 = ORIENTED_EDGE('',*,*,#340,.F.);
#340 = EDGE_CURVE('',#341,#343,#345,.T.);
#341 = VERTEX_POINT('',#342);
#342 = CARTESIAN_POINT('',(-17.5,-62.5,0.));
#343 = VERTEX_POINT('',#344);
#344 = CARTESIAN_POINT('',(17.5,-62.5,0.));
#345 = LINE('',#346,#347);
#346 = CARTESIAN_POINT('',(-22.5,-62.5,0.));
#347 = VECTOR('',#348,1.);
#348 = DIRECTION('',(1.,0.,0.));
#349 = ORIENTED_EDGE('',*,*,#350,.F.);
#350 = EDGE_CURVE('',#351,#341,#353,.T.);
#351 = VERTEX_POINT('',#352);
#352 = CARTESIAN_POINT('',(-17.5,-62.5,5.));
#353 = LINE('',#354,#355);
#354 = CARTESIAN_POINT('',(-17.5,-62.5,5.));
#355 = VECTOR('',#356,1.);
#356 = DIRECTION('',(-0.,-0.,-1.));
#357 = ORIENTED_EDGE('',*,*,#358,.T.);
#358 = EDGE_CURVE('',#351,#359,#361,.T.);
#359 = VERTEX_POINT('',#360);
#360 = CARTESIAN_POINT('',(17.5,-62.5,5.));
#361 = LINE('',#362,#363);
#362 = CARTESIAN_POINT('',(-22.5,-62.5,5.));
#363 = VECTOR('',#364,1.);
#364 = DIRECTION('',(1.,0.,0.));
#365 = ORIENTED_EDGE('',*,*,#366,.T.);
#366 = EDGE_CURVE('',#359,#343,#367,.T.);
#367 = LINE('',#368,#369);
#368 = CARTESIAN_POINT('',(17.5,-62.5,5.));
#369 = VECTOR('',#370,1.);
#370 = DIRECTION('',(-0.,-0.,-1.));
#371 = PLANE('',#372);
#372 = AXIS2_PLACEMENT_3D('',#373,#374,#375);
#373 = CARTESIAN_POINT('',(-22.5,-62.5,0.));
#374 = DIRECTION('',(0.,1.,0.));
#375 = DIRECTION('',(1.,0.,0.));
#376 = ADVANCED_FACE('',(#377),#404,.T.);
#377 = FACE_BOUND('',#378,.T.);
#378 = EDGE_LOOP('',(#379,#380,#389,#397));
#379 = ORIENTED_EDGE('',*,*,#366,.T.);
#380 = ORIENTED_EDGE('',*,*,#381,.T.);
#381 = EDGE_CURVE('',#343,#382,#384,.T.);
#382 = VERTEX_POINT('',#383);
#383 = CARTESIAN_POINT('',(22.5,-57.5,0.));
#384 = CIRCLE('',#385,5.);
#385 = AXIS2_PLACEMENT_3D('',#386,#387,#388);
#386 = CARTESIAN_POINT('',(17.5,-57.5,0.));
#387 = DIRECTION('',(0.,0.,1.));
#388 = DIRECTION('',(1.,0.,0.));
#389 = ORIENTED_EDGE('',*,*,#390,.F.);
#390 = EDGE_CURVE('',#391,#382,#393,.T.);
#391 = VERTEX_POINT('',#392);
#392 = CARTESIAN_POINT('',(22.5,-57.5,5.));
#393 = LINE('',#394,#395);
#394 = CARTESIAN_POINT('',(22.5,-57.5,5.));
#395 = VECTOR('',#396,1.);
#396 = DIRECTION('',(-0.,-0.,-1.));
#397 = ORIENTED_EDGE('',*,*,#398,.F.);
#398 = EDGE_CURVE('',#359,#391,#399,.T.);
#399 = CIRCLE('',#400,5.);
#400 = AXIS2_PLACEMENT_3D('',#401,#402,#403);
#401 = CARTESIAN_POINT('',(17.5,-57.5,5.));
#402 = DIRECTION('',(0.,0.,1.));
#403 = DIRECTION('',(1.,0.,0.));
#404 = CYLINDRICAL_SURFACE('',#405,5.);
#405 = AXIS2_PLACEMENT_3D('',#406,#407,#408);
#406 = CARTESIAN_POINT('',(17.5,-57.5,5.));
#407 = DIRECTION('',(0.,0.,1.));
#408 = DIRECTION('',(1.,0.,0.));
#409 = ADVANCED_FACE('',(#410),#437,.T.);
#410 = FACE_BOUND('',#411,.T.);
#411 = EDGE_LOOP('',(#412,#422,#429,#430));
#412 = ORIENTED_EDGE('',*,*,#413,.T.);
#413 = EDGE_CURVE('',#414,#416,#418,.T.);
#414 = VERTEX_POINT('',#415);
#415 = CARTESIAN_POINT('',(-22.5,-57.5,5.));
#416 = VERTEX_POINT('',#417);
#417 = CARTESIAN_POINT('',(-22.5,-57.5,0.));
#418 = LINE('',#419,#420);
#419 = CARTESIAN_POINT('',(-22.5,-57.5,5.));
#420 = VECTOR('',#421,1.);
#421 = DIRECTION('',(-0.,-0.,-1.));
#422 = ORIENTED_EDGE('',*,*,#423,.T.);
#423 = EDGE_CURVE('',#416,#341,#424,.T.);
#424 = CIRCLE('',#425,5.);
#425 = AXIS2_PLACEMENT_3D('',#426,#427,#428);
#426 = CARTESIAN_POINT('',(-17.5,-57.5,0.));
#427 = DIRECTION('',(0.,0.,1.));
#428 = DIRECTION('',(1.,0.,0.));
#429 = ORIENTED_EDGE('',*,*,#350,.F.);
#430 = ORIENTED_EDGE('',*,*,#431,.F.);
#431 = EDGE_CURVE('',#414,#351,#432,.T.);
#432 = CIRCLE('',#433,5.);
#433 = AXIS2_PLACEMENT_3D('',#434,#435,#436);
#434 = CARTESIAN_POINT('',(-17.5,-57.5,5.));
#435 = DIRECTION('',(0.,0.,1.));
#436 = DIRECTION('',(1.,0.,0.));
#437 = CYLINDRICAL_SURFACE('',#438,5.);
#438 = AXIS2_PLACEMENT_3D('',#439,#440,#441);
#439 = CARTESIAN_POINT('',(-17.5,-57.5,5.));
#440 = DIRECTION('',(0.,0.,1.));
#441 = DIRECTION('',(1.,0.,0.));
#442 = ADVANCED_FACE('',(#443),#468,.T.);
#443 = FACE_BOUND('',#444,.T.);
#444 = EDGE_LOOP('',(#445,#455,#461,#462));
#445 = ORIENTED_EDGE('',*,*,#446,.T.);
#446 = EDGE_CURVE('',#447,#449,#451,.T.);
#447 = VERTEX_POINT('',#448);
#448 = CARTESIAN_POINT('',(-22.5,-45.49138680906,5.));
#449 = VERTEX_POINT('',#450);
#450 = CARTESIAN_POINT('',(-22.5,-45.49138680906,0.));
#451 = LINE('',#452,#453);
#452 = CARTESIAN_POINT('',(-22.5,-45.49138680906,5.));
#453 = VECTOR('',#454,1.);
#454 = DIRECTION('',(-0.,-0.,-1.));
#455 = ORIENTED_EDGE('',*,*,#456,.T.);
#456 = EDGE_CURVE('',#449,#416,#457,.T.);
#457 = LINE('',#458,#459);
#458 = CARTESIAN_POINT('',(-22.5,62.5,0.));
#459 = VECTOR('',#460,1.);
#460 = DIRECTION('',(0.,-1.,0.));
#461 = ORIENTED_EDGE('',*,*,#413,.F.);
#462 = ORIENTED_EDGE('',*,*,#463,.F.);
#463 = EDGE_CURVE('',#447,#414,#464,.T.);
#464 = LINE('',#465,#466);
#465 = CARTESIAN_POINT('',(-22.5,62.5,5.));
#466 = VECTOR('',#467,1.);
#467 = DIRECTION('',(0.,-1.,0.));
#468 = PLANE('',#469);
#469 = AXIS2_PLACEMENT_3D('',#470,#471,#472);
#470 = CARTESIAN_POINT('',(-22.5,0.,2.5));
#471 = DIRECTION('',(-1.,-0.,-0.));
#472 = DIRECTION('',(0.,0.,-1.));
#473 = ADVANCED_FACE('',(#474),#490,.F.);
#474 = FACE_BOUND('',#475,.F.);
#475 = EDGE_LOOP('',(#476,#482,#483,#489));
#476 = ORIENTED_EDGE('',*,*,#477,.F.);
#477 = EDGE_CURVE('',#382,#309,#478,.T.);
#478 = LINE('',#479,#480);
#479 = CARTESIAN_POINT('',(22.5,-62.5,0.));
#480 = VECTOR('',#481,1.);
#481 = DIRECTION('',(0.,1.,0.));
#482 = ORIENTED_EDGE('',*,*,#390,.F.);
#483 = ORIENTED_EDGE('',*,*,#484,.T.);
#484 = EDGE_CURVE('',#391,#318,#485,.T.);
#485 = LINE('',#486,#487);
#486 = CARTESIAN_POINT('',(22.5,-62.5,5.));
#487 = VECTOR('',#488,1.);
#488 = DIRECTION('',(0.,1.,0.));
#489 = ORIENTED_EDGE('',*,*,#317,.T.);
#490 = PLANE('',#491);
#491 = AXIS2_PLACEMENT_3D('',#492,#493,#494);
#492 = CARTESIAN_POINT('',(22.5,-62.5,0.));
#493 = DIRECTION('',(-1.,0.,0.));
#494 = DIRECTION('',(0.,1.,0.));
#495 = ADVANCED_FACE('',(#496),#523,.F.);
#496 = FACE_BOUND('',#497,.F.);
#497 = EDGE_LOOP('',(#498,#499,#508,#516));
#498 = ORIENTED_EDGE('',*,*,#446,.T.);
#499 = ORIENTED_EDGE('',*,*,#500,.T.);
#500 = EDGE_CURVE('',#449,#501,#503,.T.);
#501 = VERTEX_POINT('',#502);
#502 = CARTESIAN_POINT('',(-26.75736552157,-43.72792827004,0.));
#503 = CIRCLE('',#504,5.);
#504 = AXIS2_PLACEMENT_3D('',#505,#506,#507);
#505 = CARTESIAN_POINT('',(-26.32683432365,-48.70935807359,0.));
#506 = DIRECTION('',(0.,0.,1.));
#507 = DIRECTION('',(1.,0.,0.));
#508 = ORIENTED_EDGE('',*,*,#509,.F.);
#509 = EDGE_CURVE('',#510,#501,#512,.T.);
#510 = VERTEX_POINT('',#511);
#511 = CARTESIAN_POINT('',(-26.75736552157,-43.72792827004,5.));
#512 = LINE('',#513,#514);
#513 = CARTESIAN_POINT('',(-26.75736552157,-43.72792827004,5.));
#514 = VECTOR('',#515,1.);
#515 = DIRECTION('',(-0.,-0.,-1.));
#516 = ORIENTED_EDGE('',*,*,#517,.F.);
#517 = EDGE_CURVE('',#447,#510,#518,.T.);
#518 = CIRCLE('',#519,5.);
#519 = AXIS2_PLACEMENT_3D('',#520,#521,#522);
#520 = CARTESIAN_POINT('',(-26.32683432365,-48.70935807359,5.));
#521 = DIRECTION('',(0.,0.,1.));
#522 = DIRECTION('',(1.,0.,0.));
#523 = CYLINDRICAL_SURFACE('',#524,5.);
#524 = AXIS2_PLACEMENT_3D('',#525,#526,#527);
#525 = CARTESIAN_POINT('',(-26.32683432365,-48.70935807359,5.));
#526 = DIRECTION('',(0.,0.,1.));
#527 = DIRECTION('',(1.,0.,-0.));
#528 = ADVANCED_FACE('',(#529),#563,.T.);
#529 = FACE_BOUND('',#530,.T.);
#530 = EDGE_LOOP('',(#531,#541,#549,#557));
#531 = ORIENTED_EDGE('',*,*,#532,.F.);
#532 = EDGE_CURVE('',#533,#535,#537,.T.);
#533 = VERTEX_POINT('',#534);
#534 = CARTESIAN_POINT('',(-109.4741340859,-92.50357133746,0.));
#535 = VERTEX_POINT('',#536);
#536 = CARTESIAN_POINT('',(-27.57715879009,-10.60659604161,0.));
#537 = LINE('',#538,#539);
#538 = CARTESIAN_POINT('',(-109.4741340859,-92.50357133746,0.));
#539 = VECTOR('',#540,1.);
#540 = DIRECTION('',(0.707106781187,0.707106781187,0.));
#541 = ORIENTED_EDGE('',*,*,#542,.T.);
#542 = EDGE_CURVE('',#533,#543,#545,.T.);
#543 = VERTEX_POINT('',#544);
#544 = CARTESIAN_POINT('',(-109.4741340859,-92.50357133746,5.));
#545 = LINE('',#546,#547);
#546 = CARTESIAN_POINT('',(-109.4741340859,-92.50357133746,0.));
#547 = VECTOR('',#548,1.);
#548 = DIRECTION('',(0.,0.,1.));
#549 = ORIENTED_EDGE('',*,*,#550,.T.);
#550 = EDGE_CURVE('',#543,#551,#553,.T.);
#551 = VERTEX_POINT('',#552);
#552 = CARTESIAN_POINT('',(-27.57715879009,-10.60659604161,5.));
#553 = LINE('',#554,#555);
#554 = CARTESIAN_POINT('',(-109.4741340859,-92.50357133746,5.));
#555 = VECTOR('',#556,1.);
#556 = DIRECTION('',(0.707106781187,0.707106781187,0.));
#557 = ORIENTED_EDGE('',*,*,#558,.T.);
#558 = EDGE_CURVE('',#551,#535,#559,.T.);
#559 = LINE('',#560,#561);
#560 = CARTESIAN_POINT('',(-27.57715879009,-10.60659604161,5.));
#561 = VECTOR('',#562,1.);
#562 = DIRECTION('',(-0.,-0.,-1.));
#563 = PLANE('',#564);
#564 = AXIS2_PLACEMENT_3D('',#565,#566,#567);
#565 = CARTESIAN_POINT('',(-109.4741340859,-92.50357133746,0.));
#566 = DIRECTION('',(-0.707106781187,0.707106781187,0.));
#567 = DIRECTION('',(0.707106781187,0.707106781187,0.));
#568 = ADVANCED_FACE('',(#569),#596,.T.);
#569 = FACE_BOUND('',#570,.F.);
#570 = EDGE_LOOP('',(#571,#572,#581,#589));
#571 = ORIENTED_EDGE('',*,*,#542,.T.);
#572 = ORIENTED_EDGE('',*,*,#573,.T.);
#573 = EDGE_CURVE('',#543,#574,#576,.T.);
#574 = VERTEX_POINT('',#575);
#575 = CARTESIAN_POINT('',(-92.50357133746,-109.4741340859,5.));
#576 = CIRCLE('',#577,15.);
#577 = AXIS2_PLACEMENT_3D('',#578,#579,#580);
#578 = CARTESIAN_POINT('',(-107.3528137423,-107.3528137423,5.));
#579 = DIRECTION('',(0.,0.,1.));
#580 = DIRECTION('',(1.,0.,0.));
#581 = ORIENTED_EDGE('',*,*,#582,.F.);
#582 = EDGE_CURVE('',#583,#574,#585,.T.);
#583 = VERTEX_POINT('',#584);
#584 = CARTESIAN_POINT('',(-92.50357133746,-109.4741340859,0.));
#585 = LINE('',#586,#587);
#586 = CARTESIAN_POINT('',(-92.50357133746,-109.4741340859,0.));
#587 = VECTOR('',#588,1.);
#588 = DIRECTION('',(0.,0.,1.));
#589 = ORIENTED_EDGE('',*,*,#590,.F.);
#590 = EDGE_CURVE('',#533,#583,#591,.T.);
#591 = CIRCLE('',#592,15.);
#592 = AXIS2_PLACEMENT_3D('',#593,#594,#595);
#593 = CARTESIAN_POINT('',(-107.3528137423,-107.3528137423,0.));
#594 = DIRECTION('',(0.,0.,1.));
#595 = DIRECTION('',(1.,0.,0.));
#596 = CYLINDRICAL_SURFACE('',#597,15.);
#597 = AXIS2_PLACEMENT_3D('',#598,#599,#600);
#598 = CARTESIAN_POINT('',(-107.3528137423,-107.3528137423,0.));
#599 = DIRECTION('',(-0.,-0.,-1.));
#600 = DIRECTION('',(1.,0.,0.));
#601 = ADVANCED_FACE('',(#602),#618,.F.);
#602 = FACE_BOUND('',#603,.F.);
#603 = EDGE_LOOP('',(#604,#610,#611,#617));
#604 = ORIENTED_EDGE('',*,*,#605,.F.);
#605 = EDGE_CURVE('',#583,#501,#606,.T.);
#606 = LINE('',#607,#608);
#607 = CARTESIAN_POINT('',(-92.50357133746,-109.4741340859,0.));
#608 = VECTOR('',#609,1.);
#609 = DIRECTION('',(0.707106781187,0.707106781187,0.));
#610 = ORIENTED_EDGE('',*,*,#582,.T.);
#611 = ORIENTED_EDGE('',*,*,#612,.T.);
#612 = EDGE_CURVE('',#574,#510,#613,.T.);
#613 = LINE('',#614,#615);
#614 = CARTESIAN_POINT('',(-92.50357133746,-109.4741340859,5.));
#615 = VECTOR('',#616,1.);
#616 = DIRECTION('',(0.707106781187,0.707106781187,0.));
#617 = ORIENTED_EDGE('',*,*,#509,.T.);
#618 = PLANE('',#619);
#619 = AXIS2_PLACEMENT_3D('',#620,#621,#622);
#620 = CARTESIAN_POINT('',(-92.50357133746,-109.4741340859,0.));
#621 = DIRECTION('',(-0.707106781187,0.707106781187,0.));
#622 = DIRECTION('',(0.707106781187,0.707106781187,0.));
#623 = ADVANCED_FACE('',(#624),#651,.F.);
#624 = FACE_BOUND('',#625,.F.);
#625 = EDGE_LOOP('',(#626,#627,#636,#644));
#626 = ORIENTED_EDGE('',*,*,#558,.T.);
#627 = ORIENTED_EDGE('',*,*,#628,.T.);
#628 = EDGE_CURVE('',#535,#629,#631,.T.);
#629 = VERTEX_POINT('',#630);
#630 = CARTESIAN_POINT('',(-27.57716446627,10.606601717798,0.));
#631 = CIRCLE('',#632,15.);
#632 = AXIS2_PLACEMENT_3D('',#633,#634,#635);
#633 = CARTESIAN_POINT('',(-38.18376618407,0.,0.));
#634 = DIRECTION('',(0.,0.,1.));
#635 = DIRECTION('',(1.,0.,0.));
#636 = ORIENTED_EDGE('',*,*,#637,.F.);
#637 = EDGE_CURVE('',#638,#629,#640,.T.);
#638 = VERTEX_POINT('',#639);
#639 = CARTESIAN_POINT('',(-27.57716446627,10.606601717798,5.));
#640 = LINE('',#641,#642);
#641 = CARTESIAN_POINT('',(-27.57716446627,10.606601717798,5.));
#642 = VECTOR('',#643,1.);
#643 = DIRECTION('',(-0.,-0.,-1.));
#644 = ORIENTED_EDGE('',*,*,#645,.F.);
#645 = EDGE_CURVE('',#551,#638,#646,.T.);
#646 = CIRCLE('',#647,15.);
#647 = AXIS2_PLACEMENT_3D('',#648,#649,#650);
#648 = CARTESIAN_POINT('',(-38.18376618407,0.,5.));
#649 = DIRECTION('',(0.,0.,1.));
#650 = DIRECTION('',(1.,0.,0.));
#651 = CYLINDRICAL_SURFACE('',#652,15.);
#652 = AXIS2_PLACEMENT_3D('',#653,#654,#655);
#653 = CARTESIAN_POINT('',(-38.18376618407,0.,5.));
#654 = DIRECTION('',(0.,0.,1.));
#655 = DIRECTION('',(1.,0.,-0.));
#656 = ADVANCED_FACE('',(#657),#691,.T.);
#657 = FACE_BOUND('',#658,.T.);
#658 = EDGE_LOOP('',(#659,#669,#677,#685));
#659 = ORIENTED_EDGE('',*,*,#660,.F.);
#660 = EDGE_CURVE('',#661,#663,#665,.T.);
#661 = VERTEX_POINT('',#662);
#662 = CARTESIAN_POINT('',(-92.50357133746,109.47413408594,0.));
#663 = VERTEX_POINT('',#664);
#664 = CARTESIAN_POINT('',(-26.75736552157,43.727928270048,0.));
#665 = LINE('',#666,#667);
#666 = CARTESIAN_POINT('',(-92.50357133746,109.47413408594,0.));
#667 = VECTOR('',#668,1.);
#668 = DIRECTION('',(0.707106781187,-0.707106781187,0.));
#669 = ORIENTED_EDGE('',*,*,#670,.T.);
#670 = EDGE_CURVE('',#661,#671,#673,.T.);
#671 = VERTEX_POINT('',#672);
#672 = CARTESIAN_POINT('',(-92.50357133746,109.47413408594,5.));
#673 = LINE('',#674,#675);
#674 = CARTESIAN_POINT('',(-92.50357133746,109.47413408594,0.));
#675 = VECTOR('',#676,1.);
#676 = DIRECTION('',(0.,0.,1.));
#677 = ORIENTED_EDGE('',*,*,#678,.T.);
#678 = EDGE_CURVE('',#671,#679,#681,.T.);
#679 = VERTEX_POINT('',#680);
#680 = CARTESIAN_POINT('',(-26.75736552157,43.727928270048,5.));
#681 = LINE('',#682,#683);
#682 = CARTESIAN_POINT('',(-92.50357133746,109.47413408594,5.));
#683 = VECTOR('',#684,1.);
#684 = DIRECTION('',(0.707106781187,-0.707106781187,0.));
#685 = ORIENTED_EDGE('',*,*,#686,.T.);
#686 = EDGE_CURVE('',#679,#663,#687,.T.);
#687 = LINE('',#688,#689);
#688 = CARTESIAN_POINT('',(-26.75736552157,43.727928270048,5.));
#689 = VECTOR('',#690,1.);
#690 = DIRECTION('',(-0.,-0.,-1.));
#691 = PLANE('',#692);
#692 = AXIS2_PLACEMENT_3D('',#693,#694,#695);
#693 = CARTESIAN_POINT('',(-92.50357133746,109.47413408594,0.));
#694 = DIRECTION('',(0.707106781187,0.707106781187,0.));
#695 = DIRECTION('',(0.707106781187,-0.707106781187,0.));
#696 = ADVANCED_FACE('',(#697),#724,.T.);
#697 = FACE_BOUND('',#698,.F.);
#698 = EDGE_LOOP('',(#699,#700,#709,#717));
#699 = ORIENTED_EDGE('',*,*,#670,.T.);
#700 = ORIENTED_EDGE('',*,*,#701,.T.);
#701 = EDGE_CURVE('',#671,#702,#704,.T.);
#702 = VERTEX_POINT('',#703);
#703 = CARTESIAN_POINT('',(-109.4741340859,92.503571337468,5.));
#704 = CIRCLE('',#705,15.);
#705 = AXIS2_PLACEMENT_3D('',#706,#707,#708);
#706 = CARTESIAN_POINT('',(-107.3528137423,107.35281374238,5.));
#707 = DIRECTION('',(0.,0.,1.));
#708 = DIRECTION('',(1.,0.,0.));
#709 = ORIENTED_EDGE('',*,*,#710,.F.);
#710 = EDGE_CURVE('',#711,#702,#713,.T.);
#711 = VERTEX_POINT('',#712);
#712 = CARTESIAN_POINT('',(-109.4741340859,92.503571337468,0.));
#713 = LINE('',#714,#715);
#714 = CARTESIAN_POINT('',(-109.4741340859,92.503571337468,0.));
#715 = VECTOR('',#716,1.);
#716 = DIRECTION('',(0.,0.,1.));
#717 = ORIENTED_EDGE('',*,*,#718,.F.);
#718 = EDGE_CURVE('',#661,#711,#719,.T.);
#719 = CIRCLE('',#720,15.);
#720 = AXIS2_PLACEMENT_3D('',#721,#722,#723);
#721 = CARTESIAN_POINT('',(-107.3528137423,107.35281374238,0.));
#722 = DIRECTION('',(0.,0.,1.));
#723 = DIRECTION('',(1.,0.,0.));
#724 = CYLINDRICAL_SURFACE('',#725,15.);
#725 = AXIS2_PLACEMENT_3D('',#726,#727,#728);
#726 = CARTESIAN_POINT('',(-107.3528137423,107.35281374238,0.));
#727 = DIRECTION('',(-0.,-0.,-1.));
#728 = DIRECTION('',(1.,0.,0.));
#729 = ADVANCED_FACE('',(#730),#746,.F.);
#730 = FACE_BOUND('',#731,.F.);
#731 = EDGE_LOOP('',(#732,#738,#739,#745));
#732 = ORIENTED_EDGE('',*,*,#733,.F.);
#733 = EDGE_CURVE('',#711,#629,#734,.T.);
#734 = LINE('',#735,#736);
#735 = CARTESIAN_POINT('',(-109.4741340859,92.503571337468,0.));
#736 = VECTOR('',#737,1.);
#737 = DIRECTION('',(0.707106781187,-0.707106781187,0.));
#738 = ORIENTED_EDGE('',*,*,#710,.T.);
#739 = ORIENTED_EDGE('',*,*,#740,.T.);
#740 = EDGE_CURVE('',#702,#638,#741,.T.);
#741 = LINE('',#742,#743);
#742 = CARTESIAN_POINT('',(-109.4741340859,92.503571337468,5.));
#743 = VECTOR('',#744,1.);
#744 = DIRECTION('',(0.707106781187,-0.707106781187,0.));
#745 = ORIENTED_EDGE('',*,*,#637,.T.);
#746 = PLANE('',#747);
#747 = AXIS2_PLACEMENT_3D('',#748,#749,#750);
#748 = CARTESIAN_POINT('',(-109.4741340859,92.503571337468,0.));
#749 = DIRECTION('',(0.707106781187,0.707106781187,0.));
#750 = DIRECTION('',(0.707106781187,-0.707106781187,0.));
#751 = ADVANCED_FACE('',(#752),#779,.F.);
#752 = FACE_BOUND('',#753,.F.);
#753 = EDGE_LOOP('',(#754,#755,#764,#772));
#754 = ORIENTED_EDGE('',*,*,#686,.T.);
#755 = ORIENTED_EDGE('',*,*,#756,.T.);
#756 = EDGE_CURVE('',#663,#757,#759,.T.);
#757 = VERTEX_POINT('',#758);
#758 = CARTESIAN_POINT('',(-22.5,45.491386809062,0.));
#759 = CIRCLE('',#760,5.);
#760 = AXIS2_PLACEMENT_3D('',#761,#762,#763);
#761 = CARTESIAN_POINT('',(-26.32683432365,48.70935807359,0.));
#762 = DIRECTION('',(0.,0.,1.));
#763 = DIRECTION('',(1.,0.,0.));
#764 = ORIENTED_EDGE('',*,*,#765,.F.);
#765 = EDGE_CURVE('',#766,#757,#768,.T.);
#766 = VERTEX_POINT('',#767);
#767 = CARTESIAN_POINT('',(-22.5,45.491386809062,5.));
#768 = LINE('',#769,#770);
#769 = CARTESIAN_POINT('',(-22.5,45.491386809062,5.));
#770 = VECTOR('',#771,1.);
#771 = DIRECTION('',(-0.,-0.,-1.));
#772 = ORIENTED_EDGE('',*,*,#773,.F.);
#773 = EDGE_CURVE('',#679,#766,#774,.T.);
#774 = CIRCLE('',#775,5.);
#775 = AXIS2_PLACEMENT_3D('',#776,#777,#778);
#776 = CARTESIAN_POINT('',(-26.32683432365,48.70935807359,5.));
#777 = DIRECTION('',(0.,0.,1.));
#778 = DIRECTION('',(1.,0.,0.));
#779 = CYLINDRICAL_SURFACE('',#780,5.);
#780 = AXIS2_PLACEMENT_3D('',#781,#782,#783);
#781 = CARTESIAN_POINT('',(-26.32683432365,48.70935807359,5.));
#782 = DIRECTION('',(0.,0.,1.));
#783 = DIRECTION('',(1.,0.,-0.));
#784 = ADVANCED_FACE('',(#785),#819,.F.);
#785 = FACE_BOUND('',#786,.F.);
#786 = EDGE_LOOP('',(#787,#797,#805,#813));
#787 = ORIENTED_EDGE('',*,*,#788,.F.);
#788 = EDGE_CURVE('',#789,#791,#793,.T.);
#789 = VERTEX_POINT('',#790);
#790 = CARTESIAN_POINT('',(22.500000000063,45.491386808987,0.));
#791 = VERTEX_POINT('',#792);
#792 = CARTESIAN_POINT('',(22.5,57.5,0.));
#793 = LINE('',#794,#795);
#794 = CARTESIAN_POINT('',(22.5,-62.5,0.));
#795 = VECTOR('',#796,1.);
#796 = DIRECTION('',(0.,1.,0.));
#797 = ORIENTED_EDGE('',*,*,#798,.F.);
#798 = EDGE_CURVE('',#799,#789,#801,.T.);
#799 = VERTEX_POINT('',#800);
#800 = CARTESIAN_POINT('',(22.500000000063,45.491386808987,5.));
#801 = LINE('',#802,#803);
#802 = CARTESIAN_POINT('',(22.500000000063,45.491386808987,5.));
#803 = VECTOR('',#804,1.);
#804 = DIRECTION('',(-0.,-0.,-1.));
#805 = ORIENTED_EDGE('',*,*,#806,.T.);
#806 = EDGE_CURVE('',#799,#807,#809,.T.);
#807 = VERTEX_POINT('',#808);
#808 = CARTESIAN_POINT('',(22.5,57.5,5.));
#809 = LINE('',#810,#811);
#810 = CARTESIAN_POINT('',(22.5,-62.5,5.));
#811 = VECTOR('',#812,1.);
#812 = DIRECTION('',(0.,1.,0.));
#813 = ORIENTED_EDGE('',*,*,#814,.T.);
#814 = EDGE_CURVE('',#807,#791,#815,.T.);
#815 = LINE('',#816,#817);
#816 = CARTESIAN_POINT('',(22.5,57.5,5.));
#817 = VECTOR('',#818,1.);
#818 = DIRECTION('',(-0.,-0.,-1.));
#819 = PLANE('',#820);
#820 = AXIS2_PLACEMENT_3D('',#821,#822,#823);
#821 = CARTESIAN_POINT('',(22.5,-62.5,0.));
#822 = DIRECTION('',(-1.,0.,0.));
#823 = DIRECTION('',(0.,1.,0.));
#824 = ADVANCED_FACE('',(#825),#852,.T.);
#825 = FACE_BOUND('',#826,.T.);
#826 = EDGE_LOOP('',(#827,#828,#837,#845));
#827 = ORIENTED_EDGE('',*,*,#814,.T.);
#828 = ORIENTED_EDGE('',*,*,#829,.T.);
#829 = EDGE_CURVE('',#791,#830,#832,.T.);
#830 = VERTEX_POINT('',#831);
#831 = CARTESIAN_POINT('',(17.5,62.5,0.));
#832 = CIRCLE('',#833,5.);
#833 = AXIS2_PLACEMENT_3D('',#834,#835,#836);
#834 = CARTESIAN_POINT('',(17.5,57.5,0.));
#835 = DIRECTION('',(0.,0.,1.));
#836 = DIRECTION('',(1.,0.,0.));
#837 = ORIENTED_EDGE('',*,*,#838,.F.);
#838 = EDGE_CURVE('',#839,#830,#841,.T.);
#839 = VERTEX_POINT('',#840);
#840 = CARTESIAN_POINT('',(17.5,62.5,5.));
#841 = LINE('',#842,#843);
#842 = CARTESIAN_POINT('',(17.5,62.5,5.));
#843 = VECTOR('',#844,1.);
#844 = DIRECTION('',(-0.,-0.,-1.));
#845 = ORIENTED_EDGE('',*,*,#846,.F.);
#846 = EDGE_CURVE('',#807,#839,#847,.T.);
#847 = CIRCLE('',#848,5.);
#848 = AXIS2_PLACEMENT_3D('',#849,#850,#851);
#849 = CARTESIAN_POINT('',(17.5,57.5,5.));
#850 = DIRECTION('',(0.,0.,1.));
#851 = DIRECTION('',(1.,0.,0.));
#852 = CYLINDRICAL_SURFACE('',#853,5.);
#853 = AXIS2_PLACEMENT_3D('',#854,#855,#856);
#854 = CARTESIAN_POINT('',(17.5,57.5,5.));
#855 = DIRECTION('',(0.,0.,1.));
#856 = DIRECTION('',(1.,0.,0.));
#857 = ADVANCED_FACE('',(#858),#883,.F.);
#858 = FACE_BOUND('',#859,.F.);
#859 = EDGE_LOOP('',(#860,#868,#869,#877));
#860 = ORIENTED_EDGE('',*,*,#861,.F.);
#861 = EDGE_CURVE('',#830,#862,#864,.T.);
#862 = VERTEX_POINT('',#863);
#863 = CARTESIAN_POINT('',(-17.5,62.5,0.));
#864 = LINE('',#865,#866);
#865 = CARTESIAN_POINT('',(22.5,62.5,0.));
#866 = VECTOR('',#867,1.);
#867 = DIRECTION('',(-1.,0.,0.));
#868 = ORIENTED_EDGE('',*,*,#838,.F.);
#869 = ORIENTED_EDGE('',*,*,#870,.T.);
#870 = EDGE_CURVE('',#839,#871,#873,.T.);
#871 = VERTEX_POINT('',#872);
#872 = CARTESIAN_POINT('',(-17.5,62.5,5.));
#873 = LINE('',#874,#875);
#874 = CARTESIAN_POINT('',(22.5,62.5,5.));
#875 = VECTOR('',#876,1.);
#876 = DIRECTION('',(-1.,0.,0.));
#877 = ORIENTED_EDGE('',*,*,#878,.T.);
#878 = EDGE_CURVE('',#871,#862,#879,.T.);
#879 = LINE('',#880,#881);
#880 = CARTESIAN_POINT('',(-17.5,62.5,5.));
#881 = VECTOR('',#882,1.);
#882 = DIRECTION('',(-0.,-0.,-1.));
#883 = PLANE('',#884);
#884 = AXIS2_PLACEMENT_3D('',#885,#886,#887);
#885 = CARTESIAN_POINT('',(22.5,62.5,0.));
#886 = DIRECTION('',(0.,-1.,0.));
#887 = DIRECTION('',(-1.,0.,0.));
#888 = ADVANCED_FACE('',(#889),#916,.T.);
#889 = FACE_BOUND('',#890,.T.);
#890 = EDGE_LOOP('',(#891,#892,#901,#909));
#891 = ORIENTED_EDGE('',*,*,#878,.T.);
#892 = ORIENTED_EDGE('',*,*,#893,.T.);
#893 = EDGE_CURVE('',#862,#894,#896,.T.);
#894 = VERTEX_POINT('',#895);
#895 = CARTESIAN_POINT('',(-22.5,57.5,0.));
#896 = CIRCLE('',#897,5.);
#897 = AXIS2_PLACEMENT_3D('',#898,#899,#900);
#898 = CARTESIAN_POINT('',(-17.5,57.5,0.));
#899 = DIRECTION('',(0.,0.,1.));
#900 = DIRECTION('',(1.,0.,0.));
#901 = ORIENTED_EDGE('',*,*,#902,.F.);
#902 = EDGE_CURVE('',#903,#894,#905,.T.);
#903 = VERTEX_POINT('',#904);
#904 = CARTESIAN_POINT('',(-22.5,57.5,5.));
#905 = LINE('',#906,#907);
#906 = CARTESIAN_POINT('',(-22.5,57.5,5.));
#907 = VECTOR('',#908,1.);
#908 = DIRECTION('',(-0.,-0.,-1.));
#909 = ORIENTED_EDGE('',*,*,#910,.F.);
#910 = EDGE_CURVE('',#871,#903,#911,.T.);
#911 = CIRCLE('',#912,5.);
#912 = AXIS2_PLACEMENT_3D('',#913,#914,#915);
#913 = CARTESIAN_POINT('',(-17.5,57.5,5.));
#914 = DIRECTION('',(0.,0.,1.));
#915 = DIRECTION('',(1.,0.,0.));
#916 = CYLINDRICAL_SURFACE('',#917,5.);
#917 = AXIS2_PLACEMENT_3D('',#918,#919,#920);
#918 = CARTESIAN_POINT('',(-17.5,57.5,5.));
#919 = DIRECTION('',(0.,0.,1.));
#920 = DIRECTION('',(1.,0.,0.));
#921 = ADVANCED_FACE('',(#922),#938,.T.);
#922 = FACE_BOUND('',#923,.T.);
#923 = EDGE_LOOP('',(#924,#930,#931,#937));
#924 = ORIENTED_EDGE('',*,*,#925,.F.);
#925 = EDGE_CURVE('',#903,#766,#926,.T.);
#926 = LINE('',#927,#928);
#927 = CARTESIAN_POINT('',(-22.5,62.5,5.));
#928 = VECTOR('',#929,1.);
#929 = DIRECTION('',(0.,-1.,0.));
#930 = ORIENTED_EDGE('',*,*,#902,.T.);
#931 = ORIENTED_EDGE('',*,*,#932,.T.);
#932 = EDGE_CURVE('',#894,#757,#933,.T.);
#933 = LINE('',#934,#935);
#934 = CARTESIAN_POINT('',(-22.5,62.5,0.));
#935 = VECTOR('',#936,1.);
#936 = DIRECTION('',(0.,-1.,0.));
#937 = ORIENTED_EDGE('',*,*,#765,.F.);
#938 = PLANE('',#939);
#939 = AXIS2_PLACEMENT_3D('',#940,#941,#942);
#940 = CARTESIAN_POINT('',(-22.5,0.,2.5));
#941 = DIRECTION('',(-1.,-0.,-0.));
#942 = DIRECTION('',(0.,0.,-1.));
#943 = ADVANCED_FACE('',(#944),#962,.F.);
#944 = FACE_BOUND('',#945,.F.);
#945 = EDGE_LOOP('',(#946,#947,#954,#955));
#946 = ORIENTED_EDGE('',*,*,#798,.T.);
#947 = ORIENTED_EDGE('',*,*,#948,.T.);
#948 = EDGE_CURVE('',#789,#149,#949,.T.);
#949 = CIRCLE('',#950,5.);
#950 = AXIS2_PLACEMENT_3D('',#951,#952,#953);
#951 = CARTESIAN_POINT('',(26.326834323651,48.70935807359,0.));
#952 = DIRECTION('',(0.,0.,1.));
#953 = DIRECTION('',(1.,0.,0.));
#954 = ORIENTED_EDGE('',*,*,#165,.F.);
#955 = ORIENTED_EDGE('',*,*,#956,.F.);
#956 = EDGE_CURVE('',#799,#158,#957,.T.);
#957 = CIRCLE('',#958,5.);
#958 = AXIS2_PLACEMENT_3D('',#959,#960,#961);
#959 = CARTESIAN_POINT('',(26.326834323651,48.70935807359,5.));
#960 = DIRECTION('',(0.,0.,1.));
#961 = DIRECTION('',(1.,0.,0.));
#962 = CYLINDRICAL_SURFACE('',#963,5.);
#963 = AXIS2_PLACEMENT_3D('',#964,#965,#966);
#964 = CARTESIAN_POINT('',(26.326834323651,48.70935807359,5.));
#965 = DIRECTION('',(0.,0.,1.));
#966 = DIRECTION('',(1.,0.,-0.));
#967 = ADVANCED_FACE('',(#968,#998,#1009,#1020,#1031,#1042,#1053,#1064,
    #1075,#1086,#1097,#1108,#1119,#1130,#1141,#1152,#1163,#1174,#1185,
    #1196,#1207,#1218,#1229,#1240,#1251,#1262,#1273,#1284,#1295),#1306,
  .T.);
#968 = FACE_BOUND('',#969,.T.);
#969 = EDGE_LOOP('',(#970,#971,#972,#973,#974,#975,#976,#977,#978,#979,
    #980,#981,#982,#983,#984,#985,#986,#987,#988,#989,#990,#991,#992,
    #993,#994,#995,#996,#997));
#970 = ORIENTED_EDGE('',*,*,#932,.F.);
#971 = ORIENTED_EDGE('',*,*,#893,.F.);
#972 = ORIENTED_EDGE('',*,*,#861,.F.);
#973 = ORIENTED_EDGE('',*,*,#829,.F.);
#974 = ORIENTED_EDGE('',*,*,#788,.F.);
#975 = ORIENTED_EDGE('',*,*,#948,.T.);
#976 = ORIENTED_EDGE('',*,*,#148,.F.);
#977 = ORIENTED_EDGE('',*,*,#133,.F.);
#978 = ORIENTED_EDGE('',*,*,#75,.T.);
#979 = ORIENTED_EDGE('',*,*,#180,.T.);
#980 = ORIENTED_EDGE('',*,*,#285,.F.);
#981 = ORIENTED_EDGE('',*,*,#270,.F.);
#982 = ORIENTED_EDGE('',*,*,#212,.T.);
#983 = ORIENTED_EDGE('',*,*,#308,.T.);
#984 = ORIENTED_EDGE('',*,*,#477,.F.);
#985 = ORIENTED_EDGE('',*,*,#381,.F.);
#986 = ORIENTED_EDGE('',*,*,#340,.F.);
#987 = ORIENTED_EDGE('',*,*,#423,.F.);
#988 = ORIENTED_EDGE('',*,*,#456,.F.);
#989 = ORIENTED_EDGE('',*,*,#500,.T.);
#990 = ORIENTED_EDGE('',*,*,#605,.F.);
#991 = ORIENTED_EDGE('',*,*,#590,.F.);
#992 = ORIENTED_EDGE('',*,*,#532,.T.);
#993 = ORIENTED_EDGE('',*,*,#628,.T.);
#994 = ORIENTED_EDGE('',*,*,#733,.F.);
#995 = ORIENTED_EDGE('',*,*,#718,.F.);
#996 = ORIENTED_EDGE('',*,*,#660,.T.);
#997 = ORIENTED_EDGE('',*,*,#756,.T.);
#998 = FACE_BOUND('',#999,.T.);
#999 = EDGE_LOOP('',(#1000));
#1000 = ORIENTED_EDGE('',*,*,#1001,.T.);
#1001 = EDGE_CURVE('',#1002,#1002,#1004,.T.);
#1002 = VERTEX_POINT('',#1003);
#1003 = CARTESIAN_POINT('',(112.35281374238,-107.3528137423,0.));
#1004 = CIRCLE('',#1005,5.);
#1005 = AXIS2_PLACEMENT_3D('',#1006,#1007,#1008);
#1006 = CARTESIAN_POINT('',(107.35281374238,-107.3528137423,0.));
#1007 = DIRECTION('',(0.,0.,1.));
#1008 = DIRECTION('',(1.,0.,0.));
#1009 = FACE_BOUND('',#1010,.T.);
#1010 = EDGE_LOOP('',(#1011));
#1011 = ORIENTED_EDGE('',*,*,#1012,.T.);
#1012 = EDGE_CURVE('',#1013,#1013,#1015,.T.);
#1013 = VERTEX_POINT('',#1014);
#1014 = CARTESIAN_POINT('',(-102.3528137423,107.35281374238,0.));
#1015 = CIRCLE('',#1016,5.);
#1016 = AXIS2_PLACEMENT_3D('',#1017,#1018,#1019);
#1017 = CARTESIAN_POINT('',(-107.3528137423,107.35281374238,0.));
#1018 = DIRECTION('',(0.,0.,1.));
#1019 = DIRECTION('',(1.,0.,0.));
#1020 = FACE_BOUND('',#1021,.T.);
#1021 = EDGE_LOOP('',(#1022));
#1022 = ORIENTED_EDGE('',*,*,#1023,.T.);
#1023 = EDGE_CURVE('',#1024,#1024,#1026,.T.);
#1024 = VERTEX_POINT('',#1025);
#1025 = CARTESIAN_POINT('',(112.35281374238,107.35281374238,0.));
#1026 = CIRCLE('',#1027,5.);
#1027 = AXIS2_PLACEMENT_3D('',#1028,#1029,#1030);
#1028 = CARTESIAN_POINT('',(107.35281374238,107.35281374238,0.));
#1029 = DIRECTION('',(0.,0.,1.));
#1030 = DIRECTION('',(1.,0.,0.));
#1031 = FACE_BOUND('',#1032,.T.);
#1032 = EDGE_LOOP('',(#1033));
#1033 = ORIENTED_EDGE('',*,*,#1034,.T.);
#1034 = EDGE_CURVE('',#1035,#1035,#1037,.T.);
#1035 = VERTEX_POINT('',#1036);
#1036 = CARTESIAN_POINT('',(-102.3528137423,-107.3528137423,0.));
#1037 = CIRCLE('',#1038,5.);
#1038 = AXIS2_PLACEMENT_3D('',#1039,#1040,#1041);
#1039 = CARTESIAN_POINT('',(-107.3528137423,-107.3528137423,0.));
#1040 = DIRECTION('',(0.,0.,1.));
#1041 = DIRECTION('',(1.,0.,0.));
#1042 = FACE_BOUND('',#1043,.T.);
#1043 = EDGE_LOOP('',(#1044));
#1044 = ORIENTED_EDGE('',*,*,#1045,.T.);
#1045 = EDGE_CURVE('',#1046,#1046,#1048,.T.);
#1046 = VERTEX_POINT('',#1047);
#1047 = CARTESIAN_POINT('',(108.95281374238,-114.9528137423,0.));
#1048 = CIRCLE('',#1049,1.6);
#1049 = AXIS2_PLACEMENT_3D('',#1050,#1051,#1052);
#1050 = CARTESIAN_POINT('',(107.35281374238,-114.9528137423,0.));
#1051 = DIRECTION('',(0.,0.,1.));
#1052 = DIRECTION('',(1.,0.,0.));
#1053 = FACE_BOUND('',#1054,.T.);
#1054 = EDGE_LOOP('',(#1055));
#1055 = ORIENTED_EDGE('',*,*,#1056,.T.);
#1056 = EDGE_CURVE('',#1057,#1057,#1059,.T.);
#1057 = VERTEX_POINT('',#1058);
#1058 = CARTESIAN_POINT('',(-105.7528137423,114.95281374238,0.));
#1059 = CIRCLE('',#1060,1.6);
#1060 = AXIS2_PLACEMENT_3D('',#1061,#1062,#1063);
#1061 = CARTESIAN_POINT('',(-107.3528137423,114.95281374238,0.));
#1062 = DIRECTION('',(0.,0.,1.));
#1063 = DIRECTION('',(1.,0.,0.));
#1064 = FACE_BOUND('',#1065,.T.);
#1065 = EDGE_LOOP('',(#1066));
#1066 = ORIENTED_EDGE('',*,*,#1067,.T.);
#1067 = EDGE_CURVE('',#1068,#1068,#1070,.T.);
#1068 = VERTEX_POINT('',#1069);
#1069 = CARTESIAN_POINT('',(-114.8528137423,107.35281374238,0.));
#1070 = CIRCLE('',#1071,1.6);
#1071 = AXIS2_PLACEMENT_3D('',#1072,#1073,#1074);
#1072 = CARTESIAN_POINT('',(-116.4528137423,107.35281374238,0.));
#1073 = DIRECTION('',(0.,0.,1.));
#1074 = DIRECTION('',(1.,0.,0.));
#1075 = FACE_BOUND('',#1076,.T.);
#1076 = EDGE_LOOP('',(#1077));
#1077 = ORIENTED_EDGE('',*,*,#1078,.T.);
#1078 = EDGE_CURVE('',#1079,#1079,#1081,.T.);
#1079 = VERTEX_POINT('',#1080);
#1080 = CARTESIAN_POINT('',(-96.65281374238,107.35281374238,0.));
#1081 = CIRCLE('',#1082,1.6);
#1082 = AXIS2_PLACEMENT_3D('',#1083,#1084,#1085);
#1083 = CARTESIAN_POINT('',(-98.25281374238,107.35281374238,0.));
#1084 = DIRECTION('',(0.,0.,1.));
#1085 = DIRECTION('',(1.,0.,0.));
#1086 = FACE_BOUND('',#1087,.T.);
#1087 = EDGE_LOOP('',(#1088));
#1088 = ORIENTED_EDGE('',*,*,#1089,.T.);
#1089 = EDGE_CURVE('',#1090,#1090,#1092,.T.);
#1090 = VERTEX_POINT('',#1091);
#1091 = CARTESIAN_POINT('',(-105.7528137423,99.752813742386,0.));
#1092 = CIRCLE('',#1093,1.6);
#1093 = AXIS2_PLACEMENT_3D('',#1094,#1095,#1096);
#1094 = CARTESIAN_POINT('',(-107.3528137423,99.752813742386,0.));
#1095 = DIRECTION('',(0.,0.,1.));
#1096 = DIRECTION('',(1.,0.,0.));
#1097 = FACE_BOUND('',#1098,.T.);
#1098 = EDGE_LOOP('',(#1099));
#1099 = ORIENTED_EDGE('',*,*,#1100,.T.);
#1100 = EDGE_CURVE('',#1101,#1101,#1103,.T.);
#1101 = VERTEX_POINT('',#1102);
#1102 = CARTESIAN_POINT('',(101.35281374238,107.35281374238,0.));
#1103 = CIRCLE('',#1104,1.6);
#1104 = AXIS2_PLACEMENT_3D('',#1105,#1106,#1107);
#1105 = CARTESIAN_POINT('',(99.752813742386,107.35281374238,0.));
#1106 = DIRECTION('',(0.,0.,1.));
#1107 = DIRECTION('',(1.,0.,0.));
#1108 = FACE_BOUND('',#1109,.T.);
#1109 = EDGE_LOOP('',(#1110));
#1110 = ORIENTED_EDGE('',*,*,#1111,.T.);
#1111 = EDGE_CURVE('',#1112,#1112,#1114,.T.);
#1112 = VERTEX_POINT('',#1113);
#1113 = CARTESIAN_POINT('',(108.95281374238,116.45281374238,0.));
#1114 = CIRCLE('',#1115,1.6);
#1115 = AXIS2_PLACEMENT_3D('',#1116,#1117,#1118);
#1116 = CARTESIAN_POINT('',(107.35281374238,116.45281374238,0.));
#1117 = DIRECTION('',(0.,0.,1.));
#1118 = DIRECTION('',(1.,0.,0.));
#1119 = FACE_BOUND('',#1120,.T.);
#1120 = EDGE_LOOP('',(#1121));
#1121 = ORIENTED_EDGE('',*,*,#1122,.T.);
#1122 = EDGE_CURVE('',#1123,#1123,#1125,.T.);
#1123 = VERTEX_POINT('',#1124);
#1124 = CARTESIAN_POINT('',(116.55281374238,107.35281374238,0.));
#1125 = CIRCLE('',#1126,1.6);
#1126 = AXIS2_PLACEMENT_3D('',#1127,#1128,#1129);
#1127 = CARTESIAN_POINT('',(114.95281374238,107.35281374238,0.));
#1128 = DIRECTION('',(0.,0.,1.));
#1129 = DIRECTION('',(1.,0.,0.));
#1130 = FACE_BOUND('',#1131,.T.);
#1131 = EDGE_LOOP('',(#1132));
#1132 = ORIENTED_EDGE('',*,*,#1133,.T.);
#1133 = EDGE_CURVE('',#1134,#1134,#1136,.T.);
#1134 = VERTEX_POINT('',#1135);
#1135 = CARTESIAN_POINT('',(108.95281374238,98.252813742386,0.));
#1136 = CIRCLE('',#1137,1.6);
#1137 = AXIS2_PLACEMENT_3D('',#1138,#1139,#1140);
#1138 = CARTESIAN_POINT('',(107.35281374238,98.252813742386,0.));
#1139 = DIRECTION('',(0.,0.,1.));
#1140 = DIRECTION('',(1.,0.,0.));
#1141 = FACE_BOUND('',#1142,.T.);
#1142 = EDGE_LOOP('',(#1143));
#1143 = ORIENTED_EDGE('',*,*,#1144,.T.);
#1144 = EDGE_CURVE('',#1145,#1145,#1147,.T.);
#1145 = VERTEX_POINT('',#1146);
#1146 = CARTESIAN_POINT('',(-105.7528137423,-98.25281374238,0.));
#1147 = CIRCLE('',#1148,1.6);
#1148 = AXIS2_PLACEMENT_3D('',#1149,#1150,#1151);
#1149 = CARTESIAN_POINT('',(-107.3528137423,-98.25281374238,0.));
#1150 = DIRECTION('',(0.,0.,1.));
#1151 = DIRECTION('',(1.,0.,0.));
#1152 = FACE_BOUND('',#1153,.T.);
#1153 = EDGE_LOOP('',(#1154));
#1154 = ORIENTED_EDGE('',*,*,#1155,.T.);
#1155 = EDGE_CURVE('',#1156,#1156,#1158,.T.);
#1156 = VERTEX_POINT('',#1157);
#1157 = CARTESIAN_POINT('',(-113.3528137423,-107.3528137423,0.));
#1158 = CIRCLE('',#1159,1.6);
#1159 = AXIS2_PLACEMENT_3D('',#1160,#1161,#1162);
#1160 = CARTESIAN_POINT('',(-114.9528137423,-107.3528137423,0.));
#1161 = DIRECTION('',(0.,0.,1.));
#1162 = DIRECTION('',(1.,0.,0.));
#1163 = FACE_BOUND('',#1164,.T.);
#1164 = EDGE_LOOP('',(#1165));
#1165 = ORIENTED_EDGE('',*,*,#1166,.T.);
#1166 = EDGE_CURVE('',#1167,#1167,#1169,.T.);
#1167 = VERTEX_POINT('',#1168);
#1168 = CARTESIAN_POINT('',(-105.7528137423,-116.4528137423,0.));
#1169 = CIRCLE('',#1170,1.6);
#1170 = AXIS2_PLACEMENT_3D('',#1171,#1172,#1173);
#1171 = CARTESIAN_POINT('',(-107.3528137423,-116.4528137423,0.));
#1172 = DIRECTION('',(0.,0.,1.));
#1173 = DIRECTION('',(1.,0.,0.));
#1174 = FACE_BOUND('',#1175,.T.);
#1175 = EDGE_LOOP('',(#1176));
#1176 = ORIENTED_EDGE('',*,*,#1177,.T.);
#1177 = EDGE_CURVE('',#1178,#1178,#1180,.T.);
#1178 = VERTEX_POINT('',#1179);
#1179 = CARTESIAN_POINT('',(-98.15281374238,-107.3528137423,0.));
#1180 = CIRCLE('',#1181,1.6);
#1181 = AXIS2_PLACEMENT_3D('',#1182,#1183,#1184);
#1182 = CARTESIAN_POINT('',(-99.75281374238,-107.3528137423,0.));
#1183 = DIRECTION('',(0.,0.,1.));
#1184 = DIRECTION('',(1.,0.,0.));
#1185 = FACE_BOUND('',#1186,.T.);
#1186 = EDGE_LOOP('',(#1187));
#1187 = ORIENTED_EDGE('',*,*,#1188,.T.);
#1188 = EDGE_CURVE('',#1189,#1189,#1191,.T.);
#1189 = VERTEX_POINT('',#1190);
#1190 = CARTESIAN_POINT('',(108.95281374238,-99.75281374238,0.));
#1191 = CIRCLE('',#1192,1.6);
#1192 = AXIS2_PLACEMENT_3D('',#1193,#1194,#1195);
#1193 = CARTESIAN_POINT('',(107.35281374238,-99.75281374238,0.));
#1194 = DIRECTION('',(0.,0.,1.));
#1195 = DIRECTION('',(1.,0.,0.));
#1196 = FACE_BOUND('',#1197,.T.);
#1197 = EDGE_LOOP('',(#1198));
#1198 = ORIENTED_EDGE('',*,*,#1199,.T.);
#1199 = EDGE_CURVE('',#1200,#1200,#1202,.T.);
#1200 = VERTEX_POINT('',#1201);
#1201 = CARTESIAN_POINT('',(99.852813742386,-107.3528137423,0.));
#1202 = CIRCLE('',#1203,1.6);
#1203 = AXIS2_PLACEMENT_3D('',#1204,#1205,#1206);
#1204 = CARTESIAN_POINT('',(98.252813742386,-107.3528137423,0.));
#1205 = DIRECTION('',(0.,0.,1.));
#1206 = DIRECTION('',(1.,0.,0.));
#1207 = FACE_BOUND('',#1208,.T.);
#1208 = EDGE_LOOP('',(#1209));
#1209 = ORIENTED_EDGE('',*,*,#1210,.T.);
#1210 = EDGE_CURVE('',#1211,#1211,#1213,.T.);
#1211 = VERTEX_POINT('',#1212);
#1212 = CARTESIAN_POINT('',(118.05281374238,-107.3528137423,0.));
#1213 = CIRCLE('',#1214,1.6);
#1214 = AXIS2_PLACEMENT_3D('',#1215,#1216,#1217);
#1215 = CARTESIAN_POINT('',(116.45281374238,-107.3528137423,0.));
#1216 = DIRECTION('',(0.,0.,1.));
#1217 = DIRECTION('',(1.,0.,0.));
#1218 = FACE_BOUND('',#1219,.T.);
#1219 = EDGE_LOOP('',(#1220));
#1220 = ORIENTED_EDGE('',*,*,#1221,.T.);
#1221 = EDGE_CURVE('',#1222,#1222,#1224,.T.);
#1222 = VERTEX_POINT('',#1223);
#1223 = CARTESIAN_POINT('',(-13.4,-12.5,0.));
#1224 = CIRCLE('',#1225,1.6);
#1225 = AXIS2_PLACEMENT_3D('',#1226,#1227,#1228);
#1226 = CARTESIAN_POINT('',(-15.,-12.5,0.));
#1227 = DIRECTION('',(0.,0.,1.));
#1228 = DIRECTION('',(1.,0.,0.));
#1229 = FACE_BOUND('',#1230,.T.);
#1230 = EDGE_LOOP('',(#1231));
#1231 = ORIENTED_EDGE('',*,*,#1232,.T.);
#1232 = EDGE_CURVE('',#1233,#1233,#1235,.T.);
#1233 = VERTEX_POINT('',#1234);
#1234 = CARTESIAN_POINT('',(16.6,-12.5,0.));
#1235 = CIRCLE('',#1236,1.6);
#1236 = AXIS2_PLACEMENT_3D('',#1237,#1238,#1239);
#1237 = CARTESIAN_POINT('',(15.,-12.5,0.));
#1238 = DIRECTION('',(0.,0.,1.));
#1239 = DIRECTION('',(1.,0.,0.));
#1240 = FACE_BOUND('',#1241,.T.);
#1241 = EDGE_LOOP('',(#1242));
#1242 = ORIENTED_EDGE('',*,*,#1243,.T.);
#1243 = EDGE_CURVE('',#1244,#1244,#1246,.T.);
#1244 = VERTEX_POINT('',#1245);
#1245 = CARTESIAN_POINT('',(-13.4,-55.,0.));
#1246 = CIRCLE('',#1247,1.6);
#1247 = AXIS2_PLACEMENT_3D('',#1248,#1249,#1250);
#1248 = CARTESIAN_POINT('',(-15.,-55.,0.));
#1249 = DIRECTION('',(0.,0.,1.));
#1250 = DIRECTION('',(1.,0.,0.));
#1251 = FACE_BOUND('',#1252,.T.);
#1252 = EDGE_LOOP('',(#1253));
#1253 = ORIENTED_EDGE('',*,*,#1254,.T.);
#1254 = EDGE_CURVE('',#1255,#1255,#1257,.T.);
#1255 = VERTEX_POINT('',#1256);
#1256 = CARTESIAN_POINT('',(-13.4,-25.,0.));
#1257 = CIRCLE('',#1258,1.6);
#1258 = AXIS2_PLACEMENT_3D('',#1259,#1260,#1261);
#1259 = CARTESIAN_POINT('',(-15.,-25.,0.));
#1260 = DIRECTION('',(0.,0.,1.));
#1261 = DIRECTION('',(1.,0.,0.));
#1262 = FACE_BOUND('',#1263,.T.);
#1263 = EDGE_LOOP('',(#1264));
#1264 = ORIENTED_EDGE('',*,*,#1265,.T.);
#1265 = EDGE_CURVE('',#1266,#1266,#1268,.T.);
#1266 = VERTEX_POINT('',#1267);
#1267 = CARTESIAN_POINT('',(-13.4,17.5,0.));
#1268 = CIRCLE('',#1269,1.6);
#1269 = AXIS2_PLACEMENT_3D('',#1270,#1271,#1272);
#1270 = CARTESIAN_POINT('',(-15.,17.5,0.));
#1271 = DIRECTION('',(0.,0.,1.));
#1272 = DIRECTION('',(1.,0.,0.));
#1273 = FACE_BOUND('',#1274,.T.);
#1274 = EDGE_LOOP('',(#1275));
#1275 = ORIENTED_EDGE('',*,*,#1276,.T.);
#1276 = EDGE_CURVE('',#1277,#1277,#1279,.T.);
#1277 = VERTEX_POINT('',#1278);
#1278 = CARTESIAN_POINT('',(16.6,17.5,0.));
#1279 = CIRCLE('',#1280,1.6);
#1280 = AXIS2_PLACEMENT_3D('',#1281,#1282,#1283);
#1281 = CARTESIAN_POINT('',(15.,17.5,0.));
#1282 = DIRECTION('',(0.,0.,1.));
#1283 = DIRECTION('',(1.,0.,0.));
#1284 = FACE_BOUND('',#1285,.T.);
#1285 = EDGE_LOOP('',(#1286));
#1286 = ORIENTED_EDGE('',*,*,#1287,.T.);
#1287 = EDGE_CURVE('',#1288,#1288,#1290,.T.);
#1288 = VERTEX_POINT('',#1289);
#1289 = CARTESIAN_POINT('',(16.6,-25.,0.));
#1290 = CIRCLE('',#1291,1.6);
#1291 = AXIS2_PLACEMENT_3D('',#1292,#1293,#1294);
#1292 = CARTESIAN_POINT('',(15.,-25.,0.));
#1293 = DIRECTION('',(0.,0.,1.));
#1294 = DIRECTION('',(1.,0.,0.));
#1295 = FACE_BOUND('',#1296,.T.);
#1296 = EDGE_LOOP('',(#1297));
#1297 = ORIENTED_EDGE('',*,*,#1298,.T.);
#1298 = EDGE_CURVE('',#1299,#1299,#1301,.T.);
#1299 = VERTEX_POINT('',#1300);
#1300 = CARTESIAN_POINT('',(16.6,-55.,0.));
#1301 = CIRCLE('',#1302,1.6);
#1302 = AXIS2_PLACEMENT_3D('',#1303,#1304,#1305);
#1303 = CARTESIAN_POINT('',(15.,-55.,0.));
#1304 = DIRECTION('',(0.,0.,1.));
#1305 = DIRECTION('',(1.,0.,0.));
#1306 = PLANE('',#1307);
#1307 = AXIS2_PLACEMENT_3D('',#1308,#1309,#1310);
#1308 = CARTESIAN_POINT('',(-1.538198E-10,-2.23775274E-09,0.));
#1309 = DIRECTION('',(-0.,-0.,-1.));
#1310 = DIRECTION('',(-1.,0.,0.));
#1311 = ADVANCED_FACE('',(#1312),#1331,.F.);
#1312 = FACE_BOUND('',#1313,.T.);
#1313 = EDGE_LOOP('',(#1314,#1322,#1329,#1330));
#1314 = ORIENTED_EDGE('',*,*,#1315,.T.);
#1315 = EDGE_CURVE('',#1002,#1316,#1318,.T.);
#1316 = VERTEX_POINT('',#1317);
#1317 = CARTESIAN_POINT('',(112.35281374238,-107.3528137423,5.));
#1318 = LINE('',#1319,#1320);
#1319 = CARTESIAN_POINT('',(112.35281374238,-107.3528137423,0.));
#1320 = VECTOR('',#1321,1.);
#1321 = DIRECTION('',(0.,0.,1.));
#1322 = ORIENTED_EDGE('',*,*,#1323,.T.);
#1323 = EDGE_CURVE('',#1316,#1316,#1324,.T.);
#1324 = CIRCLE('',#1325,5.);
#1325 = AXIS2_PLACEMENT_3D('',#1326,#1327,#1328);
#1326 = CARTESIAN_POINT('',(107.35281374238,-107.3528137423,5.));
#1327 = DIRECTION('',(0.,0.,1.));
#1328 = DIRECTION('',(1.,0.,0.));
#1329 = ORIENTED_EDGE('',*,*,#1315,.F.);
#1330 = ORIENTED_EDGE('',*,*,#1001,.F.);
#1331 = CYLINDRICAL_SURFACE('',#1332,5.);
#1332 = AXIS2_PLACEMENT_3D('',#1333,#1334,#1335);
#1333 = CARTESIAN_POINT('',(107.35281374238,-107.3528137423,0.));
#1334 = DIRECTION('',(-0.,-0.,-1.));
#1335 = DIRECTION('',(1.,0.,0.));
#1336 = ADVANCED_FACE('',(#1337),#1356,.F.);
#1337 = FACE_BOUND('',#1338,.T.);
#1338 = EDGE_LOOP('',(#1339,#1347,#1354,#1355));
#1339 = ORIENTED_EDGE('',*,*,#1340,.T.);
#1340 = EDGE_CURVE('',#1013,#1341,#1343,.T.);
#1341 = VERTEX_POINT('',#1342);
#1342 = CARTESIAN_POINT('',(-102.3528137423,107.35281374238,5.));
#1343 = LINE('',#1344,#1345);
#1344 = CARTESIAN_POINT('',(-102.3528137423,107.35281374238,0.));
#1345 = VECTOR('',#1346,1.);
#1346 = DIRECTION('',(0.,0.,1.));
#1347 = ORIENTED_EDGE('',*,*,#1348,.T.);
#1348 = EDGE_CURVE('',#1341,#1341,#1349,.T.);
#1349 = CIRCLE('',#1350,5.);
#1350 = AXIS2_PLACEMENT_3D('',#1351,#1352,#1353);
#1351 = CARTESIAN_POINT('',(-107.3528137423,107.35281374238,5.));
#1352 = DIRECTION('',(0.,0.,1.));
#1353 = DIRECTION('',(1.,0.,0.));
#1354 = ORIENTED_EDGE('',*,*,#1340,.F.);
#1355 = ORIENTED_EDGE('',*,*,#1012,.F.);
#1356 = CYLINDRICAL_SURFACE('',#1357,5.);
#1357 = AXIS2_PLACEMENT_3D('',#1358,#1359,#1360);
#1358 = CARTESIAN_POINT('',(-107.3528137423,107.35281374238,0.));
#1359 = DIRECTION('',(-0.,-0.,-1.));
#1360 = DIRECTION('',(1.,0.,0.));
#1361 = ADVANCED_FACE('',(#1362),#1381,.F.);
#1362 = FACE_BOUND('',#1363,.T.);
#1363 = EDGE_LOOP('',(#1364,#1372,#1379,#1380));
#1364 = ORIENTED_EDGE('',*,*,#1365,.T.);
#1365 = EDGE_CURVE('',#1024,#1366,#1368,.T.);
#1366 = VERTEX_POINT('',#1367);
#1367 = CARTESIAN_POINT('',(112.35281374238,107.35281374238,5.));
#1368 = LINE('',#1369,#1370);
#1369 = CARTESIAN_POINT('',(112.35281374238,107.35281374238,0.));
#1370 = VECTOR('',#1371,1.);
#1371 = DIRECTION('',(0.,0.,1.));
#1372 = ORIENTED_EDGE('',*,*,#1373,.T.);
#1373 = EDGE_CURVE('',#1366,#1366,#1374,.T.);
#1374 = CIRCLE('',#1375,5.);
#1375 = AXIS2_PLACEMENT_3D('',#1376,#1377,#1378);
#1376 = CARTESIAN_POINT('',(107.35281374238,107.35281374238,5.));
#1377 = DIRECTION('',(0.,0.,1.));
#1378 = DIRECTION('',(1.,0.,0.));
#1379 = ORIENTED_EDGE('',*,*,#1365,.F.);
#1380 = ORIENTED_EDGE('',*,*,#1023,.F.);
#1381 = CYLINDRICAL_SURFACE('',#1382,5.);
#1382 = AXIS2_PLACEMENT_3D('',#1383,#1384,#1385);
#1383 = CARTESIAN_POINT('',(107.35281374238,107.35281374238,0.));
#1384 = DIRECTION('',(-0.,-0.,-1.));
#1385 = DIRECTION('',(1.,0.,0.));
#1386 = ADVANCED_FACE('',(#1387),#1406,.F.);
#1387 = FACE_BOUND('',#1388,.T.);
#1388 = EDGE_LOOP('',(#1389,#1397,#1404,#1405));
#1389 = ORIENTED_EDGE('',*,*,#1390,.T.);
#1390 = EDGE_CURVE('',#1035,#1391,#1393,.T.);
#1391 = VERTEX_POINT('',#1392);
#1392 = CARTESIAN_POINT('',(-102.3528137423,-107.3528137423,5.));
#1393 = LINE('',#1394,#1395);
#1394 = CARTESIAN_POINT('',(-102.3528137423,-107.3528137423,0.));
#1395 = VECTOR('',#1396,1.);
#1396 = DIRECTION('',(0.,0.,1.));
#1397 = ORIENTED_EDGE('',*,*,#1398,.T.);
#1398 = EDGE_CURVE('',#1391,#1391,#1399,.T.);
#1399 = CIRCLE('',#1400,5.);
#1400 = AXIS2_PLACEMENT_3D('',#1401,#1402,#1403);
#1401 = CARTESIAN_POINT('',(-107.3528137423,-107.3528137423,5.));
#1402 = DIRECTION('',(0.,0.,1.));
#1403 = DIRECTION('',(1.,0.,0.));
#1404 = ORIENTED_EDGE('',*,*,#1390,.F.);
#1405 = ORIENTED_EDGE('',*,*,#1034,.F.);
#1406 = CYLINDRICAL_SURFACE('',#1407,5.);
#1407 = AXIS2_PLACEMENT_3D('',#1408,#1409,#1410);
#1408 = CARTESIAN_POINT('',(-107.3528137423,-107.3528137423,0.));
#1409 = DIRECTION('',(-0.,-0.,-1.));
#1410 = DIRECTION('',(1.,0.,0.));
#1411 = ADVANCED_FACE('',(#1412),#1431,.F.);
#1412 = FACE_BOUND('',#1413,.T.);
#1413 = EDGE_LOOP('',(#1414,#1422,#1429,#1430));
#1414 = ORIENTED_EDGE('',*,*,#1415,.T.);
#1415 = EDGE_CURVE('',#1046,#1416,#1418,.T.);
#1416 = VERTEX_POINT('',#1417);
#1417 = CARTESIAN_POINT('',(108.95281374238,-114.9528137423,5.));
#1418 = LINE('',#1419,#1420);
#1419 = CARTESIAN_POINT('',(108.95281374238,-114.9528137423,0.));
#1420 = VECTOR('',#1421,1.);
#1421 = DIRECTION('',(0.,0.,1.));
#1422 = ORIENTED_EDGE('',*,*,#1423,.T.);
#1423 = EDGE_CURVE('',#1416,#1416,#1424,.T.);
#1424 = CIRCLE('',#1425,1.6);
#1425 = AXIS2_PLACEMENT_3D('',#1426,#1427,#1428);
#1426 = CARTESIAN_POINT('',(107.35281374238,-114.9528137423,5.));
#1427 = DIRECTION('',(0.,0.,1.));
#1428 = DIRECTION('',(1.,0.,0.));
#1429 = ORIENTED_EDGE('',*,*,#1415,.F.);
#1430 = ORIENTED_EDGE('',*,*,#1045,.F.);
#1431 = CYLINDRICAL_SURFACE('',#1432,1.6);
#1432 = AXIS2_PLACEMENT_3D('',#1433,#1434,#1435);
#1433 = CARTESIAN_POINT('',(107.35281374238,-114.9528137423,0.));
#1434 = DIRECTION('',(-0.,-0.,-1.));
#1435 = DIRECTION('',(1.,0.,0.));
#1436 = ADVANCED_FACE('',(#1437),#1456,.F.);
#1437 = FACE_BOUND('',#1438,.T.);
#1438 = EDGE_LOOP('',(#1439,#1447,#1454,#1455));
#1439 = ORIENTED_EDGE('',*,*,#1440,.T.);
#1440 = EDGE_CURVE('',#1057,#1441,#1443,.T.);
#1441 = VERTEX_POINT('',#1442);
#1442 = CARTESIAN_POINT('',(-105.7528137423,114.95281374238,5.));
#1443 = LINE('',#1444,#1445);
#1444 = CARTESIAN_POINT('',(-105.7528137423,114.95281374238,0.));
#1445 = VECTOR('',#1446,1.);
#1446 = DIRECTION('',(0.,0.,1.));
#1447 = ORIENTED_EDGE('',*,*,#1448,.T.);
#1448 = EDGE_CURVE('',#1441,#1441,#1449,.T.);
#1449 = CIRCLE('',#1450,1.6);
#1450 = AXIS2_PLACEMENT_3D('',#1451,#1452,#1453);
#1451 = CARTESIAN_POINT('',(-107.3528137423,114.95281374238,5.));
#1452 = DIRECTION('',(0.,0.,1.));
#1453 = DIRECTION('',(1.,0.,0.));
#1454 = ORIENTED_EDGE('',*,*,#1440,.F.);
#1455 = ORIENTED_EDGE('',*,*,#1056,.F.);
#1456 = CYLINDRICAL_SURFACE('',#1457,1.6);
#1457 = AXIS2_PLACEMENT_3D('',#1458,#1459,#1460);
#1458 = CARTESIAN_POINT('',(-107.3528137423,114.95281374238,0.));
#1459 = DIRECTION('',(-0.,-0.,-1.));
#1460 = DIRECTION('',(1.,0.,0.));
#1461 = ADVANCED_FACE('',(#1462),#1481,.F.);
#1462 = FACE_BOUND('',#1463,.T.);
#1463 = EDGE_LOOP('',(#1464,#1472,#1479,#1480));
#1464 = ORIENTED_EDGE('',*,*,#1465,.T.);
#1465 = EDGE_CURVE('',#1068,#1466,#1468,.T.);
#1466 = VERTEX_POINT('',#1467);
#1467 = CARTESIAN_POINT('',(-114.8528137423,107.35281374238,5.));
#1468 = LINE('',#1469,#1470);
#1469 = CARTESIAN_POINT('',(-114.8528137423,107.35281374238,0.));
#1470 = VECTOR('',#1471,1.);
#1471 = DIRECTION('',(0.,0.,1.));
#1472 = ORIENTED_EDGE('',*,*,#1473,.T.);
#1473 = EDGE_CURVE('',#1466,#1466,#1474,.T.);
#1474 = CIRCLE('',#1475,1.6);
#1475 = AXIS2_PLACEMENT_3D('',#1476,#1477,#1478);
#1476 = CARTESIAN_POINT('',(-116.4528137423,107.35281374238,5.));
#1477 = DIRECTION('',(0.,0.,1.));
#1478 = DIRECTION('',(1.,0.,0.));
#1479 = ORIENTED_EDGE('',*,*,#1465,.F.);
#1480 = ORIENTED_EDGE('',*,*,#1067,.F.);
#1481 = CYLINDRICAL_SURFACE('',#1482,1.6);
#1482 = AXIS2_PLACEMENT_3D('',#1483,#1484,#1485);
#1483 = CARTESIAN_POINT('',(-116.4528137423,107.35281374238,0.));
#1484 = DIRECTION('',(-0.,-0.,-1.));
#1485 = DIRECTION('',(1.,0.,0.));
#1486 = ADVANCED_FACE('',(#1487),#1506,.F.);
#1487 = FACE_BOUND('',#1488,.T.);
#1488 = EDGE_LOOP('',(#1489,#1497,#1504,#1505));
#1489 = ORIENTED_EDGE('',*,*,#1490,.T.);
#1490 = EDGE_CURVE('',#1079,#1491,#1493,.T.);
#1491 = VERTEX_POINT('',#1492);
#1492 = CARTESIAN_POINT('',(-96.65281374238,107.35281374238,5.));
#1493 = LINE('',#1494,#1495);
#1494 = CARTESIAN_POINT('',(-96.65281374238,107.35281374238,0.));
#1495 = VECTOR('',#1496,1.);
#1496 = DIRECTION('',(0.,0.,1.));
#1497 = ORIENTED_EDGE('',*,*,#1498,.T.);
#1498 = EDGE_CURVE('',#1491,#1491,#1499,.T.);
#1499 = CIRCLE('',#1500,1.6);
#1500 = AXIS2_PLACEMENT_3D('',#1501,#1502,#1503);
#1501 = CARTESIAN_POINT('',(-98.25281374238,107.35281374238,5.));
#1502 = DIRECTION('',(0.,0.,1.));
#1503 = DIRECTION('',(1.,0.,0.));
#1504 = ORIENTED_EDGE('',*,*,#1490,.F.);
#1505 = ORIENTED_EDGE('',*,*,#1078,.F.);
#1506 = CYLINDRICAL_SURFACE('',#1507,1.6);
#1507 = AXIS2_PLACEMENT_3D('',#1508,#1509,#1510);
#1508 = CARTESIAN_POINT('',(-98.25281374238,107.35281374238,0.));
#1509 = DIRECTION('',(-0.,-0.,-1.));
#1510 = DIRECTION('',(1.,0.,0.));
#1511 = ADVANCED_FACE('',(#1512),#1531,.F.);
#1512 = FACE_BOUND('',#1513,.T.);
#1513 = EDGE_LOOP('',(#1514,#1522,#1529,#1530));
#1514 = ORIENTED_EDGE('',*,*,#1515,.T.);
#1515 = EDGE_CURVE('',#1090,#1516,#1518,.T.);
#1516 = VERTEX_POINT('',#1517);
#1517 = CARTESIAN_POINT('',(-105.7528137423,99.752813742386,5.));
#1518 = LINE('',#1519,#1520);
#1519 = CARTESIAN_POINT('',(-105.7528137423,99.752813742386,0.));
#1520 = VECTOR('',#1521,1.);
#1521 = DIRECTION('',(0.,0.,1.));
#1522 = ORIENTED_EDGE('',*,*,#1523,.T.);
#1523 = EDGE_CURVE('',#1516,#1516,#1524,.T.);
#1524 = CIRCLE('',#1525,1.6);
#1525 = AXIS2_PLACEMENT_3D('',#1526,#1527,#1528);
#1526 = CARTESIAN_POINT('',(-107.3528137423,99.752813742386,5.));
#1527 = DIRECTION('',(0.,0.,1.));
#1528 = DIRECTION('',(1.,0.,0.));
#1529 = ORIENTED_EDGE('',*,*,#1515,.F.);
#1530 = ORIENTED_EDGE('',*,*,#1089,.F.);
#1531 = CYLINDRICAL_SURFACE('',#1532,1.6);
#1532 = AXIS2_PLACEMENT_3D('',#1533,#1534,#1535);
#1533 = CARTESIAN_POINT('',(-107.3528137423,99.752813742386,0.));
#1534 = DIRECTION('',(-0.,-0.,-1.));
#1535 = DIRECTION('',(1.,0.,0.));
#1536 = ADVANCED_FACE('',(#1537),#1556,.F.);
#1537 = FACE_BOUND('',#1538,.T.);
#1538 = EDGE_LOOP('',(#1539,#1547,#1554,#1555));
#1539 = ORIENTED_EDGE('',*,*,#1540,.T.);
#1540 = EDGE_CURVE('',#1101,#1541,#1543,.T.);
#1541 = VERTEX_POINT('',#1542);
#1542 = CARTESIAN_POINT('',(101.35281374238,107.35281374238,5.));
#1543 = LINE('',#1544,#1545);
#1544 = CARTESIAN_POINT('',(101.35281374238,107.35281374238,0.));
#1545 = VECTOR('',#1546,1.);
#1546 = DIRECTION('',(0.,0.,1.));
#1547 = ORIENTED_EDGE('',*,*,#1548,.T.);
#1548 = EDGE_CURVE('',#1541,#1541,#1549,.T.);
#1549 = CIRCLE('',#1550,1.6);
#1550 = AXIS2_PLACEMENT_3D('',#1551,#1552,#1553);
#1551 = CARTESIAN_POINT('',(99.752813742386,107.35281374238,5.));
#1552 = DIRECTION('',(0.,0.,1.));
#1553 = DIRECTION('',(1.,0.,0.));
#1554 = ORIENTED_EDGE('',*,*,#1540,.F.);
#1555 = ORIENTED_EDGE('',*,*,#1100,.F.);
#1556 = CYLINDRICAL_SURFACE('',#1557,1.6);
#1557 = AXIS2_PLACEMENT_3D('',#1558,#1559,#1560);
#1558 = CARTESIAN_POINT('',(99.752813742386,107.35281374238,0.));
#1559 = DIRECTION('',(-0.,-0.,-1.));
#1560 = DIRECTION('',(1.,0.,0.));
#1561 = ADVANCED_FACE('',(#1562),#1581,.F.);
#1562 = FACE_BOUND('',#1563,.T.);
#1563 = EDGE_LOOP('',(#1564,#1572,#1579,#1580));
#1564 = ORIENTED_EDGE('',*,*,#1565,.T.);
#1565 = EDGE_CURVE('',#1112,#1566,#1568,.T.);
#1566 = VERTEX_POINT('',#1567);
#1567 = CARTESIAN_POINT('',(108.95281374238,116.45281374238,5.));
#1568 = LINE('',#1569,#1570);
#1569 = CARTESIAN_POINT('',(108.95281374238,116.45281374238,0.));
#1570 = VECTOR('',#1571,1.);
#1571 = DIRECTION('',(0.,0.,1.));
#1572 = ORIENTED_EDGE('',*,*,#1573,.T.);
#1573 = EDGE_CURVE('',#1566,#1566,#1574,.T.);
#1574 = CIRCLE('',#1575,1.6);
#1575 = AXIS2_PLACEMENT_3D('',#1576,#1577,#1578);
#1576 = CARTESIAN_POINT('',(107.35281374238,116.45281374238,5.));
#1577 = DIRECTION('',(0.,0.,1.));
#1578 = DIRECTION('',(1.,0.,0.));
#1579 = ORIENTED_EDGE('',*,*,#1565,.F.);
#1580 = ORIENTED_EDGE('',*,*,#1111,.F.);
#1581 = CYLINDRICAL_SURFACE('',#1582,1.6);
#1582 = AXIS2_PLACEMENT_3D('',#1583,#1584,#1585);
#1583 = CARTESIAN_POINT('',(107.35281374238,116.45281374238,0.));
#1584 = DIRECTION('',(-0.,-0.,-1.));
#1585 = DIRECTION('',(1.,0.,0.));
#1586 = ADVANCED_FACE('',(#1587),#1606,.F.);
#1587 = FACE_BOUND('',#1588,.T.);
#1588 = EDGE_LOOP('',(#1589,#1597,#1604,#1605));
#1589 = ORIENTED_EDGE('',*,*,#1590,.T.);
#1590 = EDGE_CURVE('',#1123,#1591,#1593,.T.);
#1591 = VERTEX_POINT('',#1592);
#1592 = CARTESIAN_POINT('',(116.55281374238,107.35281374238,5.));
#1593 = LINE('',#1594,#1595);
#1594 = CARTESIAN_POINT('',(116.55281374238,107.35281374238,0.));
#1595 = VECTOR('',#1596,1.);
#1596 = DIRECTION('',(0.,0.,1.));
#1597 = ORIENTED_EDGE('',*,*,#1598,.T.);
#1598 = EDGE_CURVE('',#1591,#1591,#1599,.T.);
#1599 = CIRCLE('',#1600,1.6);
#1600 = AXIS2_PLACEMENT_3D('',#1601,#1602,#1603);
#1601 = CARTESIAN_POINT('',(114.95281374238,107.35281374238,5.));
#1602 = DIRECTION('',(0.,0.,1.));
#1603 = DIRECTION('',(1.,0.,0.));
#1604 = ORIENTED_EDGE('',*,*,#1590,.F.);
#1605 = ORIENTED_EDGE('',*,*,#1122,.F.);
#1606 = CYLINDRICAL_SURFACE('',#1607,1.6);
#1607 = AXIS2_PLACEMENT_3D('',#1608,#1609,#1610);
#1608 = CARTESIAN_POINT('',(114.95281374238,107.35281374238,0.));
#1609 = DIRECTION('',(-0.,-0.,-1.));
#1610 = DIRECTION('',(1.,0.,0.));
#1611 = ADVANCED_FACE('',(#1612),#1631,.F.);
#1612 = FACE_BOUND('',#1613,.T.);
#1613 = EDGE_LOOP('',(#1614,#1622,#1629,#1630));
#1614 = ORIENTED_EDGE('',*,*,#1615,.T.);
#1615 = EDGE_CURVE('',#1134,#1616,#1618,.T.);
#1616 = VERTEX_POINT('',#1617);
#1617 = CARTESIAN_POINT('',(108.95281374238,98.252813742386,5.));
#1618 = LINE('',#1619,#1620);
#1619 = CARTESIAN_POINT('',(108.95281374238,98.252813742386,0.));
#1620 = VECTOR('',#1621,1.);
#1621 = DIRECTION('',(0.,0.,1.));
#1622 = ORIENTED_EDGE('',*,*,#1623,.T.);
#1623 = EDGE_CURVE('',#1616,#1616,#1624,.T.);
#1624 = CIRCLE('',#1625,1.6);
#1625 = AXIS2_PLACEMENT_3D('',#1626,#1627,#1628);
#1626 = CARTESIAN_POINT('',(107.35281374238,98.252813742386,5.));
#1627 = DIRECTION('',(0.,0.,1.));
#1628 = DIRECTION('',(1.,0.,0.));
#1629 = ORIENTED_EDGE('',*,*,#1615,.F.);
#1630 = ORIENTED_EDGE('',*,*,#1133,.F.);
#1631 = CYLINDRICAL_SURFACE('',#1632,1.6);
#1632 = AXIS2_PLACEMENT_3D('',#1633,#1634,#1635);
#1633 = CARTESIAN_POINT('',(107.35281374238,98.252813742386,0.));
#1634 = DIRECTION('',(-0.,-0.,-1.));
#1635 = DIRECTION('',(1.,0.,0.));
#1636 = ADVANCED_FACE('',(#1637),#1656,.F.);
#1637 = FACE_BOUND('',#1638,.T.);
#1638 = EDGE_LOOP('',(#1639,#1647,#1654,#1655));
#1639 = ORIENTED_EDGE('',*,*,#1640,.T.);
#1640 = EDGE_CURVE('',#1145,#1641,#1643,.T.);
#1641 = VERTEX_POINT('',#1642);
#1642 = CARTESIAN_POINT('',(-105.7528137423,-98.25281374238,5.));
#1643 = LINE('',#1644,#1645);
#1644 = CARTESIAN_POINT('',(-105.7528137423,-98.25281374238,0.));
#1645 = VECTOR('',#1646,1.);
#1646 = DIRECTION('',(0.,0.,1.));
#1647 = ORIENTED_EDGE('',*,*,#1648,.T.);
#1648 = EDGE_CURVE('',#1641,#1641,#1649,.T.);
#1649 = CIRCLE('',#1650,1.6);
#1650 = AXIS2_PLACEMENT_3D('',#1651,#1652,#1653);
#1651 = CARTESIAN_POINT('',(-107.3528137423,-98.25281374238,5.));
#1652 = DIRECTION('',(0.,0.,1.));
#1653 = DIRECTION('',(1.,0.,0.));
#1654 = ORIENTED_EDGE('',*,*,#1640,.F.);
#1655 = ORIENTED_EDGE('',*,*,#1144,.F.);
#1656 = CYLINDRICAL_SURFACE('',#1657,1.6);
#1657 = AXIS2_PLACEMENT_3D('',#1658,#1659,#1660);
#1658 = CARTESIAN_POINT('',(-107.3528137423,-98.25281374238,0.));
#1659 = DIRECTION('',(-0.,-0.,-1.));
#1660 = DIRECTION('',(1.,0.,0.));
#1661 = ADVANCED_FACE('',(#1662),#1681,.F.);
#1662 = FACE_BOUND('',#1663,.T.);
#1663 = EDGE_LOOP('',(#1664,#1672,#1679,#1680));
#1664 = ORIENTED_EDGE('',*,*,#1665,.T.);
#1665 = EDGE_CURVE('',#1156,#1666,#1668,.T.);
#1666 = VERTEX_POINT('',#1667);
#1667 = CARTESIAN_POINT('',(-113.3528137423,-107.3528137423,5.));
#1668 = LINE('',#1669,#1670);
#1669 = CARTESIAN_POINT('',(-113.3528137423,-107.3528137423,0.));
#1670 = VECTOR('',#1671,1.);
#1671 = DIRECTION('',(0.,0.,1.));
#1672 = ORIENTED_EDGE('',*,*,#1673,.T.);
#1673 = EDGE_CURVE('',#1666,#1666,#1674,.T.);
#1674 = CIRCLE('',#1675,1.6);
#1675 = AXIS2_PLACEMENT_3D('',#1676,#1677,#1678);
#1676 = CARTESIAN_POINT('',(-114.9528137423,-107.3528137423,5.));
#1677 = DIRECTION('',(0.,0.,1.));
#1678 = DIRECTION('',(1.,0.,0.));
#1679 = ORIENTED_EDGE('',*,*,#1665,.F.);
#1680 = ORIENTED_EDGE('',*,*,#1155,.F.);
#1681 = CYLINDRICAL_SURFACE('',#1682,1.6);
#1682 = AXIS2_PLACEMENT_3D('',#1683,#1684,#1685);
#1683 = CARTESIAN_POINT('',(-114.9528137423,-107.3528137423,0.));
#1684 = DIRECTION('',(-0.,-0.,-1.));
#1685 = DIRECTION('',(1.,0.,0.));
#1686 = ADVANCED_FACE('',(#1687),#1706,.F.);
#1687 = FACE_BOUND('',#1688,.T.);
#1688 = EDGE_LOOP('',(#1689,#1697,#1704,#1705));
#1689 = ORIENTED_EDGE('',*,*,#1690,.T.);
#1690 = EDGE_CURVE('',#1167,#1691,#1693,.T.);
#1691 = VERTEX_POINT('',#1692);
#1692 = CARTESIAN_POINT('',(-105.7528137423,-116.4528137423,5.));
#1693 = LINE('',#1694,#1695);
#1694 = CARTESIAN_POINT('',(-105.7528137423,-116.4528137423,0.));
#1695 = VECTOR('',#1696,1.);
#1696 = DIRECTION('',(0.,0.,1.));
#1697 = ORIENTED_EDGE('',*,*,#1698,.T.);
#1698 = EDGE_CURVE('',#1691,#1691,#1699,.T.);
#1699 = CIRCLE('',#1700,1.6);
#1700 = AXIS2_PLACEMENT_3D('',#1701,#1702,#1703);
#1701 = CARTESIAN_POINT('',(-107.3528137423,-116.4528137423,5.));
#1702 = DIRECTION('',(0.,0.,1.));
#1703 = DIRECTION('',(1.,0.,0.));
#1704 = ORIENTED_EDGE('',*,*,#1690,.F.);
#1705 = ORIENTED_EDGE('',*,*,#1166,.F.);
#1706 = CYLINDRICAL_SURFACE('',#1707,1.6);
#1707 = AXIS2_PLACEMENT_3D('',#1708,#1709,#1710);
#1708 = CARTESIAN_POINT('',(-107.3528137423,-116.4528137423,0.));
#1709 = DIRECTION('',(-0.,-0.,-1.));
#1710 = DIRECTION('',(1.,0.,0.));
#1711 = ADVANCED_FACE('',(#1712),#1731,.F.);
#1712 = FACE_BOUND('',#1713,.T.);
#1713 = EDGE_LOOP('',(#1714,#1722,#1729,#1730));
#1714 = ORIENTED_EDGE('',*,*,#1715,.T.);
#1715 = EDGE_CURVE('',#1178,#1716,#1718,.T.);
#1716 = VERTEX_POINT('',#1717);
#1717 = CARTESIAN_POINT('',(-98.15281374238,-107.3528137423,5.));
#1718 = LINE('',#1719,#1720);
#1719 = CARTESIAN_POINT('',(-98.15281374238,-107.3528137423,0.));
#1720 = VECTOR('',#1721,1.);
#1721 = DIRECTION('',(0.,0.,1.));
#1722 = ORIENTED_EDGE('',*,*,#1723,.T.);
#1723 = EDGE_CURVE('',#1716,#1716,#1724,.T.);
#1724 = CIRCLE('',#1725,1.6);
#1725 = AXIS2_PLACEMENT_3D('',#1726,#1727,#1728);
#1726 = CARTESIAN_POINT('',(-99.75281374238,-107.3528137423,5.));
#1727 = DIRECTION('',(0.,0.,1.));
#1728 = DIRECTION('',(1.,0.,0.));
#1729 = ORIENTED_EDGE('',*,*,#1715,.F.);
#1730 = ORIENTED_EDGE('',*,*,#1177,.F.);
#1731 = CYLINDRICAL_SURFACE('',#1732,1.6);
#1732 = AXIS2_PLACEMENT_3D('',#1733,#1734,#1735);
#1733 = CARTESIAN_POINT('',(-99.75281374238,-107.3528137423,0.));
#1734 = DIRECTION('',(-0.,-0.,-1.));
#1735 = DIRECTION('',(1.,0.,0.));
#1736 = ADVANCED_FACE('',(#1737),#1756,.F.);
#1737 = FACE_BOUND('',#1738,.T.);
#1738 = EDGE_LOOP('',(#1739,#1747,#1754,#1755));
#1739 = ORIENTED_EDGE('',*,*,#1740,.T.);
#1740 = EDGE_CURVE('',#1189,#1741,#1743,.T.);
#1741 = VERTEX_POINT('',#1742);
#1742 = CARTESIAN_POINT('',(108.95281374238,-99.75281374238,5.));
#1743 = LINE('',#1744,#1745);
#1744 = CARTESIAN_POINT('',(108.95281374238,-99.75281374238,0.));
#1745 = VECTOR('',#1746,1.);
#1746 = DIRECTION('',(0.,0.,1.));
#1747 = ORIENTED_EDGE('',*,*,#1748,.T.);
#1748 = EDGE_CURVE('',#1741,#1741,#1749,.T.);
#1749 = CIRCLE('',#1750,1.6);
#1750 = AXIS2_PLACEMENT_3D('',#1751,#1752,#1753);
#1751 = CARTESIAN_POINT('',(107.35281374238,-99.75281374238,5.));
#1752 = DIRECTION('',(0.,0.,1.));
#1753 = DIRECTION('',(1.,0.,0.));
#1754 = ORIENTED_EDGE('',*,*,#1740,.F.);
#1755 = ORIENTED_EDGE('',*,*,#1188,.F.);
#1756 = CYLINDRICAL_SURFACE('',#1757,1.6);
#1757 = AXIS2_PLACEMENT_3D('',#1758,#1759,#1760);
#1758 = CARTESIAN_POINT('',(107.35281374238,-99.75281374238,0.));
#1759 = DIRECTION('',(-0.,-0.,-1.));
#1760 = DIRECTION('',(1.,0.,0.));
#1761 = ADVANCED_FACE('',(#1762),#1781,.F.);
#1762 = FACE_BOUND('',#1763,.T.);
#1763 = EDGE_LOOP('',(#1764,#1772,#1779,#1780));
#1764 = ORIENTED_EDGE('',*,*,#1765,.T.);
#1765 = EDGE_CURVE('',#1200,#1766,#1768,.T.);
#1766 = VERTEX_POINT('',#1767);
#1767 = CARTESIAN_POINT('',(99.852813742386,-107.3528137423,5.));
#1768 = LINE('',#1769,#1770);
#1769 = CARTESIAN_POINT('',(99.852813742386,-107.3528137423,0.));
#1770 = VECTOR('',#1771,1.);
#1771 = DIRECTION('',(0.,0.,1.));
#1772 = ORIENTED_EDGE('',*,*,#1773,.T.);
#1773 = EDGE_CURVE('',#1766,#1766,#1774,.T.);
#1774 = CIRCLE('',#1775,1.6);
#1775 = AXIS2_PLACEMENT_3D('',#1776,#1777,#1778);
#1776 = CARTESIAN_POINT('',(98.252813742386,-107.3528137423,5.));
#1777 = DIRECTION('',(0.,0.,1.));
#1778 = DIRECTION('',(1.,0.,0.));
#1779 = ORIENTED_EDGE('',*,*,#1765,.F.);
#1780 = ORIENTED_EDGE('',*,*,#1199,.F.);
#1781 = CYLINDRICAL_SURFACE('',#1782,1.6);
#1782 = AXIS2_PLACEMENT_3D('',#1783,#1784,#1785);
#1783 = CARTESIAN_POINT('',(98.252813742386,-107.3528137423,0.));
#1784 = DIRECTION('',(-0.,-0.,-1.));
#1785 = DIRECTION('',(1.,0.,0.));
#1786 = ADVANCED_FACE('',(#1787),#1806,.F.);
#1787 = FACE_BOUND('',#1788,.T.);
#1788 = EDGE_LOOP('',(#1789,#1797,#1804,#1805));
#1789 = ORIENTED_EDGE('',*,*,#1790,.T.);
#1790 = EDGE_CURVE('',#1211,#1791,#1793,.T.);
#1791 = VERTEX_POINT('',#1792);
#1792 = CARTESIAN_POINT('',(118.05281374238,-107.3528137423,5.));
#1793 = LINE('',#1794,#1795);
#1794 = CARTESIAN_POINT('',(118.05281374238,-107.3528137423,0.));
#1795 = VECTOR('',#1796,1.);
#1796 = DIRECTION('',(0.,0.,1.));
#1797 = ORIENTED_EDGE('',*,*,#1798,.T.);
#1798 = EDGE_CURVE('',#1791,#1791,#1799,.T.);
#1799 = CIRCLE('',#1800,1.6);
#1800 = AXIS2_PLACEMENT_3D('',#1801,#1802,#1803);
#1801 = CARTESIAN_POINT('',(116.45281374238,-107.3528137423,5.));
#1802 = DIRECTION('',(0.,0.,1.));
#1803 = DIRECTION('',(1.,0.,0.));
#1804 = ORIENTED_EDGE('',*,*,#1790,.F.);
#1805 = ORIENTED_EDGE('',*,*,#1210,.F.);
#1806 = CYLINDRICAL_SURFACE('',#1807,1.6);
#1807 = AXIS2_PLACEMENT_3D('',#1808,#1809,#1810);
#1808 = CARTESIAN_POINT('',(116.45281374238,-107.3528137423,0.));
#1809 = DIRECTION('',(-0.,-0.,-1.));
#1810 = DIRECTION('',(1.,0.,0.));
#1811 = ADVANCED_FACE('',(#1812),#1831,.F.);
#1812 = FACE_BOUND('',#1813,.T.);
#1813 = EDGE_LOOP('',(#1814,#1822,#1829,#1830));
#1814 = ORIENTED_EDGE('',*,*,#1815,.T.);
#1815 = EDGE_CURVE('',#1222,#1816,#1818,.T.);
#1816 = VERTEX_POINT('',#1817);
#1817 = CARTESIAN_POINT('',(-13.4,-12.5,5.));
#1818 = LINE('',#1819,#1820);
#1819 = CARTESIAN_POINT('',(-13.4,-12.5,0.));
#1820 = VECTOR('',#1821,1.);
#1821 = DIRECTION('',(0.,0.,1.));
#1822 = ORIENTED_EDGE('',*,*,#1823,.T.);
#1823 = EDGE_CURVE('',#1816,#1816,#1824,.T.);
#1824 = CIRCLE('',#1825,1.6);
#1825 = AXIS2_PLACEMENT_3D('',#1826,#1827,#1828);
#1826 = CARTESIAN_POINT('',(-15.,-12.5,5.));
#1827 = DIRECTION('',(0.,0.,1.));
#1828 = DIRECTION('',(1.,0.,0.));
#1829 = ORIENTED_EDGE('',*,*,#1815,.F.);
#1830 = ORIENTED_EDGE('',*,*,#1221,.F.);
#1831 = CYLINDRICAL_SURFACE('',#1832,1.6);
#1832 = AXIS2_PLACEMENT_3D('',#1833,#1834,#1835);
#1833 = CARTESIAN_POINT('',(-15.,-12.5,0.));
#1834 = DIRECTION('',(-0.,-0.,-1.));
#1835 = DIRECTION('',(1.,0.,0.));
#1836 = ADVANCED_FACE('',(#1837),#1856,.F.);
#1837 = FACE_BOUND('',#1838,.T.);
#1838 = EDGE_LOOP('',(#1839,#1847,#1854,#1855));
#1839 = ORIENTED_EDGE('',*,*,#1840,.T.);
#1840 = EDGE_CURVE('',#1233,#1841,#1843,.T.);
#1841 = VERTEX_POINT('',#1842);
#1842 = CARTESIAN_POINT('',(16.6,-12.5,5.));
#1843 = LINE('',#1844,#1845);
#1844 = CARTESIAN_POINT('',(16.6,-12.5,0.));
#1845 = VECTOR('',#1846,1.);
#1846 = DIRECTION('',(0.,0.,1.));
#1847 = ORIENTED_EDGE('',*,*,#1848,.T.);
#1848 = EDGE_CURVE('',#1841,#1841,#1849,.T.);
#1849 = CIRCLE('',#1850,1.6);
#1850 = AXIS2_PLACEMENT_3D('',#1851,#1852,#1853);
#1851 = CARTESIAN_POINT('',(15.,-12.5,5.));
#1852 = DIRECTION('',(0.,0.,1.));
#1853 = DIRECTION('',(1.,0.,0.));
#1854 = ORIENTED_EDGE('',*,*,#1840,.F.);
#1855 = ORIENTED_EDGE('',*,*,#1232,.F.);
#1856 = CYLINDRICAL_SURFACE('',#1857,1.6);
#1857 = AXIS2_PLACEMENT_3D('',#1858,#1859,#1860);
#1858 = CARTESIAN_POINT('',(15.,-12.5,0.));
#1859 = DIRECTION('',(-0.,-0.,-1.));
#1860 = DIRECTION('',(1.,0.,0.));
#1861 = ADVANCED_FACE('',(#1862),#1881,.F.);
#1862 = FACE_BOUND('',#1863,.T.);
#1863 = EDGE_LOOP('',(#1864,#1872,#1879,#1880));
#1864 = ORIENTED_EDGE('',*,*,#1865,.T.);
#1865 = EDGE_CURVE('',#1244,#1866,#1868,.T.);
#1866 = VERTEX_POINT('',#1867);
#1867 = CARTESIAN_POINT('',(-13.4,-55.,5.));
#1868 = LINE('',#1869,#1870);
#1869 = CARTESIAN_POINT('',(-13.4,-55.,0.));
#1870 = VECTOR('',#1871,1.);
#1871 = DIRECTION('',(0.,0.,1.));
#1872 = ORIENTED_EDGE('',*,*,#1873,.T.);
#1873 = EDGE_CURVE('',#1866,#1866,#1874,.T.);
#1874 = CIRCLE('',#1875,1.6);
#1875 = AXIS2_PLACEMENT_3D('',#1876,#1877,#1878);
#1876 = CARTESIAN_POINT('',(-15.,-55.,5.));
#1877 = DIRECTION('',(0.,0.,1.));
#1878 = DIRECTION('',(1.,0.,0.));
#1879 = ORIENTED_EDGE('',*,*,#1865,.F.);
#1880 = ORIENTED_EDGE('',*,*,#1243,.F.);
#1881 = CYLINDRICAL_SURFACE('',#1882,1.6);
#1882 = AXIS2_PLACEMENT_3D('',#1883,#1884,#1885);
#1883 = CARTESIAN_POINT('',(-15.,-55.,0.));
#1884 = DIRECTION('',(-0.,-0.,-1.));
#1885 = DIRECTION('',(1.,0.,0.));
#1886 = ADVANCED_FACE('',(#1887),#1906,.F.);
#1887 = FACE_BOUND('',#1888,.T.);
#1888 = EDGE_LOOP('',(#1889,#1897,#1904,#1905));
#1889 = ORIENTED_EDGE('',*,*,#1890,.T.);
#1890 = EDGE_CURVE('',#1255,#1891,#1893,.T.);
#1891 = VERTEX_POINT('',#1892);
#1892 = CARTESIAN_POINT('',(-13.4,-25.,5.));
#1893 = LINE('',#1894,#1895);
#1894 = CARTESIAN_POINT('',(-13.4,-25.,0.));
#1895 = VECTOR('',#1896,1.);
#1896 = DIRECTION('',(0.,0.,1.));
#1897 = ORIENTED_EDGE('',*,*,#1898,.T.);
#1898 = EDGE_CURVE('',#1891,#1891,#1899,.T.);
#1899 = CIRCLE('',#1900,1.6);
#1900 = AXIS2_PLACEMENT_3D('',#1901,#1902,#1903);
#1901 = CARTESIAN_POINT('',(-15.,-25.,5.));
#1902 = DIRECTION('',(0.,0.,1.));
#1903 = DIRECTION('',(1.,0.,0.));
#1904 = ORIENTED_EDGE('',*,*,#1890,.F.);
#1905 = ORIENTED_EDGE('',*,*,#1254,.F.);
#1906 = CYLINDRICAL_SURFACE('',#1907,1.6);
#1907 = AXIS2_PLACEMENT_3D('',#1908,#1909,#1910);
#1908 = CARTESIAN_POINT('',(-15.,-25.,0.));
#1909 = DIRECTION('',(-0.,-0.,-1.));
#1910 = DIRECTION('',(1.,0.,0.));
#1911 = ADVANCED_FACE('',(#1912),#1931,.F.);
#1912 = FACE_BOUND('',#1913,.T.);
#1913 = EDGE_LOOP('',(#1914,#1922,#1929,#1930));
#1914 = ORIENTED_EDGE('',*,*,#1915,.T.);
#1915 = EDGE_CURVE('',#1266,#1916,#1918,.T.);
#1916 = VERTEX_POINT('',#1917);
#1917 = CARTESIAN_POINT('',(-13.4,17.5,5.));
#1918 = LINE('',#1919,#1920);
#1919 = CARTESIAN_POINT('',(-13.4,17.5,0.));
#1920 = VECTOR('',#1921,1.);
#1921 = DIRECTION('',(0.,0.,1.));
#1922 = ORIENTED_EDGE('',*,*,#1923,.T.);
#1923 = EDGE_CURVE('',#1916,#1916,#1924,.T.);
#1924 = CIRCLE('',#1925,1.6);
#1925 = AXIS2_PLACEMENT_3D('',#1926,#1927,#1928);
#1926 = CARTESIAN_POINT('',(-15.,17.5,5.));
#1927 = DIRECTION('',(0.,0.,1.));
#1928 = DIRECTION('',(1.,0.,0.));
#1929 = ORIENTED_EDGE('',*,*,#1915,.F.);
#1930 = ORIENTED_EDGE('',*,*,#1265,.F.);
#1931 = CYLINDRICAL_SURFACE('',#1932,1.6);
#1932 = AXIS2_PLACEMENT_3D('',#1933,#1934,#1935);
#1933 = CARTESIAN_POINT('',(-15.,17.5,0.));
#1934 = DIRECTION('',(-0.,-0.,-1.));
#1935 = DIRECTION('',(1.,0.,0.));
#1936 = ADVANCED_FACE('',(#1937),#1956,.F.);
#1937 = FACE_BOUND('',#1938,.T.);
#1938 = EDGE_LOOP('',(#1939,#1947,#1954,#1955));
#1939 = ORIENTED_EDGE('',*,*,#1940,.T.);
#1940 = EDGE_CURVE('',#1277,#1941,#1943,.T.);
#1941 = VERTEX_POINT('',#1942);
#1942 = CARTESIAN_POINT('',(16.6,17.5,5.));
#1943 = LINE('',#1944,#1945);
#1944 = CARTESIAN_POINT('',(16.6,17.5,0.));
#1945 = VECTOR('',#1946,1.);
#1946 = DIRECTION('',(0.,0.,1.));
#1947 = ORIENTED_EDGE('',*,*,#1948,.T.);
#1948 = EDGE_CURVE('',#1941,#1941,#1949,.T.);
#1949 = CIRCLE('',#1950,1.6);
#1950 = AXIS2_PLACEMENT_3D('',#1951,#1952,#1953);
#1951 = CARTESIAN_POINT('',(15.,17.5,5.));
#1952 = DIRECTION('',(0.,0.,1.));
#1953 = DIRECTION('',(1.,0.,0.));
#1954 = ORIENTED_EDGE('',*,*,#1940,.F.);
#1955 = ORIENTED_EDGE('',*,*,#1276,.F.);
#1956 = CYLINDRICAL_SURFACE('',#1957,1.6);
#1957 = AXIS2_PLACEMENT_3D('',#1958,#1959,#1960);
#1958 = CARTESIAN_POINT('',(15.,17.5,0.));
#1959 = DIRECTION('',(-0.,-0.,-1.));
#1960 = DIRECTION('',(1.,0.,0.));
#1961 = ADVANCED_FACE('',(#1962),#1981,.F.);
#1962 = FACE_BOUND('',#1963,.T.);
#1963 = EDGE_LOOP('',(#1964,#1972,#1979,#1980));
#1964 = ORIENTED_EDGE('',*,*,#1965,.T.);
#1965 = EDGE_CURVE('',#1288,#1966,#1968,.T.);
#1966 = VERTEX_POINT('',#1967);
#1967 = CARTESIAN_POINT('',(16.6,-25.,5.));
#1968 = LINE('',#1969,#1970);
#1969 = CARTESIAN_POINT('',(16.6,-25.,0.));
#1970 = VECTOR('',#1971,1.);
#1971 = DIRECTION('',(0.,0.,1.));
#1972 = ORIENTED_EDGE('',*,*,#1973,.T.);
#1973 = EDGE_CURVE('',#1966,#1966,#1974,.T.);
#1974 = CIRCLE('',#1975,1.6);
#1975 = AXIS2_PLACEMENT_3D('',#1976,#1977,#1978);
#1976 = CARTESIAN_POINT('',(15.,-25.,5.));
#1977 = DIRECTION('',(0.,0.,1.));
#1978 = DIRECTION('',(1.,0.,0.));
#1979 = ORIENTED_EDGE('',*,*,#1965,.F.);
#1980 = ORIENTED_EDGE('',*,*,#1287,.F.);
#1981 = CYLINDRICAL_SURFACE('',#1982,1.6);
#1982 = AXIS2_PLACEMENT_3D('',#1983,#1984,#1985);
#1983 = CARTESIAN_POINT('',(15.,-25.,0.));
#1984 = DIRECTION('',(-0.,-0.,-1.));
#1985 = DIRECTION('',(1.,0.,0.));
#1986 = ADVANCED_FACE('',(#1987),#2006,.F.);
#1987 = FACE_BOUND('',#1988,.T.);
#1988 = EDGE_LOOP('',(#1989,#1997,#2004,#2005));
#1989 = ORIENTED_EDGE('',*,*,#1990,.T.);
#1990 = EDGE_CURVE('',#1299,#1991,#1993,.T.);
#1991 = VERTEX_POINT('',#1992);
#1992 = CARTESIAN_POINT('',(16.6,-55.,5.));
#1993 = LINE('',#1994,#1995);
#1994 = CARTESIAN_POINT('',(16.6,-55.,0.));
#1995 = VECTOR('',#1996,1.);
#1996 = DIRECTION('',(0.,0.,1.));
#1997 = ORIENTED_EDGE('',*,*,#1998,.T.);
#1998 = EDGE_CURVE('',#1991,#1991,#1999,.T.);
#1999 = CIRCLE('',#2000,1.6);
#2000 = AXIS2_PLACEMENT_3D('',#2001,#2002,#2003);
#2001 = CARTESIAN_POINT('',(15.,-55.,5.));
#2002 = DIRECTION('',(0.,0.,1.));
#2003 = DIRECTION('',(1.,0.,0.));
#2004 = ORIENTED_EDGE('',*,*,#1990,.F.);
#2005 = ORIENTED_EDGE('',*,*,#1298,.F.);
#2006 = CYLINDRICAL_SURFACE('',#2007,1.6);
#2007 = AXIS2_PLACEMENT_3D('',#2008,#2009,#2010);
#2008 = CARTESIAN_POINT('',(15.,-55.,0.));
#2009 = DIRECTION('',(-0.,-0.,-1.));
#2010 = DIRECTION('',(1.,0.,0.));
#2011 = ADVANCED_FACE('',(#2012,#2042,#2045,#2048,#2051,#2054,#2057,
    #2060,#2063,#2066,#2069,#2072,#2075,#2078,#2081,#2084,#2087,#2090,
    #2093,#2096,#2099,#2102,#2105,#2108,#2111,#2114,#2117,#2120,#2123),
  #2126,.T.);
#2012 = FACE_BOUND('',#2013,.T.);
#2013 = EDGE_LOOP('',(#2014,#2015,#2016,#2017,#2018,#2019,#2020,#2021,
    #2022,#2023,#2024,#2025,#2026,#2027,#2028,#2029,#2030,#2031,#2032,
    #2033,#2034,#2035,#2036,#2037,#2038,#2039,#2040,#2041));
#2014 = ORIENTED_EDGE('',*,*,#431,.T.);
#2015 = ORIENTED_EDGE('',*,*,#358,.T.);
#2016 = ORIENTED_EDGE('',*,*,#398,.T.);
#2017 = ORIENTED_EDGE('',*,*,#484,.T.);
#2018 = ORIENTED_EDGE('',*,*,#325,.F.);
#2019 = ORIENTED_EDGE('',*,*,#230,.F.);
#2020 = ORIENTED_EDGE('',*,*,#253,.T.);
#2021 = ORIENTED_EDGE('',*,*,#292,.T.);
#2022 = ORIENTED_EDGE('',*,*,#197,.F.);
#2023 = ORIENTED_EDGE('',*,*,#93,.F.);
#2024 = ORIENTED_EDGE('',*,*,#116,.T.);
#2025 = ORIENTED_EDGE('',*,*,#157,.T.);
#2026 = ORIENTED_EDGE('',*,*,#956,.F.);
#2027 = ORIENTED_EDGE('',*,*,#806,.T.);
#2028 = ORIENTED_EDGE('',*,*,#846,.T.);
#2029 = ORIENTED_EDGE('',*,*,#870,.T.);
#2030 = ORIENTED_EDGE('',*,*,#910,.T.);
#2031 = ORIENTED_EDGE('',*,*,#925,.T.);
#2032 = ORIENTED_EDGE('',*,*,#773,.F.);
#2033 = ORIENTED_EDGE('',*,*,#678,.F.);
#2034 = ORIENTED_EDGE('',*,*,#701,.T.);
#2035 = ORIENTED_EDGE('',*,*,#740,.T.);
#2036 = ORIENTED_EDGE('',*,*,#645,.F.);
#2037 = ORIENTED_EDGE('',*,*,#550,.F.);
#2038 = ORIENTED_EDGE('',*,*,#573,.T.);
#2039 = ORIENTED_EDGE('',*,*,#612,.T.);
#2040 = ORIENTED_EDGE('',*,*,#517,.F.);
#2041 = ORIENTED_EDGE('',*,*,#463,.T.);
#2042 = FACE_BOUND('',#2043,.T.);
#2043 = EDGE_LOOP('',(#2044));
#2044 = ORIENTED_EDGE('',*,*,#1398,.F.);
#2045 = FACE_BOUND('',#2046,.T.);
#2046 = EDGE_LOOP('',(#2047));
#2047 = ORIENTED_EDGE('',*,*,#1373,.F.);
#2048 = FACE_BOUND('',#2049,.T.);
#2049 = EDGE_LOOP('',(#2050));
#2050 = ORIENTED_EDGE('',*,*,#1348,.F.);
#2051 = FACE_BOUND('',#2052,.T.);
#2052 = EDGE_LOOP('',(#2053));
#2053 = ORIENTED_EDGE('',*,*,#1323,.F.);
#2054 = FACE_BOUND('',#2055,.T.);
#2055 = EDGE_LOOP('',(#2056));
#2056 = ORIENTED_EDGE('',*,*,#1698,.F.);
#2057 = FACE_BOUND('',#2058,.T.);
#2058 = EDGE_LOOP('',(#2059));
#2059 = ORIENTED_EDGE('',*,*,#1573,.F.);
#2060 = FACE_BOUND('',#2061,.T.);
#2061 = EDGE_LOOP('',(#2062));
#2062 = ORIENTED_EDGE('',*,*,#1598,.F.);
#2063 = FACE_BOUND('',#2064,.T.);
#2064 = EDGE_LOOP('',(#2065));
#2065 = ORIENTED_EDGE('',*,*,#1548,.F.);
#2066 = FACE_BOUND('',#2067,.T.);
#2067 = EDGE_LOOP('',(#2068));
#2068 = ORIENTED_EDGE('',*,*,#1623,.F.);
#2069 = FACE_BOUND('',#2070,.T.);
#2070 = EDGE_LOOP('',(#2071));
#2071 = ORIENTED_EDGE('',*,*,#1498,.F.);
#2072 = FACE_BOUND('',#2073,.T.);
#2073 = EDGE_LOOP('',(#2074));
#2074 = ORIENTED_EDGE('',*,*,#1448,.F.);
#2075 = FACE_BOUND('',#2076,.T.);
#2076 = EDGE_LOOP('',(#2077));
#2077 = ORIENTED_EDGE('',*,*,#1473,.F.);
#2078 = FACE_BOUND('',#2079,.T.);
#2079 = EDGE_LOOP('',(#2080));
#2080 = ORIENTED_EDGE('',*,*,#1523,.F.);
#2081 = FACE_BOUND('',#2082,.T.);
#2082 = EDGE_LOOP('',(#2083));
#2083 = ORIENTED_EDGE('',*,*,#1748,.F.);
#2084 = FACE_BOUND('',#2085,.T.);
#2085 = EDGE_LOOP('',(#2086));
#2086 = ORIENTED_EDGE('',*,*,#1798,.F.);
#2087 = FACE_BOUND('',#2088,.T.);
#2088 = EDGE_LOOP('',(#2089));
#2089 = ORIENTED_EDGE('',*,*,#1423,.F.);
#2090 = FACE_BOUND('',#2091,.T.);
#2091 = EDGE_LOOP('',(#2092));
#2092 = ORIENTED_EDGE('',*,*,#1773,.F.);
#2093 = FACE_BOUND('',#2094,.T.);
#2094 = EDGE_LOOP('',(#2095));
#2095 = ORIENTED_EDGE('',*,*,#1648,.F.);
#2096 = FACE_BOUND('',#2097,.T.);
#2097 = EDGE_LOOP('',(#2098));
#2098 = ORIENTED_EDGE('',*,*,#1723,.F.);
#2099 = FACE_BOUND('',#2100,.T.);
#2100 = EDGE_LOOP('',(#2101));
#2101 = ORIENTED_EDGE('',*,*,#1673,.F.);
#2102 = FACE_BOUND('',#2103,.T.);
#2103 = EDGE_LOOP('',(#2104));
#2104 = ORIENTED_EDGE('',*,*,#1823,.F.);
#2105 = FACE_BOUND('',#2106,.T.);
#2106 = EDGE_LOOP('',(#2107));
#2107 = ORIENTED_EDGE('',*,*,#1848,.F.);
#2108 = FACE_BOUND('',#2109,.T.);
#2109 = EDGE_LOOP('',(#2110));
#2110 = ORIENTED_EDGE('',*,*,#1923,.F.);
#2111 = FACE_BOUND('',#2112,.T.);
#2112 = EDGE_LOOP('',(#2113));
#2113 = ORIENTED_EDGE('',*,*,#1898,.F.);
#2114 = FACE_BOUND('',#2115,.T.);
#2115 = EDGE_LOOP('',(#2116));
#2116 = ORIENTED_EDGE('',*,*,#1873,.F.);
#2117 = FACE_BOUND('',#2118,.T.);
#2118 = EDGE_LOOP('',(#2119));
#2119 = ORIENTED_EDGE('',*,*,#1998,.F.);
#2120 = FACE_BOUND('',#2121,.T.);
#2121 = EDGE_LOOP('',(#2122));
#2122 = ORIENTED_EDGE('',*,*,#1973,.F.);
#2123 = FACE_BOUND('',#2124,.T.);
#2124 = EDGE_LOOP('',(#2125));
#2125 = ORIENTED_EDGE('',*,*,#1948,.F.);
#2126 = PLANE('',#2127);
#2127 = AXIS2_PLACEMENT_3D('',#2128,#2129,#2130);
#2128 = CARTESIAN_POINT('',(-1.5380857E-10,-2.2377544E-09,5.));
#2129 = DIRECTION('',(0.,0.,1.));
#2130 = DIRECTION('',(1.,0.,-0.));
#2131 = ( GEOMETRIC_REPRESENTATION_CONTEXT(3) 
GLOBAL_UNCERTAINTY_ASSIGNED_CONTEXT((#2135)) 
GLOBAL_UNIT_ASSIGNED_CONTEXT((#2132,#2133,#2134)) REPRESENTATION_CONTEXT
('Context #1','3D Context with UNIT and UNCERTAINTY') );
#2132 = ( LENGTH_UNIT() NAMED_UNIT(*) SI_UNIT(.MILLI.,.METRE.) );
#2133 = ( NAMED_UNIT(*) PLANE_ANGLE_UNIT() SI_UNIT($,.RADIAN.) );
#2134 = ( NAMED_UNIT(*) SI_UNIT($,.STERADIAN.) SOLID_ANGLE_UNIT() );
#2135 = UNCERTAINTY_MEASURE_WITH_UNIT(LENGTH_MEASURE(1.E-07),#2132,
  'distance_accuracy_value','confusion accuracy');
#2136 = CONTEXT_DEPENDENT_SHAPE_REPRESENTATION(#2137,#2139);
#2137 = ( REPRESENTATION_RELATIONSHIP('','',#68,#10) 
REPRESENTATION_RELATIONSHIP_WITH_TRANSFORMATION(#2138) 
SHAPE_REPRESENTATION_RELATIONSHIP() );
#2138 = ITEM_DEFINED_TRANSFORMATION('','',#11,#15);
#2139 = PRODUCT_DEFINITION_SHAPE('Placement','Placement of an item',
  #2140);
#2140 = NEXT_ASSEMBLY_USAGE_OCCURRENCE('1','Body','',#5,#63,$);
#2141 = PRODUCT_RELATED_PRODUCT_CATEGORY('part',$,(#65));
#2142 = SHAPE_DEFINITION_REPRESENTATION(#2143,#2149);
#2143 = PRODUCT_DEFINITION_SHAPE('','',#2144);
#2144 = PRODUCT_DEFINITION('design','',#2145,#2148);
#2145 = PRODUCT_DEFINITION_FORMATION('','',#2146);
#2146 = PRODUCT('Body','Body','',(#2147));
#2147 = PRODUCT_CONTEXT('',#2,'mechanical');
#2148 = PRODUCT_DEFINITION_CONTEXT('part definition',#2,'design');
#2149 = ADVANCED_BREP_SHAPE_REPRESENTATION('',(#11,#2150),#4770);
#2150 = MANIFOLD_SOLID_BREP('',#2151);
#2151 = CLOSED_SHELL('',(#2152,#2216,#2271,#2585,#2702,#2765,#2818,#2835
    ,#2898,#2915,#2943,#2971,#3023,#3068,#3115,#3169,#3216,#3270,#3308,
    #3597,#3614,#3630,#3746,#3771,#3781,#4070,#4081,#4105,#4128,#4151,
    #4174,#4230,#4280,#4291,#4589,#4600,#4636,#4647,#4658,#4670,#4687,
    #4697,#4707,#4719,#4736,#4753));
#2152 = ADVANCED_FACE('',(#2153),#2211,.F.);
#2153 = FACE_BOUND('',#2154,.F.);
#2154 = EDGE_LOOP('',(#2155,#2165,#2180,#2188,#2196,#2204));
#2155 = ORIENTED_EDGE('',*,*,#2156,.F.);
#2156 = EDGE_CURVE('',#2157,#2159,#2161,.T.);
#2157 = VERTEX_POINT('',#2158);
#2158 = CARTESIAN_POINT('',(2.828427124746,-1.E-15,-31.49664234045));
#2159 = VERTEX_POINT('',#2160);
#2160 = CARTESIAN_POINT('',(2.828427124746,-1.E-15,-6.623105625618));
#2161 = LINE('',#2162,#2163);
#2162 = CARTESIAN_POINT('',(2.828427124746,-1.33E-15,-2.5));
#2163 = VECTOR('',#2164,1.);
#2164 = DIRECTION('',(0.,0.,1.));
#2165 = ORIENTED_EDGE('',*,*,#2166,.F.);
#2166 = EDGE_CURVE('',#2167,#2157,#2169,.T.);
#2167 = VERTEX_POINT('',#2168);
#2168 = CARTESIAN_POINT('',(3.062804476091,-0.234377351345,
    -31.55297248861));
#2169 = B_SPLINE_CURVE_WITH_KNOTS('',9,(#2170,#2171,#2172,#2173,#2174,
    #2175,#2176,#2177,#2178,#2179),.UNSPECIFIED.,.F.,.F.,(10,10),(0.,1.)
  ,.PIECEWISE_BEZIER_KNOTS.);
#2170 = CARTESIAN_POINT('',(3.062804476091,-0.234377351345,
    -31.55297248861));
#2171 = CARTESIAN_POINT('',(3.049171329703,-0.220744204957,
    -31.60805871867));
#2172 = CARTESIAN_POINT('',(3.028308685661,-0.199881560915,
    -31.65991562443));
#2173 = CARTESIAN_POINT('',(2.996192172987,-0.16776504824,
    -31.70184119576));
#2174 = CARTESIAN_POINT('',(2.952918615974,-0.124491491228,
    -31.73458646803));
#2175 = CARTESIAN_POINT('',(2.88972005314,-6.129292839399E-02,
    -31.7193973536));
#2176 = CARTESIAN_POINT('',(2.856525011964,-2.80978872178E-02,
    -31.66827365253));
#2177 = CARTESIAN_POINT('',(2.836005094152,-7.577969405784E-03,
    -31.61369746495));
#2178 = CARTESIAN_POINT('',(2.828427124746,-1.78E-15,-31.55500515483));
#2179 = CARTESIAN_POINT('',(2.828427124746,-1.78E-15,-31.49664234045));
#2180 = ORIENTED_EDGE('',*,*,#2181,.T.);
#2181 = EDGE_CURVE('',#2167,#2182,#2184,.T.);
#2182 = VERTEX_POINT('',#2183);
#2183 = CARTESIAN_POINT('',(10.253048327205,-7.424621202459,-2.5));
#2184 = LINE('',#2185,#2186);
#2185 = CARTESIAN_POINT('',(5.576143286161,-2.747716161415,
    -21.39755011135));
#2186 = VECTOR('',#2187,1.);
#2187 = DIRECTION('',(0.233593025493,-0.233593025493,0.943858356366));
#2188 = ORIENTED_EDGE('',*,*,#2189,.F.);
#2189 = EDGE_CURVE('',#2190,#2182,#2192,.T.);
#2190 = VERTEX_POINT('',#2191);
#2191 = CARTESIAN_POINT('',(10.146341023651,-7.317913898904,-2.5));
#2192 = LINE('',#2193,#2194);
#2193 = CARTESIAN_POINT('',(-7.424621202459,10.253048327205,-2.5));
#2194 = VECTOR('',#2195,1.);
#2195 = DIRECTION('',(0.707106781187,-0.707106781187,0.));
#2196 = ORIENTED_EDGE('',*,*,#2197,.F.);
#2197 = EDGE_CURVE('',#2198,#2190,#2200,.T.);
#2198 = VERTEX_POINT('',#2199);
#2199 = CARTESIAN_POINT('',(4.654583911577,-1.826156786831,-2.5));
#2200 = LINE('',#2201,#2202);
#2201 = CARTESIAN_POINT('',(-7.424621202459,10.253048327205,-2.5));
#2202 = VECTOR('',#2203,1.);
#2203 = DIRECTION('',(0.707106781187,-0.707106781187,0.));
#2204 = ORIENTED_EDGE('',*,*,#2205,.F.);
#2205 = EDGE_CURVE('',#2159,#2198,#2206,.T.);
#2206 = CIRCLE('',#2207,4.582575694956);
#2207 = AXIS2_PLACEMENT_3D('',#2208,#2209,#2210);
#2208 = CARTESIAN_POINT('',(1.414213562373,1.414213562373,-2.5));
#2209 = DIRECTION('',(-0.707106781187,-0.707106781187,0.));
#2210 = DIRECTION('',(0.707106781187,-0.707106781187,0.));
#2211 = PLANE('',#2212);
#2212 = AXIS2_PLACEMENT_3D('',#2213,#2214,#2215);
#2213 = CARTESIAN_POINT('',(-7.424621202459,10.253048327205,-2.5));
#2214 = DIRECTION('',(-0.707106781187,-0.707106781187,-0.));
#2215 = DIRECTION('',(0.707106781187,-0.707106781187,0.));
#2216 = ADVANCED_FACE('',(#2217),#2266,.F.);
#2217 = FACE_BOUND('',#2218,.F.);
#2218 = EDGE_LOOP('',(#2219,#2220,#2229,#2237,#2245,#2253));
#2219 = ORIENTED_EDGE('',*,*,#2156,.T.);
#2220 = ORIENTED_EDGE('',*,*,#2221,.F.);
#2221 = EDGE_CURVE('',#2222,#2159,#2224,.T.);
#2222 = VERTEX_POINT('',#2223);
#2223 = CARTESIAN_POINT('',(4.654583911577,1.826156786831,-2.5));
#2224 = CIRCLE('',#2225,4.582575694956);
#2225 = AXIS2_PLACEMENT_3D('',#2226,#2227,#2228);
#2226 = CARTESIAN_POINT('',(1.414213562373,-1.414213562373,-2.5));
#2227 = DIRECTION('',(-0.707106781187,0.707106781187,0.));
#2228 = DIRECTION('',(-0.707106781187,-0.707106781187,0.));
#2229 = ORIENTED_EDGE('',*,*,#2230,.F.);
#2230 = EDGE_CURVE('',#2231,#2222,#2233,.T.);
#2231 = VERTEX_POINT('',#2232);
#2232 = CARTESIAN_POINT('',(10.146341023651,7.317913898904,-2.5));
#2233 = LINE('',#2234,#2235);
#2234 = CARTESIAN_POINT('',(10.253048327205,7.424621202459,-2.5));
#2235 = VECTOR('',#2236,1.);
#2236 = DIRECTION('',(-0.707106781187,-0.707106781187,0.));
#2237 = ORIENTED_EDGE('',*,*,#2238,.F.);
#2238 = EDGE_CURVE('',#2239,#2231,#2241,.T.);
#2239 = VERTEX_POINT('',#2240);
#2240 = CARTESIAN_POINT('',(10.253048327205,7.424621202459,-2.5));
#2241 = LINE('',#2242,#2243);
#2242 = CARTESIAN_POINT('',(10.253048327205,7.424621202459,-2.5));
#2243 = VECTOR('',#2244,1.);
#2244 = DIRECTION('',(-0.707106781187,-0.707106781187,0.));
#2245 = ORIENTED_EDGE('',*,*,#2246,.T.);
#2246 = EDGE_CURVE('',#2239,#2247,#2249,.T.);
#2247 = VERTEX_POINT('',#2248);
#2248 = CARTESIAN_POINT('',(3.062804476091,0.234377351345,
    -31.55297248861));
#2249 = LINE('',#2250,#2251);
#2250 = CARTESIAN_POINT('',(10.253048327205,7.424621202459,-2.5));
#2251 = VECTOR('',#2252,1.);
#2252 = DIRECTION('',(-0.233593025493,-0.233593025493,-0.943858356366));
#2253 = ORIENTED_EDGE('',*,*,#2254,.F.);
#2254 = EDGE_CURVE('',#2157,#2247,#2255,.T.);
#2255 = B_SPLINE_CURVE_WITH_KNOTS('',9,(#2256,#2257,#2258,#2259,#2260,
    #2261,#2262,#2263,#2264,#2265),.UNSPECIFIED.,.F.,.F.,(10,10),(0.,1.)
  ,.PIECEWISE_BEZIER_KNOTS.);
#2256 = CARTESIAN_POINT('',(2.828427124746,-8.9E-16,-31.49664234045));
#2257 = CARTESIAN_POINT('',(2.828427124746,-8.9E-16,-31.55500515483));
#2258 = CARTESIAN_POINT('',(2.836005094152,7.577969405782E-03,
    -31.61369746495));
#2259 = CARTESIAN_POINT('',(2.856525011964,2.80978872178E-02,
    -31.66827365253));
#2260 = CARTESIAN_POINT('',(2.88972005314,6.129292839399E-02,
    -31.7193973536));
#2261 = CARTESIAN_POINT('',(2.952918615974,0.124491491228,
    -31.73458646803));
#2262 = CARTESIAN_POINT('',(2.996192172987,0.16776504824,-31.70184119576
    ));
#2263 = CARTESIAN_POINT('',(3.028308685661,0.199881560915,
    -31.65991562443));
#2264 = CARTESIAN_POINT('',(3.049171329703,0.220744204957,
    -31.60805871867));
#2265 = CARTESIAN_POINT('',(3.062804476091,0.234377351345,
    -31.55297248861));
#2266 = PLANE('',#2267);
#2267 = AXIS2_PLACEMENT_3D('',#2268,#2269,#2270);
#2268 = CARTESIAN_POINT('',(10.253048327205,7.424621202459,-2.5));
#2269 = DIRECTION('',(-0.707106781187,0.707106781187,0.));
#2270 = DIRECTION('',(-0.707106781187,-0.707106781187,0.));
#2271 = ADVANCED_FACE('',(#2272),#2328,.F.);
#2272 = FACE_BOUND('',#2273,.F.);
#2273 = EDGE_LOOP('',(#2274,#2288,#2300,#2313,#2314,#2315));
#2274 = ORIENTED_EDGE('',*,*,#2275,.T.);
#2275 = EDGE_CURVE('',#2276,#2278,#2280,.T.);
#2276 = VERTEX_POINT('',#2277);
#2277 = CARTESIAN_POINT('',(2.492478109466,0.667408644266,
    -31.83035042472));
#2278 = VERTEX_POINT('',#2279);
#2279 = CARTESIAN_POINT('',(1.8250694652,3.E-15,-32.5));
#2280 = ( BOUNDED_CURVE() B_SPLINE_CURVE(6,(#2281,#2282,#2283,#2284,
#2285,#2286,#2287),.UNSPECIFIED.,.F.,.F.) B_SPLINE_CURVE_WITH_KNOTS((7,7
),(0.,1.234121507408),.PIECEWISE_BEZIER_KNOTS.) CURVE() 
GEOMETRIC_REPRESENTATION_ITEM() RATIONAL_B_SPLINE_CURVE((1.019247042899,
    1.006250771092,0.998720975332,0.996243370058,0.998720975332,
1.006250771092,1.019247042899)) REPRESENTATION_ITEM('') );
#2281 = CARTESIAN_POINT('',(2.492478109466,0.667408644266,
    -31.83035042472));
#2282 = CARTESIAN_POINT('',(2.443810579436,0.618741114237,
    -32.02699694191));
#2283 = CARTESIAN_POINT('',(2.361329856685,0.536260391485,
    -32.20343038949));
#2284 = CARTESIAN_POINT('',(2.250070359069,0.42500089387,-32.34715732187
    ));
#2285 = CARTESIAN_POINT('',(2.117391139698,0.292321674498,
    -32.44818816964));
#2286 = CARTESIAN_POINT('',(1.97239038985,0.14732092465,-32.5));
#2287 = CARTESIAN_POINT('',(1.8250694652,3.36E-15,-32.5));
#2288 = ORIENTED_EDGE('',*,*,#2289,.T.);
#2289 = EDGE_CURVE('',#2278,#2290,#2292,.T.);
#2290 = VERTEX_POINT('',#2291);
#2291 = CARTESIAN_POINT('',(2.492478109466,-0.667408644266,
    -31.83035042472));
#2292 = ( BOUNDED_CURVE() B_SPLINE_CURVE(6,(#2293,#2294,#2295,#2296,
#2297,#2298,#2299),.UNSPECIFIED.,.F.,.F.) B_SPLINE_CURVE_WITH_KNOTS((7,7
),(0.,1.234121507408),.PIECEWISE_BEZIER_KNOTS.) CURVE() 
GEOMETRIC_REPRESENTATION_ITEM() RATIONAL_B_SPLINE_CURVE((1.019247042899,
    1.006250771092,0.998720975332,0.996243370058,0.998720975332,
1.006250771092,1.019247042899)) REPRESENTATION_ITEM('') );
#2293 = CARTESIAN_POINT('',(1.8250694652,3.14E-15,-32.5));
#2294 = CARTESIAN_POINT('',(1.97239038985,-0.14732092465,-32.5));
#2295 = CARTESIAN_POINT('',(2.117391139698,-0.292321674498,
    -32.44818816964));
#2296 = CARTESIAN_POINT('',(2.250070359069,-0.42500089387,
    -32.34715732187));
#2297 = CARTESIAN_POINT('',(2.361329856685,-0.536260391485,
    -32.20343038949));
#2298 = CARTESIAN_POINT('',(2.443810579436,-0.618741114237,
    -32.02699694191));
#2299 = CARTESIAN_POINT('',(2.492478109466,-0.667408644266,
    -31.83035042472));
#2300 = ORIENTED_EDGE('',*,*,#2301,.T.);
#2301 = EDGE_CURVE('',#2290,#2167,#2302,.T.);
#2302 = B_SPLINE_CURVE_WITH_KNOTS('',9,(#2303,#2304,#2305,#2306,#2307,
    #2308,#2309,#2310,#2311,#2312),.UNSPECIFIED.,.F.,.F.,(10,10),(0.,1.)
  ,.PIECEWISE_BEZIER_KNOTS.);
#2303 = CARTESIAN_POINT('',(2.492478109466,-0.667408644266,
    -31.83035042472));
#2304 = CARTESIAN_POINT('',(2.561133818989,-0.598752934742,
    -31.83035042472));
#2305 = CARTESIAN_POINT('',(2.627344837209,-0.527522292424,
    -31.84049159683));
#2306 = CARTESIAN_POINT('',(2.691673848779,-0.457091555825,
    -31.85281894296));
#2307 = CARTESIAN_POINT('',(2.760538925091,-0.386745704195,
    -31.85581056087));
#2308 = CARTESIAN_POINT('',(2.831143608069,-0.320006112147,-31.848001898
    ));
#2309 = CARTESIAN_POINT('',(2.914794547932,-0.254586734106,
    -31.81116858087));
#2310 = CARTESIAN_POINT('',(2.989676939509,-0.216814704805,
    -31.7361943271));
#2311 = CARTESIAN_POINT('',(3.040120434994,-0.211693310248,
    -31.64462985595));
#2312 = CARTESIAN_POINT('',(3.062804476091,-0.234377351345,
    -31.55297248861));
#2313 = ORIENTED_EDGE('',*,*,#2166,.T.);
#2314 = ORIENTED_EDGE('',*,*,#2254,.T.);
#2315 = ORIENTED_EDGE('',*,*,#2316,.T.);
#2316 = EDGE_CURVE('',#2247,#2276,#2317,.T.);
#2317 = B_SPLINE_CURVE_WITH_KNOTS('',9,(#2318,#2319,#2320,#2321,#2322,
    #2323,#2324,#2325,#2326,#2327),.UNSPECIFIED.,.F.,.F.,(10,10),(0.,1.)
  ,.PIECEWISE_BEZIER_KNOTS.);
#2318 = CARTESIAN_POINT('',(3.062804476091,0.234377351345,
    -31.55297248861));
#2319 = CARTESIAN_POINT('',(3.040120434994,0.211693310248,
    -31.64462985595));
#2320 = CARTESIAN_POINT('',(2.989676939509,0.216814704805,-31.7361943271
    ));
#2321 = CARTESIAN_POINT('',(2.914794547932,0.254586734106,
    -31.81116858087));
#2322 = CARTESIAN_POINT('',(2.831143608069,0.320006112147,-31.848001898)
  );
#2323 = CARTESIAN_POINT('',(2.760538925091,0.386745704195,
    -31.85581056087));
#2324 = CARTESIAN_POINT('',(2.691673848779,0.457091555825,
    -31.85281894296));
#2325 = CARTESIAN_POINT('',(2.627344837209,0.527522292424,
    -31.84049159683));
#2326 = CARTESIAN_POINT('',(2.561133818989,0.598752934742,
    -31.83035042472));
#2327 = CARTESIAN_POINT('',(2.492478109466,0.667408644266,
    -31.83035042472));
#2328 = B_SPLINE_SURFACE_WITH_KNOTS('',8,8,(
    (#2329,#2330,#2331,#2332,#2333,#2334,#2335,#2336,#2337,#2338,#2339
      ,#2340,#2341,#2342,#2343,#2344)
    ,(#2345,#2346,#2347,#2348,#2349,#2350,#2351,#2352,#2353,#2354,#2355
      ,#2356,#2357,#2358,#2359,#2360)
    ,(#2361,#2362,#2363,#2364,#2365,#2366,#2367,#2368,#2369,#2370,#2371
      ,#2372,#2373,#2374,#2375,#2376)
    ,(#2377,#2378,#2379,#2380,#2381,#2382,#2383,#2384,#2385,#2386,#2387
      ,#2388,#2389,#2390,#2391,#2392)
    ,(#2393,#2394,#2395,#2396,#2397,#2398,#2399,#2400,#2401,#2402,#2403
      ,#2404,#2405,#2406,#2407,#2408)
    ,(#2409,#2410,#2411,#2412,#2413,#2414,#2415,#2416,#2417,#2418,#2419
      ,#2420,#2421,#2422,#2423,#2424)
    ,(#2425,#2426,#2427,#2428,#2429,#2430,#2431,#2432,#2433,#2434,#2435
      ,#2436,#2437,#2438,#2439,#2440)
    ,(#2441,#2442,#2443,#2444,#2445,#2446,#2447,#2448,#2449,#2450,#2451
      ,#2452,#2453,#2454,#2455,#2456)
    ,(#2457,#2458,#2459,#2460,#2461,#2462,#2463,#2464,#2465,#2466,#2467
      ,#2468,#2469,#2470,#2471,#2472)
    ,(#2473,#2474,#2475,#2476,#2477,#2478,#2479,#2480,#2481,#2482,#2483
      ,#2484,#2485,#2486,#2487,#2488)
    ,(#2489,#2490,#2491,#2492,#2493,#2494,#2495,#2496,#2497,#2498,#2499
      ,#2500,#2501,#2502,#2503,#2504)
    ,(#2505,#2506,#2507,#2508,#2509,#2510,#2511,#2512,#2513,#2514,#2515
      ,#2516,#2517,#2518,#2519,#2520)
    ,(#2521,#2522,#2523,#2524,#2525,#2526,#2527,#2528,#2529,#2530,#2531
      ,#2532,#2533,#2534,#2535,#2536)
    ,(#2537,#2538,#2539,#2540,#2541,#2542,#2543,#2544,#2545,#2546,#2547
      ,#2548,#2549,#2550,#2551,#2552)
    ,(#2553,#2554,#2555,#2556,#2557,#2558,#2559,#2560,#2561,#2562,#2563
      ,#2564,#2565,#2566,#2567,#2568)
    ,(#2569,#2570,#2571,#2572,#2573,#2574,#2575,#2576,#2577,#2578,#2579
      ,#2580,#2581,#2582,#2583,#2584
  )),.UNSPECIFIED.,.F.,.F.,.F.,(9,7,9),(9,7,9),(-1.133120773215,
    -0.279279316959,0.574562139297),(-0.754648306646,-3.912358018033E-03
    ,0.74682359061),.UNSPECIFIED.);
#2329 = CARTESIAN_POINT('',(1.649214040113,-0.817965130696,
    -32.38430349686));
#2330 = CARTESIAN_POINT('',(1.65448164659,-0.709443529349,
    -32.40273243908));
#2331 = CARTESIAN_POINT('',(1.661501608771,-0.601535809088,
    -32.42060937769));
#2332 = CARTESIAN_POINT('',(1.670357758078,-0.495494880345,
    -32.43820774225));
#2333 = CARTESIAN_POINT('',(1.680843783464,-0.39110828361,
    -32.45601779098));
#2334 = CARTESIAN_POINT('',(1.69137212301,-0.291593396136,
    -32.47253842168));
#2335 = CARTESIAN_POINT('',(1.69957675159,-0.192435451184,
    -32.48685548822));
#2336 = CARTESIAN_POINT('',(1.703806864488,-9.810869666365E-02,
    -32.49378563881));
#2337 = CARTESIAN_POINT('',(1.704155509481,9.026346299154E-02,
    -32.49428889929));
#2338 = CARTESIAN_POINT('',(1.700274622485,0.184308812851,
    -32.48789187929));
#2339 = CARTESIAN_POINT('',(1.692430111749,0.283454308167,
    -32.47392435381));
#2340 = CARTESIAN_POINT('',(1.682133189914,0.382924328414,
    -32.45755211784));
#2341 = CARTESIAN_POINT('',(1.671748583837,0.487564757793,
    -32.43987639215));
#2342 = CARTESIAN_POINT('',(1.66284396265,0.594253917241,-32.42235725383
    ));
#2343 = CARTESIAN_POINT('',(1.655637036546,0.703359537966,
    -32.40460995692));
#2344 = CARTESIAN_POINT('',(1.650024750967,0.813714553127,-32.3863521302
    ));
#2345 = CARTESIAN_POINT('',(1.752909619219,-0.810084029814,
    -32.37157505234));
#2346 = CARTESIAN_POINT('',(1.762709394619,-0.702617869777,
    -32.39457307272));
#2347 = CARTESIAN_POINT('',(1.773879068501,-0.595496486392,
    -32.4165291492));
#2348 = CARTESIAN_POINT('',(1.78659354824,-0.490649195895,
    -32.43742292965));
#2349 = CARTESIAN_POINT('',(1.80080072663,-0.386279443007,-32.459396426)
  );
#2350 = CARTESIAN_POINT('',(1.814704974399,-0.289121126774,
    -32.4783288375));
#2351 = CARTESIAN_POINT('',(1.82526296856,-0.190104080565,
    -32.49653538134));
#2352 = CARTESIAN_POINT('',(1.830753240748,-9.668456086093E-02,
    -32.50565407496));
#2353 = CARTESIAN_POINT('',(1.831121529532,8.893851178206E-02,
    -32.50627940976));
#2354 = CARTESIAN_POINT('',(1.82600727117,0.181838778817,-32.49786863098
    ));
#2355 = CARTESIAN_POINT('',(1.815840532629,0.281191292783,
    -32.47980561622));
#2356 = CARTESIAN_POINT('',(1.802134559737,0.377790344131,
    -32.46121761662));
#2357 = CARTESIAN_POINT('',(1.787984157182,0.482590702072,
    -32.43920468043));
#2358 = CARTESIAN_POINT('',(1.775124716553,0.587861006399,-32.4184152661
    ));
#2359 = CARTESIAN_POINT('',(1.763650296298,0.696126167397,-32.3965530885
    ));
#2360 = CARTESIAN_POINT('',(1.753356899746,0.805379672507,-32.3737034632
    ));
#2361 = CARTESIAN_POINT('',(1.848754444525,-0.802948929466,
    -32.34319645425));
#2362 = CARTESIAN_POINT('',(1.86398153052,-0.69659329915,-32.37150465019
    ));
#2363 = CARTESIAN_POINT('',(1.880102396523,-0.590747214238,
    -32.39738595161));
#2364 = CARTESIAN_POINT('',(1.897327419247,-0.484586871842,
    -32.42553306035));
#2365 = CARTESIAN_POINT('',(1.915845508677,-0.386242698576,
    -32.44249800112));
#2366 = CARTESIAN_POINT('',(1.933716936953,-0.283134547077,
    -32.47756548456));
#2367 = CARTESIAN_POINT('',(1.947170823615,-0.191734221727,
    -32.48694505565));
#2368 = CARTESIAN_POINT('',(1.9540279525,-9.509800187972E-02,
    -32.50615015863));
#2369 = CARTESIAN_POINT('',(1.954431455889,8.748839916791E-02,
    -32.50746383847));
#2370 = CARTESIAN_POINT('',(1.948169629543,0.182722115096,
    -32.48808766511));
#2371 = CARTESIAN_POINT('',(1.934876712659,0.276770438091,
    -32.47942150163));
#2372 = CARTESIAN_POINT('',(1.917583805207,0.376061713597,
    -32.44471638864));
#2373 = CARTESIAN_POINT('',(1.898867636626,0.477164774948,
    -32.42738353491));
#2374 = CARTESIAN_POINT('',(1.881395045136,0.582673800074,
    -32.39953291651));
#2375 = CARTESIAN_POINT('',(1.864948064529,0.689705445014,
    -32.37369838517));
#2376 = CARTESIAN_POINT('',(1.849097954677,0.797804892164,
    -32.34553590072));
#2377 = CARTESIAN_POINT('',(1.938392905855,-0.796523776117,
    -32.30098934317));
#2378 = CARTESIAN_POINT('',(1.959631631259,-0.691343921098,
    -32.33502803815));
#2379 = CARTESIAN_POINT('',(1.98101917566,-0.585807140744,
    -32.36739404901));
#2380 = CARTESIAN_POINT('',(2.003435305023,-0.483184839015,
    -32.38982741637));
#2381 = CARTESIAN_POINT('',(2.026824519387,-0.378216085031,
    -32.43523068925));
#2382 = CARTESIAN_POINT('',(2.050361643499,-0.288706676556,
    -32.43745853282));
#2383 = CARTESIAN_POINT('',(2.06552518628,-0.186917428672,
    -32.48174046271));
#2384 = CARTESIAN_POINT('',(2.073696390916,-0.101589606552,
    -32.48125666178));
#2385 = CARTESIAN_POINT('',(2.07439023162,9.342775572843E-02,
    -32.48128323488));
#2386 = CARTESIAN_POINT('',(2.066474542447,0.181701432069,
    -32.48432627551));
#2387 = CARTESIAN_POINT('',(2.052312625612,0.275945193311,
    -32.43900892224));
#2388 = CARTESIAN_POINT('',(2.028511229213,0.374397531436,
    -32.43747396275));
#2389 = CARTESIAN_POINT('',(2.005248850729,0.472498562222,
    -32.39232910244));
#2390 = CARTESIAN_POINT('',(1.983111945095,0.577712596574,
    -32.36974268554));
#2391 = CARTESIAN_POINT('',(1.960853921257,0.684071189561,
    -32.33751634521));
#2392 = CARTESIAN_POINT('',(1.938858542713,0.790982480737,
    -32.30363713669));
#2393 = CARTESIAN_POINT('',(2.023177482764,-0.790087949024,
    -32.24728009845));
#2394 = CARTESIAN_POINT('',(2.050830449085,-0.686158936228,
    -32.28703595749));
#2395 = CARTESIAN_POINT('',(2.078116335355,-0.581758182576,
    -32.32116356329));
#2396 = CARTESIAN_POINT('',(2.106442584619,-0.477933161192,
    -32.36253667598));
#2397 = CARTESIAN_POINT('',(2.132792956276,-0.379531821502,
    -32.37102240362));
#2398 = CARTESIAN_POINT('',(2.162434485548,-0.28097818372,-32.4272196899
    ));
#2399 = CARTESIAN_POINT('',(2.182079650721,-0.192580478681,
    -32.43024797577));
#2400 = CARTESIAN_POINT('',(2.19243518108,-9.20045813521E-02,
    -32.45058408088));
#2401 = CARTESIAN_POINT('',(2.193014499378,8.475227987709E-02,
    -32.45197427801));
#2402 = CARTESIAN_POINT('',(2.183692780784,0.182051339293,
    -32.43088175703));
#2403 = CARTESIAN_POINT('',(2.164075077043,0.277691719892,
    -32.43040146228));
#2404 = CARTESIAN_POINT('',(2.135488832546,0.366954751195,
    -32.37311589673));
#2405 = CARTESIAN_POINT('',(2.109443051882,0.470719377368,
    -32.36512736979));
#2406 = CARTESIAN_POINT('',(2.079468048012,0.573675794043,
    -32.32379064555));
#2407 = CARTESIAN_POINT('',(2.052430545977,0.678591287942,
    -32.28986250467));
#2408 = CARTESIAN_POINT('',(2.023960621813,0.784174444037,
    -32.25030602151));
#2409 = CARTESIAN_POINT('',(2.104724600113,-0.783742943063,
    -32.1845084317));
#2410 = CARTESIAN_POINT('',(2.138788917492,-0.681109108969,
    -32.23033034344));
#2411 = CARTESIAN_POINT('',(2.171732240367,-0.577429912036,
    -32.27193763873));
#2412 = CARTESIAN_POINT('',(2.204316212285,-0.472436830051,
    -32.30306087686));
#2413 = CARTESIAN_POINT('',(2.239317067852,-0.373701864444,
    -32.34912024973));
#2414 = CARTESIAN_POINT('',(2.273429601595,-0.280481138676,
    -32.36906151793));
#2415 = CARTESIAN_POINT('',(2.296641907536,-0.184407823894,
    -32.40158504057));
#2416 = CARTESIAN_POINT('',(2.309023659002,-9.738431509823E-02,
    -32.4098346899));
#2417 = CARTESIAN_POINT('',(2.309932037877,8.986714147716E-02,
    -32.41044210176));
#2418 = CARTESIAN_POINT('',(2.298219765082,0.178375490538,
    -32.40378456322));
#2419 = CARTESIAN_POINT('',(2.275911649764,0.270383505174,-32.3709674519
    ));
#2420 = CARTESIAN_POINT('',(2.24281538563,0.366975528645,-32.35237165626
    ));
#2421 = CARTESIAN_POINT('',(2.205941487645,0.46409143313,-32.30571794857
    ));
#2422 = CARTESIAN_POINT('',(2.175547314089,0.567793282697,
    -32.27510615606));
#2423 = CARTESIAN_POINT('',(2.141018374744,0.673144071437,
    -32.23357154765));
#2424 = CARTESIAN_POINT('',(2.105965562293,0.777534914192,-32.1879810405
    ));
#2425 = CARTESIAN_POINT('',(2.183558698532,-0.777390664272,
    -32.11422025354));
#2426 = CARTESIAN_POINT('',(2.224283945532,-0.676681729703,
    -32.16598258389));
#2427 = CARTESIAN_POINT('',(2.263550617377,-0.573862032855,
    -32.21135510888));
#2428 = CARTESIAN_POINT('',(2.30165776417,-0.470381408588,
    -32.25411016822));
#2429 = CARTESIAN_POINT('',(2.342324473793,-0.370428510996,
    -32.28698474195));
#2430 = CARTESIAN_POINT('',(2.383065800444,-0.27841837619,
    -32.32738404445));
#2431 = CARTESIAN_POINT('',(2.40957098714,-0.185691703938,
    -32.34911616225));
#2432 = CARTESIAN_POINT('',(2.423843994388,-9.389384351426E-02,
    -32.36288407653));
#2433 = CARTESIAN_POINT('',(2.424721545724,8.683185601466E-02,
    -32.36382790765));
#2434 = CARTESIAN_POINT('',(2.411346700527,0.178262213305,
    -32.35082180089));
#2435 = CARTESIAN_POINT('',(2.385881096033,0.270572158986,
    -32.32996388368));
#2436 = CARTESIAN_POINT('',(2.345171416625,0.363755275111,
    -32.29024270505));
#2437 = CARTESIAN_POINT('',(2.30648871124,0.459964212386,-32.25740900664
    ));
#2438 = CARTESIAN_POINT('',(2.266337958057,0.565707212318,
    -32.21478603334));
#2439 = CARTESIAN_POINT('',(2.227066200867,0.668624210292,
    -32.16968159666));
#2440 = CARTESIAN_POINT('',(2.185350947455,0.77100992203,-32.11818597645
    ));
#2441 = CARTESIAN_POINT('',(2.258242045187,-0.769555909695,
    -32.03679824266));
#2442 = CARTESIAN_POINT('',(2.304815536648,-0.671796687571,
    -32.09375766781));
#2443 = CARTESIAN_POINT('',(2.349606188763,-0.571312079567,
    -32.14396469335));
#2444 = CARTESIAN_POINT('',(2.391566749264,-0.46582353788,
    -32.18672291211));
#2445 = CARTESIAN_POINT('',(2.442441577463,-0.371530841076,
    -32.23157362253));
#2446 = CARTESIAN_POINT('',(2.483729295404,-0.276845611119,
    -32.2678721544));
#2447 = CARTESIAN_POINT('',(2.515591686545,-0.185206943891,
    -32.29494127479));
#2448 = CARTESIAN_POINT('',(2.531489419144,-9.43227663371E-02,
    -32.30857947204));
#2449 = CARTESIAN_POINT('',(2.532384394662,8.727725099586E-02,
    -32.30949216163));
#2450 = CARTESIAN_POINT('',(2.517463519469,0.178006975025,
    -32.29679977446));
#2451 = CARTESIAN_POINT('',(2.486087169782,0.269463535891,
    -32.27039876445));
#2452 = CARTESIAN_POINT('',(2.446276676845,0.363566672949,
    -32.23501224334));
#2453 = CARTESIAN_POINT('',(2.395671882617,0.45762062732,-32.19048643333
    ));
#2454 = CARTESIAN_POINT('',(2.353675958665,0.56221413625,-32.14778478198
    ));
#2455 = CARTESIAN_POINT('',(2.30833807051,0.663552914733,-32.09789082873
    ));
#2456 = CARTESIAN_POINT('',(2.260647249321,0.763093404847,
    -32.04123446025));
#2457 = CARTESIAN_POINT('',(2.396533575383,-0.747295296472,
    -31.86976885165));
#2458 = CARTESIAN_POINT('',(2.452508504416,-0.657213650408,
    -31.9355523223));
#2459 = CARTESIAN_POINT('',(2.504417474523,-0.563179992817,
    -31.99238817396));
#2460 = CARTESIAN_POINT('',(2.558699579679,-0.460955398998,
    -32.0430963299));
#2461 = CARTESIAN_POINT('',(2.615188175794,-0.375239101068,
    -32.09618920086));
#2462 = CARTESIAN_POINT('',(2.667586125255,-0.27753971192,
    -32.13816090631));
#2463 = CARTESIAN_POINT('',(2.704742829685,-0.187002549798,
    -32.16739604739));
#2464 = CARTESIAN_POINT('',(2.72297385939,-9.512949606226E-02,
    -32.181714948));
#2465 = CARTESIAN_POINT('',(2.7237612551,8.791750218446E-02,
    -32.18257381769));
#2466 = CARTESIAN_POINT('',(2.706201599472,0.179676470906,
    -32.16904479947));
#2467 = CARTESIAN_POINT('',(2.670543279486,0.270230580104,-32.1411083419
    ));
#2468 = CARTESIAN_POINT('',(2.618390433658,0.366953265939,
    -32.09943963581));
#2469 = CARTESIAN_POINT('',(2.563206886055,0.454132638338,
    -32.04771428768));
#2470 = CARTESIAN_POINT('',(2.509881378336,0.55375054212,-31.9968299842)
  );
#2471 = CARTESIAN_POINT('',(2.457305644929,0.648927963683,
    -31.94045175382));
#2472 = CARTESIAN_POINT('',(2.400043821279,0.740943198731,
    -31.87503576773));
#2473 = CARTESIAN_POINT('',(2.458053818843,-0.735537620215,
    -31.78016712856));
#2474 = CARTESIAN_POINT('',(2.515667567593,-0.652359096709,
    -31.84954315917));
#2475 = CARTESIAN_POINT('',(2.550871375226,-0.560625048791,
    -31.89653354895));
#2476 = CARTESIAN_POINT('',(2.705759454668,-0.443494879609,
    -32.00545620271));
#2477 = CARTESIAN_POINT('',(2.572032492614,-0.406814274828,
    -31.94146416555));
#2478 = CARTESIAN_POINT('',(2.848941114353,-0.250365903582,
    -32.14787783694));
#2479 = CARTESIAN_POINT('',(2.76791577313,-0.20127636658,-32.05492179006
    ));
#2480 = CARTESIAN_POINT('',(2.799227461713,-9.509870806856E-02,
    -32.11186802634));
#2481 = CARTESIAN_POINT('',(2.799462928132,8.781141661165E-02,
    -32.11397238846));
#2482 = CARTESIAN_POINT('',(2.761905083562,0.192377878404,
    -32.05416903734));
#2483 = CARTESIAN_POINT('',(2.871364314708,0.246654400407,
    -32.15314746497));
#2484 = CARTESIAN_POINT('',(2.56513296421,0.39597808723,-31.94787435603)
  );
#2485 = CARTESIAN_POINT('',(2.713003018615,0.43568873028,-32.00681846945
    ));
#2486 = CARTESIAN_POINT('',(2.555479672791,0.554444308882,
    -31.90229679257));
#2487 = CARTESIAN_POINT('',(2.521135574598,0.644075865473,
    -31.85481125249));
#2488 = CARTESIAN_POINT('',(2.462089106723,0.729311866728,
    -31.78581787182));
#2489 = CARTESIAN_POINT('',(2.525851316272,-0.703251092682,
    -31.68568285853));
#2490 = CARTESIAN_POINT('',(2.59447735869,-0.616321991289,
    -31.75843192144));
#2491 = CARTESIAN_POINT('',(2.714154457656,-0.548531332904,
    -31.86492826736));
#2492 = CARTESIAN_POINT('',(2.442685020598,-0.506354691883,
    -31.72850197873));
#2493 = CARTESIAN_POINT('',(3.158236327706,-0.293407615098,
    -32.21263991703));
#2494 = CARTESIAN_POINT('',(2.488261322803,-0.388881938558,
    -31.69568257335));
#2495 = CARTESIAN_POINT('',(2.879026205248,-0.139516902258,
    -32.14499228814));
#2496 = CARTESIAN_POINT('',(2.91647953159,-0.105035677832,
    -32.02095694187));
#2497 = CARTESIAN_POINT('',(2.920999641051,9.628475195218E-02,
    -32.01743456327));
#2498 = CARTESIAN_POINT('',(2.912920412139,0.137232160254,
    -32.15590597897));
#2499 = CARTESIAN_POINT('',(2.39612921629,0.370941360165,-31.68475247847
    ));
#2500 = CARTESIAN_POINT('',(3.227960982098,0.28536688086,-32.21137545771
    ));
#2501 = CARTESIAN_POINT('',(2.418036006254,0.510352300043,
    -31.74174021399));
#2502 = CARTESIAN_POINT('',(2.724519631792,0.532770771056,
    -31.86595897078));
#2503 = CARTESIAN_POINT('',(2.604241727355,0.604022223445,
    -31.76448491743));
#2504 = CARTESIAN_POINT('',(2.532063720809,0.695675386521,
    -31.69182532986));
#2505 = CARTESIAN_POINT('',(2.552282391018,-0.696514983977,
    -31.5812479883));
#2506 = CARTESIAN_POINT('',(2.609716689157,-0.622593871691,
    -31.65248247516));
#2507 = CARTESIAN_POINT('',(2.554632157732,-0.526804063866,
    -31.64852098804));
#2508 = CARTESIAN_POINT('',(3.185478288945,-0.443375567982,
    -32.05009853568));
#2509 = CARTESIAN_POINT('',(2.098044129744,-0.465617488528,
    -31.35805224232));
#2510 = CARTESIAN_POINT('',(3.34990573973,-0.149588235428,
    -32.35900329841));
#2511 = CARTESIAN_POINT('',(3.033293647942,-0.288572703198,
    -31.76762182782));
#2512 = CARTESIAN_POINT('',(2.797908249634,-7.326994763276E-02,
    -31.91701651687));
#2513 = CARTESIAN_POINT('',(2.783404631395,6.787635527978E-02,
    -31.9209434823));
#2514 = CARTESIAN_POINT('',(2.966005938531,0.259952708517,
    -31.74696833648));
#2515 = CARTESIAN_POINT('',(3.558763993426,0.178941189781,
    -32.40405607747));
#2516 = CARTESIAN_POINT('',(1.946399766222,0.437125921202,
    -31.35294754648));
#2517 = CARTESIAN_POINT('',(3.264768033662,0.430768111692,
    -32.04985724402));
#2518 = CARTESIAN_POINT('',(2.543312719385,0.527421525888,
    -31.65721287103));
#2519 = CARTESIAN_POINT('',(2.606625025697,0.625144237297,
    -31.65698234016));
#2520 = CARTESIAN_POINT('',(2.550070919684,0.697726801236,
    -31.58608020597));
#2521 = CARTESIAN_POINT('',(2.584631447733,-0.688194601265,
    -31.48423334246));
#2522 = CARTESIAN_POINT('',(2.637236820349,-0.615095264127,
    -31.5518053866));
#2523 = CARTESIAN_POINT('',(2.803152835753,-0.570196214573,
    -31.67502378258));
#2524 = CARTESIAN_POINT('',(2.303650287095,-0.423137651285,
    -31.44288009142));
#2525 = CARTESIAN_POINT('',(3.32265240879,-0.434520243715,
    -32.06438026348));
#2526 = CARTESIAN_POINT('',(2.741233427917,-0.364241101348,
    -31.5731960286));
#2527 = CARTESIAN_POINT('',(2.469900204655,-9.897700889939E-02,
    -31.77495064506));
#2528 = CARTESIAN_POINT('',(3.13481397641,-0.14683625495,-31.86842074792
    ));
#2529 = CARTESIAN_POINT('',(3.16332651104,0.133910180624,-31.87275009838
    ));
#2530 = CARTESIAN_POINT('',(2.549479215162,0.12953005955,-31.80229312505
    ));
#2531 = CARTESIAN_POINT('',(2.484334692372,0.281016904417,
    -31.49922645128));
#2532 = CARTESIAN_POINT('',(3.562571147614,0.48890114252,-32.12941742796
    ));
#2533 = CARTESIAN_POINT('',(2.188877949949,0.395560674253,
    -31.42164481244));
#2534 = CARTESIAN_POINT('',(2.838721678443,0.567873003145,
    -31.68652590872));
#2535 = CARTESIAN_POINT('',(2.645596448628,0.608065953559,
    -31.55828112398));
#2536 = CARTESIAN_POINT('',(2.587413219816,0.685948262534,
    -31.48998242074));
#2537 = CARTESIAN_POINT('',(2.642197692436,-0.679216726905,
    -31.39982656241));
#2538 = CARTESIAN_POINT('',(2.692325014403,-0.610987954037,
    -31.46392672543));
#2539 = CARTESIAN_POINT('',(2.636311022767,-0.516119122876,
    -31.47159406499));
#2540 = CARTESIAN_POINT('',(3.174612981268,-0.563135403534,
    -31.76999895274));
#2541 = CARTESIAN_POINT('',(2.378683852885,-0.248747694919,
    -31.38795817633));
#2542 = CARTESIAN_POINT('',(3.030118620004,-0.428560628079,
    -31.77600283349));
#2543 = CARTESIAN_POINT('',(3.615821435034,-0.207784565855,
    -31.99668392881));
#2544 = CARTESIAN_POINT('',(2.712206511109,-4.792091293908E-02,
    -31.58193255338));
#2545 = CARTESIAN_POINT('',(2.673517322624,4.462459361623E-02,
    -31.56378305582));
#2546 = CARTESIAN_POINT('',(3.532845289547,0.162364383523,
    -31.95513224898));
#2547 = CARTESIAN_POINT('',(3.284993950302,0.478936251393,
    -31.89725701862));
#2548 = CARTESIAN_POINT('',(2.153475495006,0.193971746471,
    -31.28507950005));
#2549 = CARTESIAN_POINT('',(3.317129985742,0.579828837267,
    -31.83659968624));
#2550 = CARTESIAN_POINT('',(2.612260057519,0.508141544789,
    -31.46398279981));
#2551 = CARTESIAN_POINT('',(2.695031139049,0.610571146286,
    -31.46946502644));
#2552 = CARTESIAN_POINT('',(2.640125312244,0.68089568224,-31.40424291504
    ));
#2553 = CARTESIAN_POINT('',(2.719293675496,-0.669753699553,
    -31.3285473129));
#2554 = CARTESIAN_POINT('',(2.766050262774,-0.603846389197,
    -31.38600470893));
#2555 = CARTESIAN_POINT('',(2.74185005351,-0.528849822615,
    -31.40887700348));
#2556 = CARTESIAN_POINT('',(3.167130625558,-0.501463448317,
    -31.6269651093));
#2557 = CARTESIAN_POINT('',(2.447073855881,-0.328311088635,
    -31.33198654969));
#2558 = CARTESIAN_POINT('',(3.430085885646,-0.376357921794,
    -31.79212340729));
#2559 = CARTESIAN_POINT('',(3.201971582111,-0.173140837215,
    -31.68709350276));
#2560 = CARTESIAN_POINT('',(2.819474084566,-8.455644828685E-02,
    -31.51321306123));
#2561 = CARTESIAN_POINT('',(2.79914317436,7.807515466204E-02,
    -31.50392109802));
#2562 = CARTESIAN_POINT('',(3.139669572233,0.156403659564,
    -31.65910303074));
#2563 = CARTESIAN_POINT('',(3.562248792954,0.378474517994,
    -31.85142388702));
#2564 = CARTESIAN_POINT('',(2.369293412274,0.31551400082,-31.2988065983)
  );
#2565 = CARTESIAN_POINT('',(3.216023646816,0.499264142202,-31.6509806673
    ));
#2566 = CARTESIAN_POINT('',(2.738065668003,0.525344297803,
    -31.41018411669));
#2567 = CARTESIAN_POINT('',(2.765181874387,0.603155066197,
    -31.38969464541));
#2568 = CARTESIAN_POINT('',(2.712134239161,0.671964862026,
    -31.33066364716));
#2569 = CARTESIAN_POINT('',(2.814686042218,-0.658087788162,
    -31.26932882406));
#2570 = CARTESIAN_POINT('',(2.854441520417,-0.593997960125,
    -31.3160354521));
#2571 = CARTESIAN_POINT('',(2.858432036886,-0.524907260019,
    -31.34488033717));
#2572 = CARTESIAN_POINT('',(3.126095135267,-0.473851941333,
    -31.48572793426));
#2573 = CARTESIAN_POINT('',(2.706260716497,-0.354917617445,
    -31.32278889392));
#2574 = CARTESIAN_POINT('',(3.401339322657,-0.333318822178,
    -31.64314510319));
#2575 = CARTESIAN_POINT('',(3.124555620781,-0.177876558772,
    -31.52125164887));
#2576 = CARTESIAN_POINT('',(2.891333181473,-9.056453340827E-02,
    -31.41833507634));
#2577 = CARTESIAN_POINT('',(2.874956961734,8.281301961297E-02,
    -31.41123052894));
#2578 = CARTESIAN_POINT('',(3.080448019732,0.165597057341,
    -31.50212326597));
#2579 = CARTESIAN_POINT('',(3.456681718328,0.327627053255,
    -31.66840357711));
#2580 = CARTESIAN_POINT('',(2.681070759939,0.347363354709,
    -31.31290568833));
#2581 = CARTESIAN_POINT('',(3.138628148572,0.468881987616,
    -31.49366625016));
#2582 = CARTESIAN_POINT('',(2.853608869773,0.522022152465,
    -31.34576254194));
#2583 = CARTESIAN_POINT('',(2.845565242021,0.593614898421,
    -31.31621326335));
#2584 = CARTESIAN_POINT('',(2.798945070472,0.66081988993,-31.26767233735
    ));
#2585 = ADVANCED_FACE('',(#2586),#2697,.F.);
#2586 = FACE_BOUND('',#2587,.F.);
#2587 = EDGE_LOOP('',(#2588,#2599,#2600,#2609,#2618,#2627,#2636,#2645,
    #2654,#2663,#2672,#2681,#2688,#2689,#2690));
#2588 = ORIENTED_EDGE('',*,*,#2589,.F.);
#2589 = EDGE_CURVE('',#2590,#2592,#2594,.T.);
#2590 = VERTEX_POINT('',#2591);
#2591 = CARTESIAN_POINT('',(0.,2.E-15,-7.5));
#2592 = VERTEX_POINT('',#2593);
#2593 = CARTESIAN_POINT('',(3.535533905933,-3.535533905933,-2.5));
#2594 = CIRCLE('',#2595,5.);
#2595 = AXIS2_PLACEMENT_3D('',#2596,#2597,#2598);
#2596 = CARTESIAN_POINT('',(0.,0.,-2.5));
#2597 = DIRECTION('',(-0.707106781187,-0.707106781187,0.));
#2598 = DIRECTION('',(0.707106781187,-0.707106781187,0.));
#2599 = ORIENTED_EDGE('',*,*,#2589,.T.);
#2600 = ORIENTED_EDGE('',*,*,#2601,.F.);
#2601 = EDGE_CURVE('',#2602,#2592,#2604,.T.);
#2602 = VERTEX_POINT('',#2603);
#2603 = CARTESIAN_POINT('',(1.826156786831,-4.654583911577,-2.5));
#2604 = CIRCLE('',#2605,5.);
#2605 = AXIS2_PLACEMENT_3D('',#2606,#2607,#2608);
#2606 = CARTESIAN_POINT('',(0.,0.,-2.5));
#2607 = DIRECTION('',(0.,0.,1.));
#2608 = DIRECTION('',(1.,0.,0.));
#2609 = ORIENTED_EDGE('',*,*,#2610,.T.);
#2610 = EDGE_CURVE('',#2602,#2611,#2613,.T.);
#2611 = VERTEX_POINT('',#2612);
#2612 = CARTESIAN_POINT('',(-1.E-15,-2.828427124746,-6.623105625618));
#2613 = CIRCLE('',#2614,4.582575694956);
#2614 = AXIS2_PLACEMENT_3D('',#2615,#2616,#2617);
#2615 = CARTESIAN_POINT('',(-1.414213562373,-1.414213562373,-2.5));
#2616 = DIRECTION('',(0.707106781187,0.707106781187,-0.));
#2617 = DIRECTION('',(-0.707106781187,0.707106781187,0.));
#2618 = ORIENTED_EDGE('',*,*,#2619,.T.);
#2619 = EDGE_CURVE('',#2611,#2620,#2622,.T.);
#2620 = VERTEX_POINT('',#2621);
#2621 = CARTESIAN_POINT('',(-1.826156786831,-4.654583911577,-2.5));
#2622 = CIRCLE('',#2623,4.582575694956);
#2623 = AXIS2_PLACEMENT_3D('',#2624,#2625,#2626);
#2624 = CARTESIAN_POINT('',(1.414213562373,-1.414213562373,-2.5));
#2625 = DIRECTION('',(-0.707106781187,0.707106781187,0.));
#2626 = DIRECTION('',(-0.707106781187,-0.707106781187,0.));
#2627 = ORIENTED_EDGE('',*,*,#2628,.F.);
#2628 = EDGE_CURVE('',#2629,#2620,#2631,.T.);
#2629 = VERTEX_POINT('',#2630);
#2630 = CARTESIAN_POINT('',(-4.654583911577,-1.826156786831,-2.5));
#2631 = CIRCLE('',#2632,5.);
#2632 = AXIS2_PLACEMENT_3D('',#2633,#2634,#2635);
#2633 = CARTESIAN_POINT('',(0.,0.,-2.5));
#2634 = DIRECTION('',(0.,0.,1.));
#2635 = DIRECTION('',(1.,0.,0.));
#2636 = ORIENTED_EDGE('',*,*,#2637,.T.);
#2637 = EDGE_CURVE('',#2629,#2638,#2640,.T.);
#2638 = VERTEX_POINT('',#2639);
#2639 = CARTESIAN_POINT('',(-2.828427124746,1.E-15,-6.623105625618));
#2640 = CIRCLE('',#2641,4.582575694956);
#2641 = AXIS2_PLACEMENT_3D('',#2642,#2643,#2644);
#2642 = CARTESIAN_POINT('',(-1.414213562373,1.414213562373,-2.5));
#2643 = DIRECTION('',(0.707106781187,-0.707106781187,0.));
#2644 = DIRECTION('',(0.707106781187,0.707106781187,0.));
#2645 = ORIENTED_EDGE('',*,*,#2646,.T.);
#2646 = EDGE_CURVE('',#2638,#2647,#2649,.T.);
#2647 = VERTEX_POINT('',#2648);
#2648 = CARTESIAN_POINT('',(-4.654583911577,1.826156786831,-2.5));
#2649 = CIRCLE('',#2650,4.582575694956);
#2650 = AXIS2_PLACEMENT_3D('',#2651,#2652,#2653);
#2651 = CARTESIAN_POINT('',(-1.414213562373,-1.414213562373,-2.5));
#2652 = DIRECTION('',(0.707106781187,0.707106781187,-0.));
#2653 = DIRECTION('',(-0.707106781187,0.707106781187,0.));
#2654 = ORIENTED_EDGE('',*,*,#2655,.F.);
#2655 = EDGE_CURVE('',#2656,#2647,#2658,.T.);
#2656 = VERTEX_POINT('',#2657);
#2657 = CARTESIAN_POINT('',(-1.826156786831,4.654583911577,-2.5));
#2658 = CIRCLE('',#2659,5.);
#2659 = AXIS2_PLACEMENT_3D('',#2660,#2661,#2662);
#2660 = CARTESIAN_POINT('',(0.,0.,-2.5));
#2661 = DIRECTION('',(0.,0.,1.));
#2662 = DIRECTION('',(1.,0.,0.));
#2663 = ORIENTED_EDGE('',*,*,#2664,.T.);
#2664 = EDGE_CURVE('',#2656,#2665,#2667,.T.);
#2665 = VERTEX_POINT('',#2666);
#2666 = CARTESIAN_POINT('',(2.E-15,2.828427124746,-6.623105625618));
#2667 = CIRCLE('',#2668,4.582575694956);
#2668 = AXIS2_PLACEMENT_3D('',#2669,#2670,#2671);
#2669 = CARTESIAN_POINT('',(1.414213562373,1.414213562373,-2.5));
#2670 = DIRECTION('',(-0.707106781187,-0.707106781187,0.));
#2671 = DIRECTION('',(0.707106781187,-0.707106781187,0.));
#2672 = ORIENTED_EDGE('',*,*,#2673,.T.);
#2673 = EDGE_CURVE('',#2665,#2674,#2676,.T.);
#2674 = VERTEX_POINT('',#2675);
#2675 = CARTESIAN_POINT('',(1.826156786831,4.654583911577,-2.5));
#2676 = CIRCLE('',#2677,4.582575694956);
#2677 = AXIS2_PLACEMENT_3D('',#2678,#2679,#2680);
#2678 = CARTESIAN_POINT('',(-1.414213562373,1.414213562373,-2.5));
#2679 = DIRECTION('',(0.707106781187,-0.707106781187,0.));
#2680 = DIRECTION('',(0.707106781187,0.707106781187,0.));
#2681 = ORIENTED_EDGE('',*,*,#2682,.F.);
#2682 = EDGE_CURVE('',#2222,#2674,#2683,.T.);
#2683 = CIRCLE('',#2684,5.);
#2684 = AXIS2_PLACEMENT_3D('',#2685,#2686,#2687);
#2685 = CARTESIAN_POINT('',(0.,0.,-2.5));
#2686 = DIRECTION('',(0.,0.,1.));
#2687 = DIRECTION('',(1.,0.,0.));
#2688 = ORIENTED_EDGE('',*,*,#2221,.T.);
#2689 = ORIENTED_EDGE('',*,*,#2205,.T.);
#2690 = ORIENTED_EDGE('',*,*,#2691,.F.);
#2691 = EDGE_CURVE('',#2592,#2198,#2692,.T.);
#2692 = CIRCLE('',#2693,5.);
#2693 = AXIS2_PLACEMENT_3D('',#2694,#2695,#2696);
#2694 = CARTESIAN_POINT('',(0.,0.,-2.5));
#2695 = DIRECTION('',(0.,0.,1.));
#2696 = DIRECTION('',(1.,0.,0.));
#2697 = SPHERICAL_SURFACE('',#2698,5.);
#2698 = AXIS2_PLACEMENT_3D('',#2699,#2700,#2701);
#2699 = CARTESIAN_POINT('',(-1.7E-16,7.2E-16,-2.5));
#2700 = DIRECTION('',(0.,0.,1.));
#2701 = DIRECTION('',(0.707106781187,-0.707106781187,0.));
#2702 = ADVANCED_FACE('',(#2703),#2760,.T.);
#2703 = FACE_BOUND('',#2704,.T.);
#2704 = EDGE_LOOP('',(#2705,#2715,#2730,#2736,#2737,#2738,#2746,#2754));
#2705 = ORIENTED_EDGE('',*,*,#2706,.F.);
#2706 = EDGE_CURVE('',#2707,#2709,#2711,.T.);
#2707 = VERTEX_POINT('',#2708);
#2708 = CARTESIAN_POINT('',(0.234377351345,-3.062804476091,
    -31.55297248861));
#2709 = VERTEX_POINT('',#2710);
#2710 = CARTESIAN_POINT('',(7.424621202459,-10.2530483272,-2.5));
#2711 = LINE('',#2712,#2713);
#2712 = CARTESIAN_POINT('',(-1.554312234475E-15,-2.828427124746,-32.5));
#2713 = VECTOR('',#2714,1.);
#2714 = DIRECTION('',(0.233593025493,-0.233593025493,0.943858356366));
#2715 = ORIENTED_EDGE('',*,*,#2716,.F.);
#2716 = EDGE_CURVE('',#2717,#2707,#2719,.T.);
#2717 = VERTEX_POINT('',#2718);
#2718 = CARTESIAN_POINT('',(0.667408644266,-2.492478109466,
    -31.83035042472));
#2719 = B_SPLINE_CURVE_WITH_KNOTS('',9,(#2720,#2721,#2722,#2723,#2724,
    #2725,#2726,#2727,#2728,#2729),.UNSPECIFIED.,.F.,.F.,(10,10),(0.,1.)
  ,.PIECEWISE_BEZIER_KNOTS.);
#2720 = CARTESIAN_POINT('',(0.667408644266,-2.492478109466,
    -31.83035042472));
#2721 = CARTESIAN_POINT('',(0.598752934742,-2.561133818989,
    -31.83035042472));
#2722 = CARTESIAN_POINT('',(0.527522292424,-2.627344837209,
    -31.84049159683));
#2723 = CARTESIAN_POINT('',(0.457091555825,-2.691673848779,
    -31.85281894296));
#2724 = CARTESIAN_POINT('',(0.386745704195,-2.760538925091,
    -31.85581056087));
#2725 = CARTESIAN_POINT('',(0.320006112147,-2.831143608069,-31.848001898
    ));
#2726 = CARTESIAN_POINT('',(0.254586734106,-2.914794547932,
    -31.81116858087));
#2727 = CARTESIAN_POINT('',(0.216814704805,-2.989676939509,
    -31.7361943271));
#2728 = CARTESIAN_POINT('',(0.211693310248,-3.040120434994,
    -31.64462985595));
#2729 = CARTESIAN_POINT('',(0.234377351345,-3.062804476091,
    -31.55297248861));
#2730 = ORIENTED_EDGE('',*,*,#2731,.T.);
#2731 = EDGE_CURVE('',#2717,#2290,#2732,.T.);
#2732 = LINE('',#2733,#2734);
#2733 = CARTESIAN_POINT('',(0.165729814493,-2.994156939239,
    -31.83035042472));
#2734 = VECTOR('',#2735,1.);
#2735 = DIRECTION('',(0.707106781187,0.707106781187,0.));
#2736 = ORIENTED_EDGE('',*,*,#2301,.T.);
#2737 = ORIENTED_EDGE('',*,*,#2181,.T.);
#2738 = ORIENTED_EDGE('',*,*,#2739,.T.);
#2739 = EDGE_CURVE('',#2182,#2740,#2742,.T.);
#2740 = VERTEX_POINT('',#2741);
#2741 = CARTESIAN_POINT('',(9.192458859034,-8.48521067063,-2.5));
#2742 = LINE('',#2743,#2744);
#2743 = CARTESIAN_POINT('',(8.838834764832,-8.838834764832,-2.5));
#2744 = VECTOR('',#2745,1.);
#2745 = DIRECTION('',(-0.707106781187,-0.707106781187,0.));
#2746 = ORIENTED_EDGE('',*,*,#2747,.T.);
#2747 = EDGE_CURVE('',#2740,#2748,#2750,.T.);
#2748 = VERTEX_POINT('',#2749);
#2749 = CARTESIAN_POINT('',(8.48521067063,-9.192458859034,-2.5));
#2750 = LINE('',#2751,#2752);
#2751 = CARTESIAN_POINT('',(8.838834764832,-8.838834764832,-2.5));
#2752 = VECTOR('',#2753,1.);
#2753 = DIRECTION('',(-0.707106781187,-0.707106781187,0.));
#2754 = ORIENTED_EDGE('',*,*,#2755,.T.);
#2755 = EDGE_CURVE('',#2748,#2709,#2756,.T.);
#2756 = LINE('',#2757,#2758);
#2757 = CARTESIAN_POINT('',(8.838834764832,-8.838834764832,-2.5));
#2758 = VECTOR('',#2759,1.);
#2759 = DIRECTION('',(-0.707106781187,-0.707106781187,0.));
#2760 = PLANE('',#2761);
#2761 = AXIS2_PLACEMENT_3D('',#2762,#2763,#2764);
#2762 = CARTESIAN_POINT('',(-6.7E-16,-2.828427124746,-32.5));
#2763 = DIRECTION('',(0.667408644266,-0.667408644266,-0.330350424728));
#2764 = DIRECTION('',(0.233593025493,-0.233593025493,0.943858356366));
#2765 = ADVANCED_FACE('',(#2766,#2802),#2813,.F.);
#2766 = FACE_BOUND('',#2767,.F.);
#2767 = EDGE_LOOP('',(#2768,#2777,#2784,#2785,#2794,#2801));
#2768 = ORIENTED_EDGE('',*,*,#2769,.T.);
#2769 = EDGE_CURVE('',#2190,#2770,#2772,.T.);
#2770 = VERTEX_POINT('',#2771);
#2771 = CARTESIAN_POINT('',(12.51,0.,-2.5));
#2772 = CIRCLE('',#2773,12.51);
#2773 = AXIS2_PLACEMENT_3D('',#2774,#2775,#2776);
#2774 = CARTESIAN_POINT('',(0.,0.,-2.5));
#2775 = DIRECTION('',(0.,0.,1.));
#2776 = DIRECTION('',(1.,0.,0.));
#2777 = ORIENTED_EDGE('',*,*,#2778,.T.);
#2778 = EDGE_CURVE('',#2770,#2231,#2779,.T.);
#2779 = CIRCLE('',#2780,12.51);
#2780 = AXIS2_PLACEMENT_3D('',#2781,#2782,#2783);
#2781 = CARTESIAN_POINT('',(0.,0.,-2.5));
#2782 = DIRECTION('',(0.,0.,1.));
#2783 = DIRECTION('',(1.,0.,0.));
#2784 = ORIENTED_EDGE('',*,*,#2230,.T.);
#2785 = ORIENTED_EDGE('',*,*,#2786,.F.);
#2786 = EDGE_CURVE('',#2787,#2222,#2789,.T.);
#2787 = VERTEX_POINT('',#2788);
#2788 = CARTESIAN_POINT('',(5.,0.,-2.5));
#2789 = CIRCLE('',#2790,5.);
#2790 = AXIS2_PLACEMENT_3D('',#2791,#2792,#2793);
#2791 = CARTESIAN_POINT('',(0.,0.,-2.5));
#2792 = DIRECTION('',(0.,0.,1.));
#2793 = DIRECTION('',(1.,0.,0.));
#2794 = ORIENTED_EDGE('',*,*,#2795,.F.);
#2795 = EDGE_CURVE('',#2198,#2787,#2796,.T.);
#2796 = CIRCLE('',#2797,5.);
#2797 = AXIS2_PLACEMENT_3D('',#2798,#2799,#2800);
#2798 = CARTESIAN_POINT('',(0.,0.,-2.5));
#2799 = DIRECTION('',(0.,0.,1.));
#2800 = DIRECTION('',(1.,0.,0.));
#2801 = ORIENTED_EDGE('',*,*,#2197,.T.);
#2802 = FACE_BOUND('',#2803,.F.);
#2803 = EDGE_LOOP('',(#2804));
#2804 = ORIENTED_EDGE('',*,*,#2805,.F.);
#2805 = EDGE_CURVE('',#2806,#2806,#2808,.T.);
#2806 = VERTEX_POINT('',#2807);
#2807 = CARTESIAN_POINT('',(11.,0.,-2.5));
#2808 = CIRCLE('',#2809,1.75);
#2809 = AXIS2_PLACEMENT_3D('',#2810,#2811,#2812);
#2810 = CARTESIAN_POINT('',(9.25,0.,-2.5));
#2811 = DIRECTION('',(0.,0.,1.));
#2812 = DIRECTION('',(1.,0.,0.));
#2813 = PLANE('',#2814);
#2814 = AXIS2_PLACEMENT_3D('',#2815,#2816,#2817);
#2815 = CARTESIAN_POINT('',(-4.7E-16,2.7E-16,-2.5));
#2816 = DIRECTION('',(0.,0.,1.));
#2817 = DIRECTION('',(1.,0.,0.));
#2818 = ADVANCED_FACE('',(#2819),#2830,.T.);
#2819 = FACE_BOUND('',#2820,.T.);
#2820 = EDGE_LOOP('',(#2821,#2822,#2829));
#2821 = ORIENTED_EDGE('',*,*,#2189,.F.);
#2822 = ORIENTED_EDGE('',*,*,#2823,.F.);
#2823 = EDGE_CURVE('',#2740,#2190,#2824,.T.);
#2824 = CIRCLE('',#2825,12.51);
#2825 = AXIS2_PLACEMENT_3D('',#2826,#2827,#2828);
#2826 = CARTESIAN_POINT('',(0.,0.,-2.5));
#2827 = DIRECTION('',(0.,0.,1.));
#2828 = DIRECTION('',(1.,0.,0.));
#2829 = ORIENTED_EDGE('',*,*,#2739,.F.);
#2830 = PLANE('',#2831);
#2831 = AXIS2_PLACEMENT_3D('',#2832,#2833,#2834);
#2832 = CARTESIAN_POINT('',(-2.E-17,-2.9E-16,-2.5));
#2833 = DIRECTION('',(0.,0.,1.));
#2834 = DIRECTION('',(1.,0.,0.));
#2835 = ADVANCED_FACE('',(#2836),#2893,.F.);
#2836 = FACE_BOUND('',#2837,.F.);
#2837 = EDGE_LOOP('',(#2838,#2839,#2847,#2855,#2863,#2871,#2886,#2892));
#2838 = ORIENTED_EDGE('',*,*,#2246,.F.);
#2839 = ORIENTED_EDGE('',*,*,#2840,.F.);
#2840 = EDGE_CURVE('',#2841,#2239,#2843,.T.);
#2841 = VERTEX_POINT('',#2842);
#2842 = CARTESIAN_POINT('',(9.192458859034,8.48521067063,-2.5));
#2843 = LINE('',#2844,#2845);
#2844 = CARTESIAN_POINT('',(8.838834764832,8.838834764832,-2.5));
#2845 = VECTOR('',#2846,1.);
#2846 = DIRECTION('',(0.707106781187,-0.707106781187,0.));
#2847 = ORIENTED_EDGE('',*,*,#2848,.F.);
#2848 = EDGE_CURVE('',#2849,#2841,#2851,.T.);
#2849 = VERTEX_POINT('',#2850);
#2850 = CARTESIAN_POINT('',(8.48521067063,9.192458859034,-2.5));
#2851 = LINE('',#2852,#2853);
#2852 = CARTESIAN_POINT('',(8.838834764832,8.838834764832,-2.5));
#2853 = VECTOR('',#2854,1.);
#2854 = DIRECTION('',(0.707106781187,-0.707106781187,0.));
#2855 = ORIENTED_EDGE('',*,*,#2856,.F.);
#2856 = EDGE_CURVE('',#2857,#2849,#2859,.T.);
#2857 = VERTEX_POINT('',#2858);
#2858 = CARTESIAN_POINT('',(7.424621202459,10.253048327205,-2.5));
#2859 = LINE('',#2860,#2861);
#2860 = CARTESIAN_POINT('',(8.838834764832,8.838834764832,-2.5));
#2861 = VECTOR('',#2862,1.);
#2862 = DIRECTION('',(0.707106781187,-0.707106781187,0.));
#2863 = ORIENTED_EDGE('',*,*,#2864,.T.);
#2864 = EDGE_CURVE('',#2857,#2865,#2867,.T.);
#2865 = VERTEX_POINT('',#2866);
#2866 = CARTESIAN_POINT('',(0.234377351345,3.062804476091,
    -31.55297248861));
#2867 = LINE('',#2868,#2869);
#2868 = CARTESIAN_POINT('',(6.460026762644,9.28845388739,-6.397550111359
    ));
#2869 = VECTOR('',#2870,1.);
#2870 = DIRECTION('',(-0.233593025493,-0.233593025493,-0.943858356366));
#2871 = ORIENTED_EDGE('',*,*,#2872,.T.);
#2872 = EDGE_CURVE('',#2865,#2873,#2875,.T.);
#2873 = VERTEX_POINT('',#2874);
#2874 = CARTESIAN_POINT('',(0.667408644266,2.492478109466,
    -31.83035042472));
#2875 = B_SPLINE_CURVE_WITH_KNOTS('',9,(#2876,#2877,#2878,#2879,#2880,
    #2881,#2882,#2883,#2884,#2885),.UNSPECIFIED.,.F.,.F.,(10,10),(0.,1.)
  ,.PIECEWISE_BEZIER_KNOTS.);
#2876 = CARTESIAN_POINT('',(0.234377351345,3.062804476091,
    -31.55297248861));
#2877 = CARTESIAN_POINT('',(0.211693310248,3.040120434994,
    -31.64462985595));
#2878 = CARTESIAN_POINT('',(0.216814704805,2.989676939509,-31.7361943271
    ));
#2879 = CARTESIAN_POINT('',(0.254586734106,2.914794547932,
    -31.81116858087));
#2880 = CARTESIAN_POINT('',(0.320006112147,2.831143608069,-31.848001898)
  );
#2881 = CARTESIAN_POINT('',(0.386745704195,2.760538925091,
    -31.85581056087));
#2882 = CARTESIAN_POINT('',(0.457091555825,2.691673848779,
    -31.85281894296));
#2883 = CARTESIAN_POINT('',(0.527522292424,2.627344837209,
    -31.84049159683));
#2884 = CARTESIAN_POINT('',(0.598752934742,2.561133818989,
    -31.83035042472));
#2885 = CARTESIAN_POINT('',(0.667408644266,2.492478109466,
    -31.83035042472));
#2886 = ORIENTED_EDGE('',*,*,#2887,.F.);
#2887 = EDGE_CURVE('',#2276,#2873,#2888,.T.);
#2888 = LINE('',#2889,#2890);
#2889 = CARTESIAN_POINT('',(2.994156939239,0.165729814493,
    -31.83035042472));
#2890 = VECTOR('',#2891,1.);
#2891 = DIRECTION('',(-0.707106781187,0.707106781187,1.1E-16));
#2892 = ORIENTED_EDGE('',*,*,#2316,.F.);
#2893 = PLANE('',#2894);
#2894 = AXIS2_PLACEMENT_3D('',#2895,#2896,#2897);
#2895 = CARTESIAN_POINT('',(10.253048327205,7.424621202459,-2.5));
#2896 = DIRECTION('',(-0.667408644266,-0.667408644266,0.330350424728));
#2897 = DIRECTION('',(-0.233593025493,-0.233593025493,-0.943858356366));
#2898 = ADVANCED_FACE('',(#2899),#2910,.T.);
#2899 = FACE_BOUND('',#2900,.T.);
#2900 = EDGE_LOOP('',(#2901,#2908,#2909));
#2901 = ORIENTED_EDGE('',*,*,#2902,.F.);
#2902 = EDGE_CURVE('',#2231,#2841,#2903,.T.);
#2903 = CIRCLE('',#2904,12.51);
#2904 = AXIS2_PLACEMENT_3D('',#2905,#2906,#2907);
#2905 = CARTESIAN_POINT('',(0.,0.,-2.5));
#2906 = DIRECTION('',(0.,0.,1.));
#2907 = DIRECTION('',(1.,0.,0.));
#2908 = ORIENTED_EDGE('',*,*,#2238,.F.);
#2909 = ORIENTED_EDGE('',*,*,#2840,.F.);
#2910 = PLANE('',#2911);
#2911 = AXIS2_PLACEMENT_3D('',#2912,#2913,#2914);
#2912 = CARTESIAN_POINT('',(-2.E-17,-2.9E-16,-2.5));
#2913 = DIRECTION('',(0.,0.,1.));
#2914 = DIRECTION('',(1.,0.,0.));
#2915 = ADVANCED_FACE('',(#2916),#2938,.T.);
#2916 = FACE_BOUND('',#2917,.T.);
#2917 = EDGE_LOOP('',(#2918,#2919,#2927,#2937));
#2918 = ORIENTED_EDGE('',*,*,#2275,.T.);
#2919 = ORIENTED_EDGE('',*,*,#2920,.T.);
#2920 = EDGE_CURVE('',#2278,#2921,#2923,.T.);
#2921 = VERTEX_POINT('',#2922);
#2922 = CARTESIAN_POINT('',(4.E-15,1.8250694652,-32.5));
#2923 = LINE('',#2924,#2925);
#2924 = CARTESIAN_POINT('',(2.326748294973,-0.501678829773,-32.5));
#2925 = VECTOR('',#2926,1.);
#2926 = DIRECTION('',(-0.707106781187,0.707106781187,1.1E-16));
#2927 = ORIENTED_EDGE('',*,*,#2928,.F.);
#2928 = EDGE_CURVE('',#2873,#2921,#2929,.T.);
#2929 = ( BOUNDED_CURVE() B_SPLINE_CURVE(6,(#2930,#2931,#2932,#2933,
#2934,#2935,#2936),.UNSPECIFIED.,.F.,.F.) B_SPLINE_CURVE_WITH_KNOTS((7,7
),(0.,1.234121507408),.PIECEWISE_BEZIER_KNOTS.) CURVE() 
GEOMETRIC_REPRESENTATION_ITEM() RATIONAL_B_SPLINE_CURVE((1.019247042899,
    1.006250771092,0.998720975332,0.996243370058,0.998720975332,
1.006250771092,1.019247042899)) REPRESENTATION_ITEM('') );
#2930 = CARTESIAN_POINT('',(0.667408644266,2.492478109466,
    -31.83035042472));
#2931 = CARTESIAN_POINT('',(0.618741114237,2.443810579436,
    -32.02699694191));
#2932 = CARTESIAN_POINT('',(0.536260391485,2.361329856685,
    -32.20343038949));
#2933 = CARTESIAN_POINT('',(0.42500089387,2.250070359069,-32.34715732187
    ));
#2934 = CARTESIAN_POINT('',(0.292321674498,2.117391139698,
    -32.44818816964));
#2935 = CARTESIAN_POINT('',(0.14732092465,1.97239038985,-32.5));
#2936 = CARTESIAN_POINT('',(3.97E-15,1.8250694652,-32.5));
#2937 = ORIENTED_EDGE('',*,*,#2887,.F.);
#2938 = CYLINDRICAL_SURFACE('',#2939,1.);
#2939 = AXIS2_PLACEMENT_3D('',#2940,#2941,#2942);
#2940 = CARTESIAN_POINT('',(2.326748294973,-0.501678829773,-31.5));
#2941 = DIRECTION('',(-0.707106781187,0.707106781187,1.1E-16));
#2942 = DIRECTION('',(0.667408644266,0.667408644266,-0.330350424728));
#2943 = ADVANCED_FACE('',(#2944),#2966,.T.);
#2944 = FACE_BOUND('',#2945,.T.);
#2945 = EDGE_LOOP('',(#2946,#2958,#2964,#2965));
#2946 = ORIENTED_EDGE('',*,*,#2947,.F.);
#2947 = EDGE_CURVE('',#2948,#2717,#2950,.T.);
#2948 = VERTEX_POINT('',#2949);
#2949 = CARTESIAN_POINT('',(-1.E-15,-1.8250694652,-32.5));
#2950 = ( BOUNDED_CURVE() B_SPLINE_CURVE(6,(#2951,#2952,#2953,#2954,
#2955,#2956,#2957),.UNSPECIFIED.,.F.,.F.) B_SPLINE_CURVE_WITH_KNOTS((7,7
),(0.,1.234121507408),.PIECEWISE_BEZIER_KNOTS.) CURVE() 
GEOMETRIC_REPRESENTATION_ITEM() RATIONAL_B_SPLINE_CURVE((1.019247042899,
    1.006250771092,0.998720975332,0.996243370058,0.998720975332,
1.006250771092,1.019247042899)) REPRESENTATION_ITEM('') );
#2951 = CARTESIAN_POINT('',(-1.03E-15,-1.8250694652,-32.5));
#2952 = CARTESIAN_POINT('',(0.14732092465,-1.97239038985,-32.5));
#2953 = CARTESIAN_POINT('',(0.292321674498,-2.117391139698,
    -32.44818816964));
#2954 = CARTESIAN_POINT('',(0.42500089387,-2.250070359069,
    -32.34715732187));
#2955 = CARTESIAN_POINT('',(0.536260391485,-2.361329856685,
    -32.20343038949));
#2956 = CARTESIAN_POINT('',(0.618741114237,-2.443810579436,
    -32.02699694191));
#2957 = CARTESIAN_POINT('',(0.667408644266,-2.492478109466,
    -31.83035042472));
#2958 = ORIENTED_EDGE('',*,*,#2959,.T.);
#2959 = EDGE_CURVE('',#2948,#2278,#2960,.T.);
#2960 = LINE('',#2961,#2962);
#2961 = CARTESIAN_POINT('',(-0.501678829773,-2.326748294973,-32.5));
#2962 = VECTOR('',#2963,1.);
#2963 = DIRECTION('',(0.707106781187,0.707106781187,0.));
#2964 = ORIENTED_EDGE('',*,*,#2289,.T.);
#2965 = ORIENTED_EDGE('',*,*,#2731,.F.);
#2966 = CYLINDRICAL_SURFACE('',#2967,1.);
#2967 = AXIS2_PLACEMENT_3D('',#2968,#2969,#2970);
#2968 = CARTESIAN_POINT('',(-0.501678829773,-2.326748294973,-31.5));
#2969 = DIRECTION('',(0.707106781187,0.707106781187,0.));
#2970 = DIRECTION('',(0.667408644266,-0.667408644266,-0.330350424728));
#2971 = ADVANCED_FACE('',(#2972),#3018,.F.);
#2972 = FACE_BOUND('',#2973,.F.);
#2973 = EDGE_LOOP('',(#2974,#2982,#2989,#2990,#2991,#2992,#2999,#3000,
    #3007,#3008,#3015,#3016,#3017));
#2974 = ORIENTED_EDGE('',*,*,#2975,.F.);
#2975 = EDGE_CURVE('',#2976,#2787,#2978,.T.);
#2976 = VERTEX_POINT('',#2977);
#2977 = CARTESIAN_POINT('',(5.,0.,0.));
#2978 = LINE('',#2979,#2980);
#2979 = CARTESIAN_POINT('',(5.,0.,0.));
#2980 = VECTOR('',#2981,1.);
#2981 = DIRECTION('',(-0.,-0.,-1.));
#2982 = ORIENTED_EDGE('',*,*,#2983,.F.);
#2983 = EDGE_CURVE('',#2976,#2976,#2984,.T.);
#2984 = CIRCLE('',#2985,5.);
#2985 = AXIS2_PLACEMENT_3D('',#2986,#2987,#2988);
#2986 = CARTESIAN_POINT('',(0.,0.,0.));
#2987 = DIRECTION('',(0.,0.,1.));
#2988 = DIRECTION('',(1.,0.,0.));
#2989 = ORIENTED_EDGE('',*,*,#2975,.T.);
#2990 = ORIENTED_EDGE('',*,*,#2786,.T.);
#2991 = ORIENTED_EDGE('',*,*,#2682,.T.);
#2992 = ORIENTED_EDGE('',*,*,#2993,.T.);
#2993 = EDGE_CURVE('',#2674,#2656,#2994,.T.);
#2994 = CIRCLE('',#2995,5.);
#2995 = AXIS2_PLACEMENT_3D('',#2996,#2997,#2998);
#2996 = CARTESIAN_POINT('',(0.,0.,-2.5));
#2997 = DIRECTION('',(0.,0.,1.));
#2998 = DIRECTION('',(1.,0.,0.));
#2999 = ORIENTED_EDGE('',*,*,#2655,.T.);
#3000 = ORIENTED_EDGE('',*,*,#3001,.T.);
#3001 = EDGE_CURVE('',#2647,#2629,#3002,.T.);
#3002 = CIRCLE('',#3003,5.);
#3003 = AXIS2_PLACEMENT_3D('',#3004,#3005,#3006);
#3004 = CARTESIAN_POINT('',(0.,0.,-2.5));
#3005 = DIRECTION('',(0.,0.,1.));
#3006 = DIRECTION('',(1.,0.,0.));
#3007 = ORIENTED_EDGE('',*,*,#2628,.T.);
#3008 = ORIENTED_EDGE('',*,*,#3009,.T.);
#3009 = EDGE_CURVE('',#2620,#2602,#3010,.T.);
#3010 = CIRCLE('',#3011,5.);
#3011 = AXIS2_PLACEMENT_3D('',#3012,#3013,#3014);
#3012 = CARTESIAN_POINT('',(0.,0.,-2.5));
#3013 = DIRECTION('',(0.,0.,1.));
#3014 = DIRECTION('',(1.,0.,0.));
#3015 = ORIENTED_EDGE('',*,*,#2601,.T.);
#3016 = ORIENTED_EDGE('',*,*,#2691,.T.);
#3017 = ORIENTED_EDGE('',*,*,#2795,.T.);
#3018 = CYLINDRICAL_SURFACE('',#3019,5.);
#3019 = AXIS2_PLACEMENT_3D('',#3020,#3021,#3022);
#3020 = CARTESIAN_POINT('',(0.,0.,0.));
#3021 = DIRECTION('',(0.,0.,1.));
#3022 = DIRECTION('',(1.,0.,0.));
#3023 = ADVANCED_FACE('',(#3024),#3063,.F.);
#3024 = FACE_BOUND('',#3025,.F.);
#3025 = EDGE_LOOP('',(#3026,#3027,#3035,#3041,#3042,#3050));
#3026 = ORIENTED_EDGE('',*,*,#2864,.F.);
#3027 = ORIENTED_EDGE('',*,*,#3028,.F.);
#3028 = EDGE_CURVE('',#3029,#2857,#3031,.T.);
#3029 = VERTEX_POINT('',#3030);
#3030 = CARTESIAN_POINT('',(7.317913898904,10.146341023651,-2.5));
#3031 = LINE('',#3032,#3033);
#3032 = CARTESIAN_POINT('',(-10.2530483272,-7.424621202459,-2.5));
#3033 = VECTOR('',#3034,1.);
#3034 = DIRECTION('',(0.707106781187,0.707106781187,0.));
#3035 = ORIENTED_EDGE('',*,*,#3036,.F.);
#3036 = EDGE_CURVE('',#2674,#3029,#3037,.T.);
#3037 = LINE('',#3038,#3039);
#3038 = CARTESIAN_POINT('',(-10.2530483272,-7.424621202459,-2.5));
#3039 = VECTOR('',#3040,1.);
#3040 = DIRECTION('',(0.707106781187,0.707106781187,0.));
#3041 = ORIENTED_EDGE('',*,*,#2673,.F.);
#3042 = ORIENTED_EDGE('',*,*,#3043,.T.);
#3043 = EDGE_CURVE('',#2665,#3044,#3046,.T.);
#3044 = VERTEX_POINT('',#3045);
#3045 = CARTESIAN_POINT('',(2.E-15,2.828427124746,-31.49664234045));
#3046 = LINE('',#3047,#3048);
#3047 = CARTESIAN_POINT('',(2.22E-15,2.828427124746,-2.5));
#3048 = VECTOR('',#3049,1.);
#3049 = DIRECTION('',(0.,0.,-1.));
#3050 = ORIENTED_EDGE('',*,*,#3051,.T.);
#3051 = EDGE_CURVE('',#3044,#2865,#3052,.T.);
#3052 = B_SPLINE_CURVE_WITH_KNOTS('',9,(#3053,#3054,#3055,#3056,#3057,
    #3058,#3059,#3060,#3061,#3062),.UNSPECIFIED.,.F.,.F.,(10,10),(0.,1.)
  ,.PIECEWISE_BEZIER_KNOTS.);
#3053 = CARTESIAN_POINT('',(3.55E-15,2.828427124746,-31.49664234045));
#3054 = CARTESIAN_POINT('',(3.55E-15,2.828427124746,-31.55500515483));
#3055 = CARTESIAN_POINT('',(7.577969405784E-03,2.836005094152,
    -31.61369746495));
#3056 = CARTESIAN_POINT('',(2.809788721782E-02,2.856525011964,
    -31.66827365253));
#3057 = CARTESIAN_POINT('',(6.129292839398E-02,2.88972005314,
    -31.7193973536));
#3058 = CARTESIAN_POINT('',(0.124491491228,2.952918615974,
    -31.73458646803));
#3059 = CARTESIAN_POINT('',(0.16776504824,2.996192172987,-31.70184119576
    ));
#3060 = CARTESIAN_POINT('',(0.199881560915,3.028308685661,
    -31.65991562443));
#3061 = CARTESIAN_POINT('',(0.220744204957,3.049171329703,
    -31.60805871867));
#3062 = CARTESIAN_POINT('',(0.234377351345,3.062804476091,
    -31.55297248861));
#3063 = PLANE('',#3064);
#3064 = AXIS2_PLACEMENT_3D('',#3065,#3066,#3067);
#3065 = CARTESIAN_POINT('',(-10.2530483272,-7.424621202459,-2.5));
#3066 = DIRECTION('',(0.707106781187,-0.707106781187,0.));
#3067 = DIRECTION('',(0.707106781187,0.707106781187,0.));
#3068 = ADVANCED_FACE('',(#3069),#3110,.F.);
#3069 = FACE_BOUND('',#3070,.F.);
#3070 = EDGE_LOOP('',(#3071,#3072,#3073,#3081,#3089,#3097));
#3071 = ORIENTED_EDGE('',*,*,#3043,.F.);
#3072 = ORIENTED_EDGE('',*,*,#2664,.F.);
#3073 = ORIENTED_EDGE('',*,*,#3074,.F.);
#3074 = EDGE_CURVE('',#3075,#2656,#3077,.T.);
#3075 = VERTEX_POINT('',#3076);
#3076 = CARTESIAN_POINT('',(-7.317913898904,10.146341023651,-2.5));
#3077 = LINE('',#3078,#3079);
#3078 = CARTESIAN_POINT('',(-7.424621202459,10.253048327205,-2.5));
#3079 = VECTOR('',#3080,1.);
#3080 = DIRECTION('',(0.707106781187,-0.707106781187,0.));
#3081 = ORIENTED_EDGE('',*,*,#3082,.F.);
#3082 = EDGE_CURVE('',#3083,#3075,#3085,.T.);
#3083 = VERTEX_POINT('',#3084);
#3084 = CARTESIAN_POINT('',(-7.424621202459,10.253048327205,-2.5));
#3085 = LINE('',#3086,#3087);
#3086 = CARTESIAN_POINT('',(-7.424621202459,10.253048327205,-2.5));
#3087 = VECTOR('',#3088,1.);
#3088 = DIRECTION('',(0.707106781187,-0.707106781187,0.));
#3089 = ORIENTED_EDGE('',*,*,#3090,.T.);
#3090 = EDGE_CURVE('',#3083,#3091,#3093,.T.);
#3091 = VERTEX_POINT('',#3092);
#3092 = CARTESIAN_POINT('',(-0.234377351345,3.062804476091,
    -31.55297248861));
#3093 = LINE('',#3094,#3095);
#3094 = CARTESIAN_POINT('',(-7.424621202459,10.253048327205,-2.5));
#3095 = VECTOR('',#3096,1.);
#3096 = DIRECTION('',(0.233593025493,-0.233593025493,-0.943858356366));
#3097 = ORIENTED_EDGE('',*,*,#3098,.T.);
#3098 = EDGE_CURVE('',#3091,#3044,#3099,.T.);
#3099 = B_SPLINE_CURVE_WITH_KNOTS('',9,(#3100,#3101,#3102,#3103,#3104,
    #3105,#3106,#3107,#3108,#3109),.UNSPECIFIED.,.F.,.F.,(10,10),(0.,1.)
  ,.PIECEWISE_BEZIER_KNOTS.);
#3100 = CARTESIAN_POINT('',(-0.234377351345,3.062804476091,
    -31.55297248861));
#3101 = CARTESIAN_POINT('',(-0.220744204957,3.049171329703,
    -31.60805871867));
#3102 = CARTESIAN_POINT('',(-0.199881560915,3.028308685661,
    -31.65991562443));
#3103 = CARTESIAN_POINT('',(-0.16776504824,2.996192172987,
    -31.70184119576));
#3104 = CARTESIAN_POINT('',(-0.124491491228,2.952918615974,
    -31.73458646803));
#3105 = CARTESIAN_POINT('',(-6.129292839397E-02,2.88972005314,
    -31.7193973536));
#3106 = CARTESIAN_POINT('',(-2.80978872178E-02,2.856525011964,
    -31.66827365253));
#3107 = CARTESIAN_POINT('',(-7.577969405779E-03,2.836005094152,
    -31.61369746495));
#3108 = CARTESIAN_POINT('',(2.66E-15,2.828427124746,-31.55500515483));
#3109 = CARTESIAN_POINT('',(2.66E-15,2.828427124746,-31.49664234045));
#3110 = PLANE('',#3111);
#3111 = AXIS2_PLACEMENT_3D('',#3112,#3113,#3114);
#3112 = CARTESIAN_POINT('',(-7.424621202459,10.253048327205,-2.5));
#3113 = DIRECTION('',(-0.707106781187,-0.707106781187,-0.));
#3114 = DIRECTION('',(0.707106781187,-0.707106781187,0.));
#3115 = ADVANCED_FACE('',(#3116),#3164,.F.);
#3116 = FACE_BOUND('',#3117,.F.);
#3117 = EDGE_LOOP('',(#3118,#3126,#3141,#3149,#3157,#3163));
#3118 = ORIENTED_EDGE('',*,*,#3119,.F.);
#3119 = EDGE_CURVE('',#3120,#2638,#3122,.T.);
#3120 = VERTEX_POINT('',#3121);
#3121 = CARTESIAN_POINT('',(-2.828427124746,1.E-15,-31.49664234045));
#3122 = LINE('',#3123,#3124);
#3123 = CARTESIAN_POINT('',(-2.828427124746,1.33E-15,-2.5));
#3124 = VECTOR('',#3125,1.);
#3125 = DIRECTION('',(0.,0.,1.));
#3126 = ORIENTED_EDGE('',*,*,#3127,.T.);
#3127 = EDGE_CURVE('',#3120,#3128,#3130,.T.);
#3128 = VERTEX_POINT('',#3129);
#3129 = CARTESIAN_POINT('',(-3.062804476091,0.234377351345,
    -31.55297248861));
#3130 = B_SPLINE_CURVE_WITH_KNOTS('',9,(#3131,#3132,#3133,#3134,#3135,
    #3136,#3137,#3138,#3139,#3140),.UNSPECIFIED.,.F.,.F.,(10,10),(0.,1.)
  ,.PIECEWISE_BEZIER_KNOTS.);
#3131 = CARTESIAN_POINT('',(-2.828427124746,3.55E-15,-31.49664234045));
#3132 = CARTESIAN_POINT('',(-2.828427124746,3.55E-15,-31.55500515483));
#3133 = CARTESIAN_POINT('',(-2.836005094152,7.577969405787E-03,
    -31.61369746495));
#3134 = CARTESIAN_POINT('',(-2.856525011964,2.809788721781E-02,
    -31.66827365253));
#3135 = CARTESIAN_POINT('',(-2.88972005314,6.129292839399E-02,
    -31.7193973536));
#3136 = CARTESIAN_POINT('',(-2.952918615974,0.124491491228,
    -31.73458646803));
#3137 = CARTESIAN_POINT('',(-2.996192172987,0.16776504824,
    -31.70184119576));
#3138 = CARTESIAN_POINT('',(-3.028308685661,0.199881560915,
    -31.65991562443));
#3139 = CARTESIAN_POINT('',(-3.049171329703,0.220744204957,
    -31.60805871867));
#3140 = CARTESIAN_POINT('',(-3.062804476091,0.234377351345,
    -31.55297248861));
#3141 = ORIENTED_EDGE('',*,*,#3142,.F.);
#3142 = EDGE_CURVE('',#3143,#3128,#3145,.T.);
#3143 = VERTEX_POINT('',#3144);
#3144 = CARTESIAN_POINT('',(-10.2530483272,7.424621202459,-2.5));
#3145 = LINE('',#3146,#3147);
#3146 = CARTESIAN_POINT('',(-10.2530483272,7.424621202459,-2.5));
#3147 = VECTOR('',#3148,1.);
#3148 = DIRECTION('',(0.233593025493,-0.233593025493,-0.943858356366));
#3149 = ORIENTED_EDGE('',*,*,#3150,.F.);
#3150 = EDGE_CURVE('',#3151,#3143,#3153,.T.);
#3151 = VERTEX_POINT('',#3152);
#3152 = CARTESIAN_POINT('',(-10.14634102365,7.317913898904,-2.5));
#3153 = LINE('',#3154,#3155);
#3154 = CARTESIAN_POINT('',(7.424621202459,-10.2530483272,-2.5));
#3155 = VECTOR('',#3156,1.);
#3156 = DIRECTION('',(-0.707106781187,0.707106781187,-0.));
#3157 = ORIENTED_EDGE('',*,*,#3158,.F.);
#3158 = EDGE_CURVE('',#2647,#3151,#3159,.T.);
#3159 = LINE('',#3160,#3161);
#3160 = CARTESIAN_POINT('',(7.424621202459,-10.2530483272,-2.5));
#3161 = VECTOR('',#3162,1.);
#3162 = DIRECTION('',(-0.707106781187,0.707106781187,-0.));
#3163 = ORIENTED_EDGE('',*,*,#2646,.F.);
#3164 = PLANE('',#3165);
#3165 = AXIS2_PLACEMENT_3D('',#3166,#3167,#3168);
#3166 = CARTESIAN_POINT('',(7.424621202459,-10.2530483272,-2.5));
#3167 = DIRECTION('',(0.707106781187,0.707106781187,0.));
#3168 = DIRECTION('',(-0.707106781187,0.707106781187,0.));
#3169 = ADVANCED_FACE('',(#3170),#3211,.F.);
#3170 = FACE_BOUND('',#3171,.F.);
#3171 = EDGE_LOOP('',(#3172,#3173,#3174,#3182,#3190,#3198));
#3172 = ORIENTED_EDGE('',*,*,#3119,.T.);
#3173 = ORIENTED_EDGE('',*,*,#2637,.F.);
#3174 = ORIENTED_EDGE('',*,*,#3175,.F.);
#3175 = EDGE_CURVE('',#3176,#2629,#3178,.T.);
#3176 = VERTEX_POINT('',#3177);
#3177 = CARTESIAN_POINT('',(-10.14634102365,-7.317913898904,-2.5));
#3178 = LINE('',#3179,#3180);
#3179 = CARTESIAN_POINT('',(-10.2530483272,-7.424621202459,-2.5));
#3180 = VECTOR('',#3181,1.);
#3181 = DIRECTION('',(0.707106781187,0.707106781187,0.));
#3182 = ORIENTED_EDGE('',*,*,#3183,.F.);
#3183 = EDGE_CURVE('',#3184,#3176,#3186,.T.);
#3184 = VERTEX_POINT('',#3185);
#3185 = CARTESIAN_POINT('',(-10.2530483272,-7.424621202459,-2.5));
#3186 = LINE('',#3187,#3188);
#3187 = CARTESIAN_POINT('',(-10.2530483272,-7.424621202459,-2.5));
#3188 = VECTOR('',#3189,1.);
#3189 = DIRECTION('',(0.707106781187,0.707106781187,0.));
#3190 = ORIENTED_EDGE('',*,*,#3191,.F.);
#3191 = EDGE_CURVE('',#3192,#3184,#3194,.T.);
#3192 = VERTEX_POINT('',#3193);
#3193 = CARTESIAN_POINT('',(-3.062804476091,-0.234377351345,
    -31.55297248861));
#3194 = LINE('',#3195,#3196);
#3195 = CARTESIAN_POINT('',(-6.540737725976,-3.712310601229,-17.5));
#3196 = VECTOR('',#3197,1.);
#3197 = DIRECTION('',(-0.233593025493,-0.233593025493,0.943858356366));
#3198 = ORIENTED_EDGE('',*,*,#3199,.T.);
#3199 = EDGE_CURVE('',#3192,#3120,#3200,.T.);
#3200 = B_SPLINE_CURVE_WITH_KNOTS('',9,(#3201,#3202,#3203,#3204,#3205,
    #3206,#3207,#3208,#3209,#3210),.UNSPECIFIED.,.F.,.F.,(10,10),(0.,1.)
  ,.PIECEWISE_BEZIER_KNOTS.);
#3201 = CARTESIAN_POINT('',(-3.062804476091,-0.234377351345,
    -31.55297248861));
#3202 = CARTESIAN_POINT('',(-3.049171329703,-0.220744204957,
    -31.60805871867));
#3203 = CARTESIAN_POINT('',(-3.028308685661,-0.199881560915,
    -31.65991562443));
#3204 = CARTESIAN_POINT('',(-2.996192172987,-0.16776504824,
    -31.70184119576));
#3205 = CARTESIAN_POINT('',(-2.952918615974,-0.124491491228,
    -31.73458646803));
#3206 = CARTESIAN_POINT('',(-2.88972005314,-6.129292839396E-02,
    -31.7193973536));
#3207 = CARTESIAN_POINT('',(-2.856525011964,-2.809788721781E-02,
    -31.66827365253));
#3208 = CARTESIAN_POINT('',(-2.836005094152,-7.577969405778E-03,
    -31.61369746495));
#3209 = CARTESIAN_POINT('',(-2.828427124746,8.9E-16,-31.55500515483));
#3210 = CARTESIAN_POINT('',(-2.828427124746,8.9E-16,-31.49664234045));
#3211 = PLANE('',#3212);
#3212 = AXIS2_PLACEMENT_3D('',#3213,#3214,#3215);
#3213 = CARTESIAN_POINT('',(-10.2530483272,-7.424621202459,-2.5));
#3214 = DIRECTION('',(0.707106781187,-0.707106781187,0.));
#3215 = DIRECTION('',(0.707106781187,0.707106781187,0.));
#3216 = ADVANCED_FACE('',(#3217),#3265,.F.);
#3217 = FACE_BOUND('',#3218,.F.);
#3218 = EDGE_LOOP('',(#3219,#3229,#3237,#3243,#3244,#3252));
#3219 = ORIENTED_EDGE('',*,*,#3220,.T.);
#3220 = EDGE_CURVE('',#3221,#3223,#3225,.T.);
#3221 = VERTEX_POINT('',#3222);
#3222 = CARTESIAN_POINT('',(-0.234377351345,-3.062804476091,
    -31.55297248861));
#3223 = VERTEX_POINT('',#3224);
#3224 = CARTESIAN_POINT('',(-7.424621202459,-10.2530483272,-2.5));
#3225 = LINE('',#3226,#3227);
#3226 = CARTESIAN_POINT('',(-1.110223024625E-15,-2.828427124746,-32.5));
#3227 = VECTOR('',#3228,1.);
#3228 = DIRECTION('',(-0.233593025493,-0.233593025493,0.943858356366));
#3229 = ORIENTED_EDGE('',*,*,#3230,.F.);
#3230 = EDGE_CURVE('',#3231,#3223,#3233,.T.);
#3231 = VERTEX_POINT('',#3232);
#3232 = CARTESIAN_POINT('',(-7.317913898904,-10.14634102365,-2.5));
#3233 = LINE('',#3234,#3235);
#3234 = CARTESIAN_POINT('',(10.253048327205,7.424621202459,-2.5));
#3235 = VECTOR('',#3236,1.);
#3236 = DIRECTION('',(-0.707106781187,-0.707106781187,0.));
#3237 = ORIENTED_EDGE('',*,*,#3238,.F.);
#3238 = EDGE_CURVE('',#2620,#3231,#3239,.T.);
#3239 = LINE('',#3240,#3241);
#3240 = CARTESIAN_POINT('',(10.253048327205,7.424621202459,-2.5));
#3241 = VECTOR('',#3242,1.);
#3242 = DIRECTION('',(-0.707106781187,-0.707106781187,0.));
#3243 = ORIENTED_EDGE('',*,*,#2619,.F.);
#3244 = ORIENTED_EDGE('',*,*,#3245,.T.);
#3245 = EDGE_CURVE('',#2611,#3246,#3248,.T.);
#3246 = VERTEX_POINT('',#3247);
#3247 = CARTESIAN_POINT('',(-1.E-15,-2.828427124746,-31.49664234045));
#3248 = LINE('',#3249,#3250);
#3249 = CARTESIAN_POINT('',(-1.33E-15,-2.828427124746,-2.5));
#3250 = VECTOR('',#3251,1.);
#3251 = DIRECTION('',(0.,0.,-1.));
#3252 = ORIENTED_EDGE('',*,*,#3253,.T.);
#3253 = EDGE_CURVE('',#3246,#3221,#3254,.T.);
#3254 = B_SPLINE_CURVE_WITH_KNOTS('',9,(#3255,#3256,#3257,#3258,#3259,
    #3260,#3261,#3262,#3263,#3264),.UNSPECIFIED.,.F.,.F.,(10,10),(0.,1.)
  ,.PIECEWISE_BEZIER_KNOTS.);
#3255 = CARTESIAN_POINT('',(-1.78E-15,-2.828427124746,-31.49664234045));
#3256 = CARTESIAN_POINT('',(-1.78E-15,-2.828427124746,-31.55500515483));
#3257 = CARTESIAN_POINT('',(-7.57796940578E-03,-2.836005094152,
    -31.61369746495));
#3258 = CARTESIAN_POINT('',(-2.809788721781E-02,-2.856525011964,
    -31.66827365253));
#3259 = CARTESIAN_POINT('',(-6.129292839397E-02,-2.88972005314,
    -31.7193973536));
#3260 = CARTESIAN_POINT('',(-0.124491491228,-2.952918615974,
    -31.73458646803));
#3261 = CARTESIAN_POINT('',(-0.16776504824,-2.996192172987,
    -31.70184119576));
#3262 = CARTESIAN_POINT('',(-0.199881560915,-3.028308685661,
    -31.65991562443));
#3263 = CARTESIAN_POINT('',(-0.220744204957,-3.049171329703,
    -31.60805871867));
#3264 = CARTESIAN_POINT('',(-0.234377351345,-3.062804476091,
    -31.55297248861));
#3265 = PLANE('',#3266);
#3266 = AXIS2_PLACEMENT_3D('',#3267,#3268,#3269);
#3267 = CARTESIAN_POINT('',(10.253048327205,7.424621202459,-2.5));
#3268 = DIRECTION('',(-0.707106781187,0.707106781187,0.));
#3269 = DIRECTION('',(-0.707106781187,-0.707106781187,0.));
#3270 = ADVANCED_FACE('',(#3271),#3303,.F.);
#3271 = FACE_BOUND('',#3272,.F.);
#3272 = EDGE_LOOP('',(#3273,#3274,#3275,#3283,#3289,#3290));
#3273 = ORIENTED_EDGE('',*,*,#3245,.F.);
#3274 = ORIENTED_EDGE('',*,*,#2610,.F.);
#3275 = ORIENTED_EDGE('',*,*,#3276,.F.);
#3276 = EDGE_CURVE('',#3277,#2602,#3279,.T.);
#3277 = VERTEX_POINT('',#3278);
#3278 = CARTESIAN_POINT('',(7.317913898904,-10.14634102365,-2.5));
#3279 = LINE('',#3280,#3281);
#3280 = CARTESIAN_POINT('',(7.424621202459,-10.2530483272,-2.5));
#3281 = VECTOR('',#3282,1.);
#3282 = DIRECTION('',(-0.707106781187,0.707106781187,-0.));
#3283 = ORIENTED_EDGE('',*,*,#3284,.F.);
#3284 = EDGE_CURVE('',#2709,#3277,#3285,.T.);
#3285 = LINE('',#3286,#3287);
#3286 = CARTESIAN_POINT('',(7.424621202459,-10.2530483272,-2.5));
#3287 = VECTOR('',#3288,1.);
#3288 = DIRECTION('',(-0.707106781187,0.707106781187,-0.));
#3289 = ORIENTED_EDGE('',*,*,#2706,.F.);
#3290 = ORIENTED_EDGE('',*,*,#3291,.T.);
#3291 = EDGE_CURVE('',#2707,#3246,#3292,.T.);
#3292 = B_SPLINE_CURVE_WITH_KNOTS('',9,(#3293,#3294,#3295,#3296,#3297,
    #3298,#3299,#3300,#3301,#3302),.UNSPECIFIED.,.F.,.F.,(10,10),(0.,1.)
  ,.PIECEWISE_BEZIER_KNOTS.);
#3293 = CARTESIAN_POINT('',(0.234377351345,-3.062804476091,
    -31.55297248861));
#3294 = CARTESIAN_POINT('',(0.220744204957,-3.049171329703,
    -31.60805871867));
#3295 = CARTESIAN_POINT('',(0.199881560915,-3.028308685661,
    -31.65991562443));
#3296 = CARTESIAN_POINT('',(0.16776504824,-2.996192172987,
    -31.70184119576));
#3297 = CARTESIAN_POINT('',(0.124491491228,-2.952918615974,
    -31.73458646803));
#3298 = CARTESIAN_POINT('',(6.129292839395E-02,-2.88972005314,
    -31.7193973536));
#3299 = CARTESIAN_POINT('',(2.809788721781E-02,-2.856525011964,
    -31.66827365253));
#3300 = CARTESIAN_POINT('',(7.577969405776E-03,-2.836005094152,
    -31.61369746495));
#3301 = CARTESIAN_POINT('',(-8.9E-16,-2.828427124746,-31.55500515483));
#3302 = CARTESIAN_POINT('',(-8.9E-16,-2.828427124746,-31.49664234045));
#3303 = PLANE('',#3304);
#3304 = AXIS2_PLACEMENT_3D('',#3305,#3306,#3307);
#3305 = CARTESIAN_POINT('',(7.424621202459,-10.2530483272,-2.5));
#3306 = DIRECTION('',(0.707106781187,0.707106781187,0.));
#3307 = DIRECTION('',(-0.707106781187,0.707106781187,0.));
#3308 = ADVANCED_FACE('',(#3309),#3340,.T.);
#3309 = FACE_BOUND('',#3310,.T.);
#3310 = EDGE_LOOP('',(#3311,#3323,#3324,#3325,#3326,#3327));
#3311 = ORIENTED_EDGE('',*,*,#3312,.T.);
#3312 = EDGE_CURVE('',#3313,#2948,#3315,.T.);
#3313 = VERTEX_POINT('',#3314);
#3314 = CARTESIAN_POINT('',(-0.667408644266,-2.492478109466,
    -31.83035042472));
#3315 = ( BOUNDED_CURVE() B_SPLINE_CURVE(6,(#3316,#3317,#3318,#3319,
#3320,#3321,#3322),.UNSPECIFIED.,.F.,.F.) B_SPLINE_CURVE_WITH_KNOTS((7,7
),(0.,1.234121507408),.PIECEWISE_BEZIER_KNOTS.) CURVE() 
GEOMETRIC_REPRESENTATION_ITEM() RATIONAL_B_SPLINE_CURVE((1.019247042899,
    1.006250771092,0.998720975332,0.996243370058,0.998720975332,
1.006250771092,1.019247042899)) REPRESENTATION_ITEM('') );
#3316 = CARTESIAN_POINT('',(-0.667408644266,-2.492478109466,
    -31.83035042472));
#3317 = CARTESIAN_POINT('',(-0.618741114237,-2.443810579436,
    -32.02699694191));
#3318 = CARTESIAN_POINT('',(-0.536260391485,-2.361329856685,
    -32.20343038949));
#3319 = CARTESIAN_POINT('',(-0.42500089387,-2.250070359069,
    -32.34715732187));
#3320 = CARTESIAN_POINT('',(-0.292321674498,-2.117391139698,
    -32.44818816964));
#3321 = CARTESIAN_POINT('',(-0.14732092465,-1.97239038985,-32.5));
#3322 = CARTESIAN_POINT('',(-1.42E-15,-1.8250694652,-32.5));
#3323 = ORIENTED_EDGE('',*,*,#2947,.T.);
#3324 = ORIENTED_EDGE('',*,*,#2716,.T.);
#3325 = ORIENTED_EDGE('',*,*,#3291,.T.);
#3326 = ORIENTED_EDGE('',*,*,#3253,.T.);
#3327 = ORIENTED_EDGE('',*,*,#3328,.T.);
#3328 = EDGE_CURVE('',#3221,#3313,#3329,.T.);
#3329 = B_SPLINE_CURVE_WITH_KNOTS('',9,(#3330,#3331,#3332,#3333,#3334,
    #3335,#3336,#3337,#3338,#3339),.UNSPECIFIED.,.F.,.F.,(10,10),(0.,1.)
  ,.PIECEWISE_BEZIER_KNOTS.);
#3330 = CARTESIAN_POINT('',(-0.234377351345,-3.062804476091,
    -31.55297248861));
#3331 = CARTESIAN_POINT('',(-0.211693310248,-3.040120434994,
    -31.64462985595));
#3332 = CARTESIAN_POINT('',(-0.216814704805,-2.989676939509,
    -31.7361943271));
#3333 = CARTESIAN_POINT('',(-0.254586734106,-2.914794547932,
    -31.81116858087));
#3334 = CARTESIAN_POINT('',(-0.320006112147,-2.831143608069,
    -31.848001898));
#3335 = CARTESIAN_POINT('',(-0.386745704195,-2.760538925091,
    -31.85581056087));
#3336 = CARTESIAN_POINT('',(-0.457091555825,-2.691673848779,
    -31.85281894296));
#3337 = CARTESIAN_POINT('',(-0.527522292424,-2.627344837209,
    -31.84049159683));
#3338 = CARTESIAN_POINT('',(-0.598752934742,-2.561133818989,
    -31.83035042472));
#3339 = CARTESIAN_POINT('',(-0.667408644266,-2.492478109466,
    -31.83035042472));
#3340 = B_SPLINE_SURFACE_WITH_KNOTS('',8,8,(
    (#3341,#3342,#3343,#3344,#3345,#3346,#3347,#3348,#3349,#3350,#3351
      ,#3352,#3353,#3354,#3355,#3356)
    ,(#3357,#3358,#3359,#3360,#3361,#3362,#3363,#3364,#3365,#3366,#3367
      ,#3368,#3369,#3370,#3371,#3372)
    ,(#3373,#3374,#3375,#3376,#3377,#3378,#3379,#3380,#3381,#3382,#3383
      ,#3384,#3385,#3386,#3387,#3388)
    ,(#3389,#3390,#3391,#3392,#3393,#3394,#3395,#3396,#3397,#3398,#3399
      ,#3400,#3401,#3402,#3403,#3404)
    ,(#3405,#3406,#3407,#3408,#3409,#3410,#3411,#3412,#3413,#3414,#3415
      ,#3416,#3417,#3418,#3419,#3420)
    ,(#3421,#3422,#3423,#3424,#3425,#3426,#3427,#3428,#3429,#3430,#3431
      ,#3432,#3433,#3434,#3435,#3436)
    ,(#3437,#3438,#3439,#3440,#3441,#3442,#3443,#3444,#3445,#3446,#3447
      ,#3448,#3449,#3450,#3451,#3452)
    ,(#3453,#3454,#3455,#3456,#3457,#3458,#3459,#3460,#3461,#3462,#3463
      ,#3464,#3465,#3466,#3467,#3468)
    ,(#3469,#3470,#3471,#3472,#3473,#3474,#3475,#3476,#3477,#3478,#3479
      ,#3480,#3481,#3482,#3483,#3484)
    ,(#3485,#3486,#3487,#3488,#3489,#3490,#3491,#3492,#3493,#3494,#3495
      ,#3496,#3497,#3498,#3499,#3500)
    ,(#3501,#3502,#3503,#3504,#3505,#3506,#3507,#3508,#3509,#3510,#3511
      ,#3512,#3513,#3514,#3515,#3516)
    ,(#3517,#3518,#3519,#3520,#3521,#3522,#3523,#3524,#3525,#3526,#3527
      ,#3528,#3529,#3530,#3531,#3532)
    ,(#3533,#3534,#3535,#3536,#3537,#3538,#3539,#3540,#3541,#3542,#3543
      ,#3544,#3545,#3546,#3547,#3548)
    ,(#3549,#3550,#3551,#3552,#3553,#3554,#3555,#3556,#3557,#3558,#3559
      ,#3560,#3561,#3562,#3563,#3564)
    ,(#3565,#3566,#3567,#3568,#3569,#3570,#3571,#3572,#3573,#3574,#3575
      ,#3576,#3577,#3578,#3579,#3580)
    ,(#3581,#3582,#3583,#3584,#3585,#3586,#3587,#3588,#3589,#3590,#3591
      ,#3592,#3593,#3594,#3595,#3596
  )),.UNSPECIFIED.,.F.,.F.,.F.,(9,7,9),(9,7,9),(-0.553501396968,
    0.289809688123,1.133120773215),(-0.74682359061,3.912358018062E-03,
    0.754648306646),.UNSPECIFIED.);
#3341 = CARTESIAN_POINT('',(-0.663989286654,-2.781935311107,
    -31.28039064744));
#3342 = CARTESIAN_POINT('',(-0.596238815245,-2.83024599257,
    -31.33109599535));
#3343 = CARTESIAN_POINT('',(-0.523116252319,-2.832291084453,
    -31.35911992711));
#3344 = CARTESIAN_POINT('',(-0.4751554955,-3.152915457691,
    -31.52441917756));
#3345 = CARTESIAN_POINT('',(-0.340913400734,-2.625334425568,
    -31.31220050176));
#3346 = CARTESIAN_POINT('',(-0.337285654799,-3.473002700208,
    -31.70262669723));
#3347 = CARTESIAN_POINT('',(-0.164041622577,-3.091176949162,
    -31.53276329288));
#3348 = CARTESIAN_POINT('',(-8.196536377294E-02,-2.860130538772,
    -31.4295581754));
#3349 = CARTESIAN_POINT('',(8.916792397854E-02,-2.875260631681,
    -31.436307944));
#3350 = CARTESIAN_POINT('',(0.176767551018,-3.132859736832,
    -31.55131000092));
#3351 = CARTESIAN_POINT('',(0.341335944003,-3.402169069409,
    -31.6704807622));
#3352 = CARTESIAN_POINT('',(0.35006944351,-2.665796492113,
    -31.32864039104));
#3353 = CARTESIAN_POINT('',(0.479329910747,-3.12803994215,
    -31.51126858328));
#3354 = CARTESIAN_POINT('',(0.526197842985,-2.833916556804,
    -31.35704716062));
#3355 = CARTESIAN_POINT('',(0.596619902912,-2.829954037798,
    -31.32741906852));
#3356 = CARTESIAN_POINT('',(0.661276313501,-2.784175434957,
    -31.27698997168));
#3357 = CARTESIAN_POINT('',(-0.67438462662,-2.699386020053,
    -31.34460030316));
#3358 = CARTESIAN_POINT('',(-0.604987616814,-2.753248421755,
    -31.40490799465));
#3359 = CARTESIAN_POINT('',(-0.524815291205,-2.718555502717,
    -31.42245432467));
#3360 = CARTESIAN_POINT('',(-0.507560096439,-3.230703808879,
    -31.68105511315));
#3361 = CARTESIAN_POINT('',(-0.303684702143,-2.323761261545,
    -31.29848730186));
#3362 = CARTESIAN_POINT('',(-0.390242015241,-3.549212487172,
    -31.87170057747));
#3363 = CARTESIAN_POINT('',(-0.154913850515,-3.162246759388,
    -31.6935905438));
#3364 = CARTESIAN_POINT('',(-7.596469729788E-02,-2.791988116424,
    -31.52239015719));
#3365 = CARTESIAN_POINT('',(8.250243342045E-02,-2.81403849907,
    -31.53256336291));
#3366 = CARTESIAN_POINT('',(0.173450707624,-3.224233571612,
    -31.72203388377));
#3367 = CARTESIAN_POINT('',(0.385710096608,-3.415939001768,
    -31.81035671231));
#3368 = CARTESIAN_POINT('',(0.320049070881,-2.421684269322,
    -31.34091049603));
#3369 = CARTESIAN_POINT('',(0.508591228554,-3.175626075838,
    -31.65376300388));
#3370 = CARTESIAN_POINT('',(0.529182511029,-2.726662037179,
    -31.42295666353));
#3371 = CARTESIAN_POINT('',(0.606122685963,-2.752180249977,
    -31.40049392196));
#3372 = CARTESIAN_POINT('',(0.672648268925,-2.700573674345,
    -31.34031280031));
#3373 = CARTESIAN_POINT('',(-0.682381925828,-2.63082646333,
    -31.41878154417));
#3374 = CARTESIAN_POINT('',(-0.611161095298,-2.686149410685,
    -31.4845719249));
#3375 = CARTESIAN_POINT('',(-0.509056301404,-2.641573449255,
    -31.49666020532));
#3376 = CARTESIAN_POINT('',(-0.579663582282,-3.149242160941,
    -31.78081059479));
#3377 = CARTESIAN_POINT('',(-0.193331479648,-2.425707501457,
    -31.43585882481));
#3378 = CARTESIAN_POINT('',(-0.481351496534,-3.009120025874,
    -31.77313591178));
#3379 = CARTESIAN_POINT('',(-0.160151798718,-3.540267798198,
    -32.00977849248));
#3380 = CARTESIAN_POINT('',(-4.63004558148E-02,-2.70579185471,
    -31.59040833911));
#3381 = CARTESIAN_POINT('',(5.026325007959E-02,-2.744348597213,
    -31.61000054858));
#3382 = CARTESIAN_POINT('',(0.205459159514,-3.633932010678,
    -32.05577028753));
#3383 = CARTESIAN_POINT('',(0.429245014619,-2.711558054599,
    -31.63066072678));
#3384 = CARTESIAN_POINT('',(0.250350576118,-2.733108124225,
    -31.57657494292));
#3385 = CARTESIAN_POINT('',(0.56341694016,-2.966969961818,
    -31.69514212646));
#3386 = CARTESIAN_POINT('',(0.517313750958,-2.683592270992,
    -31.51206297579));
#3387 = CARTESIAN_POINT('',(0.611902360534,-2.685765536541,
    -31.47990548251));
#3388 = CARTESIAN_POINT('',(0.681219976448,-2.631715525571,
    -31.41401010773));
#3389 = CARTESIAN_POINT('',(-0.68876110462,-2.579711323464,
    -31.50506916741));
#3390 = CARTESIAN_POINT('',(-0.611012169808,-2.637655866899,
    -31.57383826406));
#3391 = CARTESIAN_POINT('',(-0.580372423399,-2.805017366849,
    -31.68815773372));
#3392 = CARTESIAN_POINT('',(-0.344154772932,-2.312722827081,
    -31.50419907467));
#3393 = CARTESIAN_POINT('',(-0.57727443232,-3.245143251361,
    -31.97332015163));
#3394 = CARTESIAN_POINT('',(-0.196986118533,-2.895462494892,
    -31.76355998237));
#3395 = CARTESIAN_POINT('',(-0.145687577125,-2.314992939426,
    -31.64308077864));
#3396 = CARTESIAN_POINT('',(-0.146879978324,-3.189097451457,
    -31.92664044635));
#3397 = CARTESIAN_POINT('',(0.159895323348,-3.146531253555,
    -31.91227204275));
#3398 = CARTESIAN_POINT('',(0.104861123974,-2.208889767847,
    -31.60242918951));
#3399 = CARTESIAN_POINT('',(0.297149261682,-3.244939517591,
    -31.89033101145));
#3400 = CARTESIAN_POINT('',(0.508284349856,-2.822477618418,
    -31.81756131172));
#3401 = CARTESIAN_POINT('',(0.376690373503,-2.560168892365,
    -31.58789602874));
#3402 = CARTESIAN_POINT('',(0.582267354581,-2.735567041901,
    -31.66072102385));
#3403 = CARTESIAN_POINT('',(0.619242339795,-2.631445461277,
    -31.56833369318));
#3404 = CARTESIAN_POINT('',(0.69187600104,-2.577278071771,-31.4996127997
    ));
#3405 = CARTESIAN_POINT('',(-0.696859225015,-2.547253719143,
    -31.60077062149));
#3406 = CARTESIAN_POINT('',(-0.622129091845,-2.605761709602,
    -31.67173564434));
#3407 = CARTESIAN_POINT('',(-0.510098105637,-2.560559617639,
    -31.68507445072));
#3408 = CARTESIAN_POINT('',(-0.494774935147,-3.168933300997,
    -32.00672240536));
#3409 = CARTESIAN_POINT('',(-0.326188916836,-2.218904803522,
    -31.53570943834));
#3410 = CARTESIAN_POINT('',(-0.266813500295,-3.143019563326,
    -32.1627823597));
#3411 = CARTESIAN_POINT('',(-0.248851460266,-3.239466263677,
    -31.95474415326));
#3412 = CARTESIAN_POINT('',(-5.023144967464E-02,-2.726417644058,
    -31.8943178301));
#3413 = CARTESIAN_POINT('',(5.442718232237E-02,-2.755282819816,
    -31.90015901847));
#3414 = CARTESIAN_POINT('',(0.289759212454,-3.319267178577,
    -31.98204642861));
#3415 = CARTESIAN_POINT('',(0.218878720693,-2.866715599945,
    -32.07730891887));
#3416 = CARTESIAN_POINT('',(0.368097182133,-2.53273188628,
    -31.62063746927));
#3417 = CARTESIAN_POINT('',(0.504669380138,-2.96285344787,
    -31.94851151446));
#3418 = CARTESIAN_POINT('',(0.509286505701,-2.611860395535,
    -31.69398413985));
#3419 = CARTESIAN_POINT('',(0.617847657444,-2.610298993579,
    -31.66747127699));
#3420 = CARTESIAN_POINT('',(0.695071938659,-2.549195583376,
    -31.59577772833));
#3421 = CARTESIAN_POINT('',(-0.699512993477,-2.524670488701,
    -31.70560175644));
#3422 = CARTESIAN_POINT('',(-0.608179481604,-2.595987459576,
    -31.77826498388));
#3423 = CARTESIAN_POINT('',(-0.545006619226,-2.707831736418,
    -31.8724769772));
#3424 = CARTESIAN_POINT('',(-0.473376128329,-2.449285750014,
    -31.78126946238));
#3425 = CARTESIAN_POINT('',(-0.345316039483,-3.088876298535,
    -32.13992516666));
#3426 = CARTESIAN_POINT('',(-0.323197697908,-2.597700340154,
    -31.82726813848));
#3427 = CARTESIAN_POINT('',(-0.140531853074,-2.740487319119,
    -32.06070189236));
#3428 = CARTESIAN_POINT('',(-0.10707802503,-2.94386913491,
    -32.05315334865));
#3429 = CARTESIAN_POINT('',(0.116450893454,-2.929782253335,
    -32.05080943064));
#3430 = CARTESIAN_POINT('',(0.135936833518,-2.700730733585,
    -32.04687051476));
#3431 = CARTESIAN_POINT('',(0.349168916745,-2.714477119131,
    -31.85411059398));
#3432 = CARTESIAN_POINT('',(0.350211681962,-2.936561419018,
    -32.10222217707));
#3433 = CARTESIAN_POINT('',(0.466977661123,-2.541705575424,
    -31.79766202297));
#3434 = CARTESIAN_POINT('',(0.561254630286,-2.674194650797,
    -31.86155246938));
#3435 = CARTESIAN_POINT('',(0.622478737378,-2.584504535286,
    -31.77190490522));
#3436 = CARTESIAN_POINT('',(0.708348036196,-2.517316725572,
    -31.69928931604));
#3437 = CARTESIAN_POINT('',(-0.731513352523,-2.454428751448,
    -31.79707552311));
#3438 = CARTESIAN_POINT('',(-0.645660003023,-2.512936817106,
    -31.86552543807));
#3439 = CARTESIAN_POINT('',(-0.552027912455,-2.549341809648,
    -31.91415344946));
#3440 = CARTESIAN_POINT('',(-0.444363352854,-2.696296035282,
    -32.01066412433));
#3441 = CARTESIAN_POINT('',(-0.381234660354,-2.588149454009,
    -31.97846780987));
#3442 = CARTESIAN_POINT('',(-0.256875594418,-2.809957115159,
    -32.13016560012));
#3443 = CARTESIAN_POINT('',(-0.191899302741,-2.792538836877,
    -32.08995881375));
#3444 = CARTESIAN_POINT('',(-8.472974630955E-02,-2.778756568718,
    -32.11710909555));
#3445 = CARTESIAN_POINT('',(9.206202660925E-02,-2.779985932846,
    -32.11613403613));
#3446 = CARTESIAN_POINT('',(0.202631516132,-2.797458033794,
    -32.09046548732));
#3447 = CARTESIAN_POINT('',(0.25971785781,-2.780650419887,
    -32.12122014155));
#3448 = CARTESIAN_POINT('',(0.391896742285,-2.612594355438,
    -31.98031095716));
#3449 = CARTESIAN_POINT('',(0.454207898242,-2.671133457925,
    -32.00204722229));
#3450 = CARTESIAN_POINT('',(0.558263275523,-2.550415184985,
    -31.91081479584));
#3451 = CARTESIAN_POINT('',(0.653433084036,-2.508277878347,
    -31.86051086943));
#3452 = CARTESIAN_POINT('',(0.737599305347,-2.450593425388,
    -31.79153365046));
#3453 = CARTESIAN_POINT('',(-0.742454240673,-2.392744402341,
    -31.88474069773));
#3454 = CARTESIAN_POINT('',(-0.649938714198,-2.44960501104,
    -31.94977657894));
#3455 = CARTESIAN_POINT('',(-0.554264073656,-2.501991722096,
    -32.00595106591));
#3456 = CARTESIAN_POINT('',(-0.454291165417,-2.554147080107,
    -32.05613277296));
#3457 = CARTESIAN_POINT('',(-0.366607100653,-2.609842638071,
    -32.10801938513));
#3458 = CARTESIAN_POINT('',(-0.270055909985,-2.659741638523,
    -32.14862944495));
#3459 = CARTESIAN_POINT('',(-0.17947758425,-2.694594398419,
    -32.17657789262));
#3460 = CARTESIAN_POINT('',(-8.771303338739E-02,-2.71134553575,
    -32.18993158847));
#3461 = CARTESIAN_POINT('',(9.538642925111E-02,-2.709943460431,
    -32.18891478764));
#3462 = CARTESIAN_POINT('',(0.187255854815,-2.69183948411,
    -32.17457466952));
#3463 = CARTESIAN_POINT('',(0.278025913352,-2.655514165624,
    -32.14547590959));
#3464 = CARTESIAN_POINT('',(0.375176105983,-2.604900034333,
    -32.1042626328));
#3465 = CARTESIAN_POINT('',(0.461938413395,-2.549439698414,
    -32.05177854367));
#3466 = CARTESIAN_POINT('',(0.563856090816,-2.496464613238,
    -32.00151885579));
#3467 = CARTESIAN_POINT('',(0.65816327715,-2.444973761736,
    -31.94492758448));
#3468 = CARTESIAN_POINT('',(0.748642814885,-2.389361560591,
    -31.87949120436));
#3469 = CARTESIAN_POINT('',(-0.763637031678,-2.25405374858,
    -32.04756239507));
#3470 = CARTESIAN_POINT('',(-0.663919821378,-2.301426390886,
    -32.10393918618));
#3471 = CARTESIAN_POINT('',(-0.562548073353,-2.346315233279,
    -32.1536113953));
#3472 = CARTESIAN_POINT('',(-0.457934556238,-2.387936767435,
    -32.1962159979));
#3473 = CARTESIAN_POINT('',(-0.363654250472,-2.437168198046,
    -32.24010849775));
#3474 = CARTESIAN_POINT('',(-0.269608525009,-2.476265556558,
    -32.2754385457));
#3475 = CARTESIAN_POINT('',(-0.177947494815,-2.506345586878,
    -32.30137795063));
#3476 = CARTESIAN_POINT('',(-8.70793779419E-02,-2.520614607648,
    -32.31390753864));
#3477 = CARTESIAN_POINT('',(9.482148251954E-02,-2.519375585444,
    -32.3129581413));
#3478 = CARTESIAN_POINT('',(0.185835707274,-2.503786278785,
    -32.29944837804));
#3479 = CARTESIAN_POINT('',(0.27769212952,-2.473054047177,
    -32.27283861546));
#3480 = CARTESIAN_POINT('',(0.372116485406,-2.432586055633,
    -32.2366206825));
#3481 = CARTESIAN_POINT('',(0.466807563992,-2.38383392783,
    -32.19271410549));
#3482 = CARTESIAN_POINT('',(0.571360703194,-2.342436215631,
    -32.14975267691));
#3483 = CARTESIAN_POINT('',(0.671635885692,-2.298396104338,
    -32.09979137729));
#3484 = CARTESIAN_POINT('',(0.769327321603,-2.252392984655,
    -32.04312706564));
#3485 = CARTESIAN_POINT('',(-0.771208076437,-2.179322559224,
    -32.12284479585));
#3486 = CARTESIAN_POINT('',(-0.668804603642,-2.22084432232,
    -32.17414382912));
#3487 = CARTESIAN_POINT('',(-0.565711120699,-2.259907679278,
    -32.21905706275));
#3488 = CARTESIAN_POINT('',(-0.460528048941,-2.299519812403,
    -32.26174733302));
#3489 = CARTESIAN_POINT('',(-0.363959139004,-2.337226790223,
    -32.29426312126));
#3490 = CARTESIAN_POINT('',(-0.270775184595,-2.376862221813,
    -32.33363495799));
#3491 = CARTESIAN_POINT('',(-0.17831157808,-2.40137979021,
    -32.35436170948));
#3492 = CARTESIAN_POINT('',(-8.668497408101E-02,-2.41422747885,
    -32.36716964597));
#3493 = CARTESIAN_POINT('',(9.446067973551E-02,-2.413100986276,
    -32.36622666422));
#3494 = CARTESIAN_POINT('',(0.186452688387,-2.399284551353,
    -32.35272394626));
#3495 = CARTESIAN_POINT('',(0.279085972355,-2.373247359436,
    -32.33084507126));
#3496 = CARTESIAN_POINT('',(0.371461963996,-2.334501976235,
    -32.29149937446));
#3497 = CARTESIAN_POINT('',(0.470772310665,-2.294635110139,
    -32.2583140115));
#3498 = CARTESIAN_POINT('',(0.57365585117,-2.257322015004,-32.2155893889
    ));
#3499 = CARTESIAN_POINT('',(0.676049978871,-2.218810202764,-32.170407321
    ));
#3500 = CARTESIAN_POINT('',(0.77648267235,-2.17866793907,-32.11888272123
    ));
#3501 = CARTESIAN_POINT('',(-0.777468846718,-2.100635405706,
    -32.19101350192));
#3502 = CARTESIAN_POINT('',(-0.673152661941,-2.135733387752,
    -32.23653128499));
#3503 = CARTESIAN_POINT('',(-0.568235766935,-2.17005311703,
    -32.27819092228));
#3504 = CARTESIAN_POINT('',(-0.464218338696,-2.200020901429,
    -32.30804195442));
#3505 = CARTESIAN_POINT('',(-0.367614096658,-2.236777600881,
    -32.35587629546));
#3506 = CARTESIAN_POINT('',(-0.270546763315,-2.268424747008,
    -32.37360170659));
#3507 = CARTESIAN_POINT('',(-0.178534287015,-2.29008667367,
    -32.40617211972));
#3508 = CARTESIAN_POINT('',(-8.971328920657E-02,-2.301215855048,
    -32.41296018865));
#3509 = CARTESIAN_POINT('',(9.777427255737E-02,-2.300337944268,
    -32.41238040199));
#3510 = CARTESIAN_POINT('',(0.185079448143,-2.288074897607,
    -32.40395904079));
#3511 = CARTESIAN_POINT('',(0.281049317243,-2.266047230839,
    -32.37194186012));
#3512 = CARTESIAN_POINT('',(0.374591554327,-2.232685891217,
    -32.35236391634));
#3513 = CARTESIAN_POINT('',(0.472280662751,-2.198703800507,
    -32.30542153465));
#3514 = CARTESIAN_POINT('',(0.5770044766,-2.167006070128,-32.27498871577
    ));
#3515 = CARTESIAN_POINT('',(0.680048461317,-2.134549733551,
    -32.23325055292));
#3516 = CARTESIAN_POINT('',(0.782272062678,-2.100995565862,
    -32.18758573759));
#3517 = CARTESIAN_POINT('',(-0.783819977064,-2.019271983913,
    -32.25180010619));
#3518 = CARTESIAN_POINT('',(-0.678404303048,-2.048007963674,
    -32.29144140414));
#3519 = CARTESIAN_POINT('',(-0.573404306385,-2.075253163481,
    -32.32534275856));
#3520 = CARTESIAN_POINT('',(-0.471095899507,-2.105181873832,
    -32.36753135242));
#3521 = CARTESIAN_POINT('',(-0.366737524826,-2.130482447453,
    -32.37422576505));
#3522 = CARTESIAN_POINT('',(-0.278347468281,-2.158642011243,
    -32.43255234255));
#3523 = CARTESIAN_POINT('',(-0.182078364693,-2.177555158165,
    -32.43292049539));
#3524 = CARTESIAN_POINT('',(-8.483673166759E-02,-2.186611325541,
    -32.45353820809));
#3525 = CARTESIAN_POINT('',(9.243724007608E-02,-2.185667369296,
    -32.45212515214));
#3526 = CARTESIAN_POINT('',(0.192885050054,-2.176006480366,
    -32.43226806711));
#3527 = CARTESIAN_POINT('',(0.28175832014,-2.156522645127,
    -32.42925191465));
#3528 = CARTESIAN_POINT('',(0.379069560399,-2.128177448969,
    -32.37223329344));
#3529 = CARTESIAN_POINT('',(0.478035994652,-2.102424821183,
    -32.3649287269));
#3530 = CARTESIAN_POINT('',(0.580684512074,-2.074583046992,
    -32.32261957855));
#3531 = CARTESIAN_POINT('',(0.68462704944,-2.047882019862,
    -32.28863248156));
#3532 = CARTESIAN_POINT('',(0.788059036578,-2.020651271994,
    -32.2489121376));
#3533 = CARTESIAN_POINT('',(-0.790309540337,-1.934647543081,
    -32.30372323148));
#3534 = CARTESIAN_POINT('',(-0.683603443772,-1.957194655756,
    -32.33783289027));
#3535 = CARTESIAN_POINT('',(-0.577596902885,-1.979730659737,
    -32.37031933184));
#3536 = CARTESIAN_POINT('',(-0.472347264452,-2.002035886734,
    -32.39285016348));
#3537 = CARTESIAN_POINT('',(-0.374792964298,-2.024972485296,
    -32.43848444574));
#3538 = CARTESIAN_POINT('',(-0.275659670309,-2.048549377492,
    -32.43985543651));
#3539 = CARTESIAN_POINT('',(-0.181941608678,-2.061919378907,
    -32.48472522508));
#3540 = CARTESIAN_POINT('',(-9.333966956983E-02,-2.069588398197,
    -32.48218466002));
#3541 = CARTESIAN_POINT('',(0.10157215261,-2.069146424702,
    -32.48217203766));
#3542 = CARTESIAN_POINT('',(0.187096478469,-2.06075338537,
    -32.48221481523));
#3543 = CARTESIAN_POINT('',(0.288406023841,-2.04673992964,-32.4382675298
    ));
#3544 = CARTESIAN_POINT('',(0.378366481035,-2.023290757387,
    -32.43626364249));
#3545 = CARTESIAN_POINT('',(0.48220513253,-2.000912460317,
    -32.39025799493));
#3546 = CARTESIAN_POINT('',(0.584511209417,-1.978922735586,
    -32.36801177534));
#3547 = CARTESIAN_POINT('',(0.689346694972,-1.957928169755,
    -32.33545678671));
#3548 = CARTESIAN_POINT('',(0.793953816561,-1.937023428811,
    -32.30136236213));
#3549 = CARTESIAN_POINT('',(-0.796810980504,-1.845153681814,
    -32.34439328854));
#3550 = CARTESIAN_POINT('',(-0.688980820825,-1.861822743742,
    -32.37295340916));
#3551 = CARTESIAN_POINT('',(-0.582173796924,-1.878892029194,
    -32.39915471989));
#3552 = CARTESIAN_POINT('',(-0.477026459611,-1.896662502674,
    -32.42731221751));
#3553 = CARTESIAN_POINT('',(-0.375855708558,-1.91549899513,
    -32.44488498158));
#3554 = CARTESIAN_POINT('',(-0.277007352134,-1.932409055782,
    -32.47950406474));
#3555 = CARTESIAN_POINT('',(-0.18271212104,-1.945574521871,
    -32.48842022157));
#3556 = CARTESIAN_POINT('',(-8.755773766705E-02,-1.951493558306,
    -32.507404476));
#3557 = CARTESIAN_POINT('',(9.511895615304E-02,-1.950945725212,
    -32.50609905009));
#3558 = CARTESIAN_POINT('',(0.19174562702,-1.944588709478,
    -32.48724135234));
#3559 = CARTESIAN_POINT('',(0.283090272643,-1.931164906281,
    -32.47760522485));
#3560 = CARTESIAN_POINT('',(0.385605013392,-1.914298898324,
    -32.44267831801));
#3561 = CARTESIAN_POINT('',(0.48362121366,-1.896006478584,
    -32.42548463719));
#3562 = CARTESIAN_POINT('',(0.588998644477,-1.879276827809,
    -32.3971140502));
#3563 = CARTESIAN_POINT('',(0.694185421178,-1.863460153222,
    -32.37102779925));
#3564 = CARTESIAN_POINT('',(0.799896587428,-1.848474594563,
    -32.34255042912));
#3565 = CARTESIAN_POINT('',(-0.804037015818,-1.749410183056,
    -32.37156894982));
#3566 = CARTESIAN_POINT('',(-0.695099308322,-1.760793016732,
    -32.39497694387));
#3567 = CARTESIAN_POINT('',(-0.587151797122,-1.773120793777,
    -32.41733973311));
#3568 = CARTESIAN_POINT('',(-0.482118297297,-1.786539423517,
    -32.43857779381));
#3569 = CARTESIAN_POINT('',(-0.377643150075,-1.800993195166,
    -32.46084840794));
#3570 = CARTESIAN_POINT('',(-0.281037041251,-1.814656234741,
    -32.4796892182));
#3571 = CARTESIAN_POINT('',(-0.181901672825,-1.824761972194,
    -32.49775437928));
#3572 = CARTESIAN_POINT('',(-8.895845830874E-02,-1.829737844,
    -32.50618531227));
#3573 = CARTESIAN_POINT('',(9.670188029305E-02,-1.829351785948,
    -32.50554658835));
#3574 = CARTESIAN_POINT('',(0.190051688688,-1.824007342181,
    -32.49640443392));
#3575 = CARTESIAN_POINT('',(0.288734968473,-1.813911159173,
    -32.47822405858));
#3576 = CARTESIAN_POINT('',(0.385555210835,-1.800350582165,
    -32.45908206647));
#3577 = CARTESIAN_POINT('',(0.489256826267,-1.786632583181,
    -32.43693333475));
#3578 = CARTESIAN_POINT('',(0.593419950778,-1.77419909179,
    -32.41572742032));
#3579 = CARTESIAN_POINT('',(0.699799623492,-1.763273000044,
    -32.39348513438));
#3580 = CARTESIAN_POINT('',(0.806553842154,-1.753637863722,
    -32.37021772033));
#3581 = CARTESIAN_POINT('',(-0.812004430049,-1.645783886702,
    -32.38348248684));
#3582 = CARTESIAN_POINT('',(-0.70201030571,-1.652734134294,
    -32.40244115826));
#3583 = CARTESIAN_POINT('',(-0.593256799861,-1.661026318818,
    -32.42082101211));
#3584 = CARTESIAN_POINT('',(-0.486868305763,-1.670723529564,
    -32.43888395942));
#3585 = CARTESIAN_POINT('',(-0.382535349289,-1.681615167325,
    -32.45697335601));
#3586 = CARTESIAN_POINT('',(-0.283183533455,-1.692115406602,
    -32.47364278712));
#3587 = CARTESIAN_POINT('',(-0.184246726784,-1.700060999966,
    -32.48775873568));
#3588 = CARTESIAN_POINT('',(-9.020379292905E-02,-1.703941033948,
    -32.49425083542));
#3589 = CARTESIAN_POINT('',(9.80535994164E-02,-1.703720120981,
    -32.4937592815));
#3590 = CARTESIAN_POINT('',(0.19225925723,-1.699619550768,
    -32.48674812393));
#3591 = CARTESIAN_POINT('',(0.291023274715,-1.691778009035,
    -32.47234954486));
#3592 = CARTESIAN_POINT('',(0.390105076828,-1.681573819986,
    -32.45561062483));
#3593 = CARTESIAN_POINT('',(0.4937972427,-1.67145466185,-32.43752428642)
  );
#3594 = CARTESIAN_POINT('',(0.599098550565,-1.662841388536,
    -32.41957578052));
#3595 = CARTESIAN_POINT('',(0.706215421326,-1.656006807601,
    -32.40134152028));
#3596 = CARTESIAN_POINT('',(0.813961644947,-1.650853234742,
    -32.38256489549));
#3597 = ADVANCED_FACE('',(#3598),#3609,.T.);
#3598 = FACE_BOUND('',#3599,.T.);
#3599 = EDGE_LOOP('',(#3600,#3607,#3608));
#3600 = ORIENTED_EDGE('',*,*,#3601,.F.);
#3601 = EDGE_CURVE('',#3277,#2748,#3602,.T.);
#3602 = CIRCLE('',#3603,12.51);
#3603 = AXIS2_PLACEMENT_3D('',#3604,#3605,#3606);
#3604 = CARTESIAN_POINT('',(0.,0.,-2.5));
#3605 = DIRECTION('',(0.,0.,1.));
#3606 = DIRECTION('',(1.,0.,0.));
#3607 = ORIENTED_EDGE('',*,*,#3284,.F.);
#3608 = ORIENTED_EDGE('',*,*,#2755,.F.);
#3609 = PLANE('',#3610);
#3610 = AXIS2_PLACEMENT_3D('',#3611,#3612,#3613);
#3611 = CARTESIAN_POINT('',(-2.E-17,-2.9E-16,-2.5));
#3612 = DIRECTION('',(0.,0.,1.));
#3613 = DIRECTION('',(1.,0.,0.));
#3614 = ADVANCED_FACE('',(#3615),#3625,.F.);
#3615 = FACE_BOUND('',#3616,.F.);
#3616 = EDGE_LOOP('',(#3617,#3624));
#3617 = ORIENTED_EDGE('',*,*,#3618,.T.);
#3618 = EDGE_CURVE('',#2748,#2740,#3619,.T.);
#3619 = CIRCLE('',#3620,12.51);
#3620 = AXIS2_PLACEMENT_3D('',#3621,#3622,#3623);
#3621 = CARTESIAN_POINT('',(0.,0.,-2.5));
#3622 = DIRECTION('',(0.,0.,1.));
#3623 = DIRECTION('',(1.,0.,0.));
#3624 = ORIENTED_EDGE('',*,*,#2747,.T.);
#3625 = PLANE('',#3626);
#3626 = AXIS2_PLACEMENT_3D('',#3627,#3628,#3629);
#3627 = CARTESIAN_POINT('',(-4.7E-16,2.7E-16,-2.5));
#3628 = DIRECTION('',(0.,0.,1.));
#3629 = DIRECTION('',(1.,0.,0.));
#3630 = ADVANCED_FACE('',(#3631),#3741,.T.);
#3631 = FACE_BOUND('',#3632,.F.);
#3632 = EDGE_LOOP('',(#3633,#3642,#3649,#3650,#3651,#3652,#3653,#3660,
    #3669,#3678,#3685,#3692,#3701,#3710,#3717,#3724,#3731,#3738,#3739,
    #3740));
#3633 = ORIENTED_EDGE('',*,*,#3634,.T.);
#3634 = EDGE_CURVE('',#3635,#3635,#3637,.T.);
#3635 = VERTEX_POINT('',#3636);
#3636 = CARTESIAN_POINT('',(15.,0.,-1.E-02));
#3637 = CIRCLE('',#3638,15.);
#3638 = AXIS2_PLACEMENT_3D('',#3639,#3640,#3641);
#3639 = CARTESIAN_POINT('',(0.,0.,-1.E-02));
#3640 = DIRECTION('',(0.,0.,1.));
#3641 = DIRECTION('',(1.,0.,0.));
#3642 = ORIENTED_EDGE('',*,*,#3643,.T.);
#3643 = EDGE_CURVE('',#3635,#2770,#3644,.T.);
#3644 = CIRCLE('',#3645,2.49);
#3645 = AXIS2_PLACEMENT_3D('',#3646,#3647,#3648);
#3646 = CARTESIAN_POINT('',(12.51,0.,-1.E-02));
#3647 = DIRECTION('',(-0.,1.,0.));
#3648 = DIRECTION('',(1.,0.,0.));
#3649 = ORIENTED_EDGE('',*,*,#2769,.F.);
#3650 = ORIENTED_EDGE('',*,*,#2823,.F.);
#3651 = ORIENTED_EDGE('',*,*,#3618,.F.);
#3652 = ORIENTED_EDGE('',*,*,#3601,.F.);
#3653 = ORIENTED_EDGE('',*,*,#3654,.F.);
#3654 = EDGE_CURVE('',#3231,#3277,#3655,.T.);
#3655 = CIRCLE('',#3656,12.51);
#3656 = AXIS2_PLACEMENT_3D('',#3657,#3658,#3659);
#3657 = CARTESIAN_POINT('',(0.,0.,-2.5));
#3658 = DIRECTION('',(0.,0.,1.));
#3659 = DIRECTION('',(1.,0.,0.));
#3660 = ORIENTED_EDGE('',*,*,#3661,.F.);
#3661 = EDGE_CURVE('',#3662,#3231,#3664,.T.);
#3662 = VERTEX_POINT('',#3663);
#3663 = CARTESIAN_POINT('',(-8.48521067063,-9.192458859034,-2.5));
#3664 = CIRCLE('',#3665,12.51);
#3665 = AXIS2_PLACEMENT_3D('',#3666,#3667,#3668);
#3666 = CARTESIAN_POINT('',(0.,0.,-2.5));
#3667 = DIRECTION('',(0.,0.,1.));
#3668 = DIRECTION('',(1.,0.,0.));
#3669 = ORIENTED_EDGE('',*,*,#3670,.F.);
#3670 = EDGE_CURVE('',#3671,#3662,#3673,.T.);
#3671 = VERTEX_POINT('',#3672);
#3672 = CARTESIAN_POINT('',(-9.192458859034,-8.48521067063,-2.5));
#3673 = CIRCLE('',#3674,12.51);
#3674 = AXIS2_PLACEMENT_3D('',#3675,#3676,#3677);
#3675 = CARTESIAN_POINT('',(0.,0.,-2.5));
#3676 = DIRECTION('',(0.,0.,1.));
#3677 = DIRECTION('',(1.,0.,0.));
#3678 = ORIENTED_EDGE('',*,*,#3679,.F.);
#3679 = EDGE_CURVE('',#3176,#3671,#3680,.T.);
#3680 = CIRCLE('',#3681,12.51);
#3681 = AXIS2_PLACEMENT_3D('',#3682,#3683,#3684);
#3682 = CARTESIAN_POINT('',(0.,0.,-2.5));
#3683 = DIRECTION('',(0.,0.,1.));
#3684 = DIRECTION('',(1.,0.,0.));
#3685 = ORIENTED_EDGE('',*,*,#3686,.F.);
#3686 = EDGE_CURVE('',#3151,#3176,#3687,.T.);
#3687 = CIRCLE('',#3688,12.51);
#3688 = AXIS2_PLACEMENT_3D('',#3689,#3690,#3691);
#3689 = CARTESIAN_POINT('',(0.,0.,-2.5));
#3690 = DIRECTION('',(0.,0.,1.));
#3691 = DIRECTION('',(1.,0.,0.));
#3692 = ORIENTED_EDGE('',*,*,#3693,.F.);
#3693 = EDGE_CURVE('',#3694,#3151,#3696,.T.);
#3694 = VERTEX_POINT('',#3695);
#3695 = CARTESIAN_POINT('',(-9.192458859034,8.48521067063,-2.5));
#3696 = CIRCLE('',#3697,12.51);
#3697 = AXIS2_PLACEMENT_3D('',#3698,#3699,#3700);
#3698 = CARTESIAN_POINT('',(0.,0.,-2.5));
#3699 = DIRECTION('',(0.,0.,1.));
#3700 = DIRECTION('',(1.,0.,0.));
#3701 = ORIENTED_EDGE('',*,*,#3702,.F.);
#3702 = EDGE_CURVE('',#3703,#3694,#3705,.T.);
#3703 = VERTEX_POINT('',#3704);
#3704 = CARTESIAN_POINT('',(-8.48521067063,9.192458859034,-2.5));
#3705 = CIRCLE('',#3706,12.51);
#3706 = AXIS2_PLACEMENT_3D('',#3707,#3708,#3709);
#3707 = CARTESIAN_POINT('',(0.,0.,-2.5));
#3708 = DIRECTION('',(0.,0.,1.));
#3709 = DIRECTION('',(1.,0.,0.));
#3710 = ORIENTED_EDGE('',*,*,#3711,.F.);
#3711 = EDGE_CURVE('',#3075,#3703,#3712,.T.);
#3712 = CIRCLE('',#3713,12.51);
#3713 = AXIS2_PLACEMENT_3D('',#3714,#3715,#3716);
#3714 = CARTESIAN_POINT('',(0.,0.,-2.5));
#3715 = DIRECTION('',(0.,0.,1.));
#3716 = DIRECTION('',(1.,0.,0.));
#3717 = ORIENTED_EDGE('',*,*,#3718,.F.);
#3718 = EDGE_CURVE('',#3029,#3075,#3719,.T.);
#3719 = CIRCLE('',#3720,12.51);
#3720 = AXIS2_PLACEMENT_3D('',#3721,#3722,#3723);
#3721 = CARTESIAN_POINT('',(0.,0.,-2.5));
#3722 = DIRECTION('',(0.,0.,1.));
#3723 = DIRECTION('',(1.,0.,0.));
#3724 = ORIENTED_EDGE('',*,*,#3725,.F.);
#3725 = EDGE_CURVE('',#2849,#3029,#3726,.T.);
#3726 = CIRCLE('',#3727,12.51);
#3727 = AXIS2_PLACEMENT_3D('',#3728,#3729,#3730);
#3728 = CARTESIAN_POINT('',(0.,0.,-2.5));
#3729 = DIRECTION('',(0.,0.,1.));
#3730 = DIRECTION('',(1.,0.,0.));
#3731 = ORIENTED_EDGE('',*,*,#3732,.F.);
#3732 = EDGE_CURVE('',#2841,#2849,#3733,.T.);
#3733 = CIRCLE('',#3734,12.51);
#3734 = AXIS2_PLACEMENT_3D('',#3735,#3736,#3737);
#3735 = CARTESIAN_POINT('',(0.,0.,-2.5));
#3736 = DIRECTION('',(0.,0.,1.));
#3737 = DIRECTION('',(1.,0.,0.));
#3738 = ORIENTED_EDGE('',*,*,#2902,.F.);
#3739 = ORIENTED_EDGE('',*,*,#2778,.F.);
#3740 = ORIENTED_EDGE('',*,*,#3643,.F.);
#3741 = TOROIDAL_SURFACE('',#3742,12.51,2.49);
#3742 = AXIS2_PLACEMENT_3D('',#3743,#3744,#3745);
#3743 = CARTESIAN_POINT('',(0.,0.,-1.E-02));
#3744 = DIRECTION('',(-0.,-0.,-1.));
#3745 = DIRECTION('',(1.,0.,0.));
#3746 = ADVANCED_FACE('',(#3747),#3766,.F.);
#3747 = FACE_BOUND('',#3748,.F.);
#3748 = EDGE_LOOP('',(#3749,#3757,#3758,#3759));
#3749 = ORIENTED_EDGE('',*,*,#3750,.T.);
#3750 = EDGE_CURVE('',#3751,#2806,#3753,.T.);
#3751 = VERTEX_POINT('',#3752);
#3752 = CARTESIAN_POINT('',(11.,0.,0.));
#3753 = LINE('',#3754,#3755);
#3754 = CARTESIAN_POINT('',(11.,0.,0.));
#3755 = VECTOR('',#3756,1.);
#3756 = DIRECTION('',(-0.,-0.,-1.));
#3757 = ORIENTED_EDGE('',*,*,#2805,.T.);
#3758 = ORIENTED_EDGE('',*,*,#3750,.F.);
#3759 = ORIENTED_EDGE('',*,*,#3760,.F.);
#3760 = EDGE_CURVE('',#3751,#3751,#3761,.T.);
#3761 = CIRCLE('',#3762,1.75);
#3762 = AXIS2_PLACEMENT_3D('',#3763,#3764,#3765);
#3763 = CARTESIAN_POINT('',(9.25,0.,0.));
#3764 = DIRECTION('',(0.,0.,1.));
#3765 = DIRECTION('',(1.,0.,0.));
#3766 = CYLINDRICAL_SURFACE('',#3767,1.75);
#3767 = AXIS2_PLACEMENT_3D('',#3768,#3769,#3770);
#3768 = CARTESIAN_POINT('',(9.25,0.,0.));
#3769 = DIRECTION('',(0.,0.,1.));
#3770 = DIRECTION('',(1.,0.,0.));
#3771 = ADVANCED_FACE('',(#3772),#3776,.F.);
#3772 = FACE_BOUND('',#3773,.F.);
#3773 = EDGE_LOOP('',(#3774,#3775));
#3774 = ORIENTED_EDGE('',*,*,#2848,.T.);
#3775 = ORIENTED_EDGE('',*,*,#3732,.T.);
#3776 = PLANE('',#3777);
#3777 = AXIS2_PLACEMENT_3D('',#3778,#3779,#3780);
#3778 = CARTESIAN_POINT('',(-4.7E-16,2.7E-16,-2.5));
#3779 = DIRECTION('',(0.,0.,1.));
#3780 = DIRECTION('',(1.,0.,0.));
#3781 = ADVANCED_FACE('',(#3782),#3813,.T.);
#3782 = FACE_BOUND('',#3783,.T.);
#3783 = EDGE_LOOP('',(#3784,#3785,#3797,#3810,#3811,#3812));
#3784 = ORIENTED_EDGE('',*,*,#2928,.T.);
#3785 = ORIENTED_EDGE('',*,*,#3786,.T.);
#3786 = EDGE_CURVE('',#2921,#3787,#3789,.T.);
#3787 = VERTEX_POINT('',#3788);
#3788 = CARTESIAN_POINT('',(-0.667408644266,2.492478109466,
    -31.83035042472));
#3789 = ( BOUNDED_CURVE() B_SPLINE_CURVE(6,(#3790,#3791,#3792,#3793,
#3794,#3795,#3796),.UNSPECIFIED.,.F.,.F.) B_SPLINE_CURVE_WITH_KNOTS((7,7
),(0.,1.234121507408),.PIECEWISE_BEZIER_KNOTS.) CURVE() 
GEOMETRIC_REPRESENTATION_ITEM() RATIONAL_B_SPLINE_CURVE((1.019247042899,
    1.006250771092,0.998720975332,0.996243370058,0.998720975332,
1.006250771092,1.019247042899)) REPRESENTATION_ITEM('') );
#3790 = CARTESIAN_POINT('',(3.58E-15,1.8250694652,-32.5));
#3791 = CARTESIAN_POINT('',(-0.14732092465,1.97239038985,-32.5));
#3792 = CARTESIAN_POINT('',(-0.292321674498,2.117391139698,
    -32.44818816964));
#3793 = CARTESIAN_POINT('',(-0.42500089387,2.250070359069,
    -32.34715732187));
#3794 = CARTESIAN_POINT('',(-0.536260391485,2.361329856685,
    -32.20343038949));
#3795 = CARTESIAN_POINT('',(-0.618741114237,2.443810579436,
    -32.02699694191));
#3796 = CARTESIAN_POINT('',(-0.667408644266,2.492478109466,
    -31.83035042472));
#3797 = ORIENTED_EDGE('',*,*,#3798,.T.);
#3798 = EDGE_CURVE('',#3787,#3091,#3799,.T.);
#3799 = B_SPLINE_CURVE_WITH_KNOTS('',9,(#3800,#3801,#3802,#3803,#3804,
    #3805,#3806,#3807,#3808,#3809),.UNSPECIFIED.,.F.,.F.,(10,10),(0.,1.)
  ,.PIECEWISE_BEZIER_KNOTS.);
#3800 = CARTESIAN_POINT('',(-0.667408644266,2.492478109466,
    -31.83035042472));
#3801 = CARTESIAN_POINT('',(-0.598752934742,2.561133818989,
    -31.83035042472));
#3802 = CARTESIAN_POINT('',(-0.527522292424,2.627344837209,
    -31.84049159683));
#3803 = CARTESIAN_POINT('',(-0.457091555825,2.691673848779,
    -31.85281894296));
#3804 = CARTESIAN_POINT('',(-0.386745704195,2.760538925092,
    -31.85581056087));
#3805 = CARTESIAN_POINT('',(-0.320006112147,2.831143608069,-31.848001898
    ));
#3806 = CARTESIAN_POINT('',(-0.254586734106,2.914794547932,
    -31.81116858087));
#3807 = CARTESIAN_POINT('',(-0.216814704805,2.989676939509,
    -31.7361943271));
#3808 = CARTESIAN_POINT('',(-0.211693310248,3.040120434994,
    -31.64462985595));
#3809 = CARTESIAN_POINT('',(-0.234377351345,3.062804476091,
    -31.55297248861));
#3810 = ORIENTED_EDGE('',*,*,#3098,.T.);
#3811 = ORIENTED_EDGE('',*,*,#3051,.T.);
#3812 = ORIENTED_EDGE('',*,*,#2872,.T.);
#3813 = B_SPLINE_SURFACE_WITH_KNOTS('',8,8,(
    (#3814,#3815,#3816,#3817,#3818,#3819,#3820,#3821,#3822,#3823,#3824
      ,#3825,#3826,#3827,#3828,#3829)
    ,(#3830,#3831,#3832,#3833,#3834,#3835,#3836,#3837,#3838,#3839,#3840
      ,#3841,#3842,#3843,#3844,#3845)
    ,(#3846,#3847,#3848,#3849,#3850,#3851,#3852,#3853,#3854,#3855,#3856
      ,#3857,#3858,#3859,#3860,#3861)
    ,(#3862,#3863,#3864,#3865,#3866,#3867,#3868,#3869,#3870,#3871,#3872
      ,#3873,#3874,#3875,#3876,#3877)
    ,(#3878,#3879,#3880,#3881,#3882,#3883,#3884,#3885,#3886,#3887,#3888
      ,#3889,#3890,#3891,#3892,#3893)
    ,(#3894,#3895,#3896,#3897,#3898,#3899,#3900,#3901,#3902,#3903,#3904
      ,#3905,#3906,#3907,#3908,#3909)
    ,(#3910,#3911,#3912,#3913,#3914,#3915,#3916,#3917,#3918,#3919,#3920
      ,#3921,#3922,#3923,#3924,#3925)
    ,(#3926,#3927,#3928,#3929,#3930,#3931,#3932,#3933,#3934,#3935,#3936
      ,#3937,#3938,#3939,#3940,#3941)
    ,(#3942,#3943,#3944,#3945,#3946,#3947,#3948,#3949,#3950,#3951,#3952
      ,#3953,#3954,#3955,#3956,#3957)
    ,(#3958,#3959,#3960,#3961,#3962,#3963,#3964,#3965,#3966,#3967,#3968
      ,#3969,#3970,#3971,#3972,#3973)
    ,(#3974,#3975,#3976,#3977,#3978,#3979,#3980,#3981,#3982,#3983,#3984
      ,#3985,#3986,#3987,#3988,#3989)
    ,(#3990,#3991,#3992,#3993,#3994,#3995,#3996,#3997,#3998,#3999,#4000
      ,#4001,#4002,#4003,#4004,#4005)
    ,(#4006,#4007,#4008,#4009,#4010,#4011,#4012,#4013,#4014,#4015,#4016
      ,#4017,#4018,#4019,#4020,#4021)
    ,(#4022,#4023,#4024,#4025,#4026,#4027,#4028,#4029,#4030,#4031,#4032
      ,#4033,#4034,#4035,#4036,#4037)
    ,(#4038,#4039,#4040,#4041,#4042,#4043,#4044,#4045,#4046,#4047,#4048
      ,#4049,#4050,#4051,#4052,#4053)
    ,(#4054,#4055,#4056,#4057,#4058,#4059,#4060,#4061,#4062,#4063,#4064
      ,#4065,#4066,#4067,#4068,#4069
  )),.UNSPECIFIED.,.F.,.F.,.F.,(9,7,9),(9,7,9),(-1.133120773215,
    -0.289809688123,0.553501396968),(-0.746823590661,-2.507328E-11,
    0.74682359061),.UNSPECIFIED.);
#3814 = CARTESIAN_POINT('',(-0.805831549247,1.640999709349,
    -32.37801505272));
#3815 = CARTESIAN_POINT('',(-0.697805893524,1.649712436239,
    -32.39804307627));
#3816 = CARTESIAN_POINT('',(-0.590892971134,1.659372560777,
    -32.41747368521));
#3817 = CARTESIAN_POINT('',(-0.486170710754,1.669984554018,
    -32.43651293914));
#3818 = CARTESIAN_POINT('',(-0.38335473182,1.681248802706,
    -32.45542225382));
#3819 = CARTESIAN_POINT('',(-0.28511015781,1.691829875045,
    -32.47273278693));
#3820 = CARTESIAN_POINT('',(-0.187121819673,1.699564363641,
    -32.48715464504));
#3821 = CARTESIAN_POINT('',(-9.35623681612E-02,1.703498181349,
    -32.49397132726));
#3822 = CARTESIAN_POINT('',(9.356236796956E-02,1.703498181265,
    -32.4939713273));
#3823 = CARTESIAN_POINT('',(0.187121819537,1.699564363469,
    -32.48715464512));
#3824 = CARTESIAN_POINT('',(0.28511015774,1.691829874874,-32.47273278704
    ));
#3825 = CARTESIAN_POINT('',(0.383354732073,1.681248802415,
    -32.45542225393));
#3826 = CARTESIAN_POINT('',(0.486170711189,1.669984553677,
    -32.43651293919));
#3827 = CARTESIAN_POINT('',(0.590892972063,1.659372560291,
    -32.41747368521));
#3828 = CARTESIAN_POINT('',(0.697805895039,1.649712435689,
    -32.39804307628));
#3829 = CARTESIAN_POINT('',(0.805831551545,1.64099970873,-32.37801505275
    ));
#3830 = CARTESIAN_POINT('',(-0.798428718996,1.746905227891,
    -32.36674322595));
#3831 = CARTESIAN_POINT('',(-0.691371740578,1.759842114704,
    -32.39111694497));
#3832 = CARTESIAN_POINT('',(-0.585206445284,1.773311200371,
    -32.41443435916));
#3833 = CARTESIAN_POINT('',(-0.481699293386,1.787435737921,
    -32.43660197799));
#3834 = CARTESIAN_POINT('',(-0.378879827269,1.801902002902,
    -32.45953758936));
#3835 = CARTESIAN_POINT('',(-0.283046414163,1.815460422293,
    -32.47905744808));
#3836 = CARTESIAN_POINT('',(-0.1850085891,1.825012993708,-32.49720674535
    ));
#3837 = CARTESIAN_POINT('',(-9.23522310847E-02,1.829915045873,
    -32.50593292336));
#3838 = CARTESIAN_POINT('',(9.235223101759E-02,1.829915045788,
    -32.50593292336));
#3839 = CARTESIAN_POINT('',(0.18500858904,1.825012993537,-32.49720674533
    ));
#3840 = CARTESIAN_POINT('',(0.283046414185,1.81546042217,-32.47905744811
    ));
#3841 = CARTESIAN_POINT('',(0.378879827553,1.801902002627,-32.4595375893
    ));
#3842 = CARTESIAN_POINT('',(0.481699293819,1.787435737616,-32.4366019779
    ));
#3843 = CARTESIAN_POINT('',(0.585206446165,1.773311199968,
    -32.41443435901));
#3844 = CARTESIAN_POINT('',(0.691371742019,1.759842114288,
    -32.39111694487));
#3845 = CARTESIAN_POINT('',(0.798428721202,1.746905227496,
    -32.36674322596));
#3846 = CARTESIAN_POINT('',(-0.791767802315,1.844277775238,
    -32.34015501697));
#3847 = CARTESIAN_POINT('',(-0.685723945611,1.862281249301,
    -32.36956618369));
#3848 = CARTESIAN_POINT('',(-0.580718530156,1.880318873055,
    -32.39662642265));
#3849 = CARTESIAN_POINT('',(-0.476551656666,1.898285909218,
    -32.42562878919));
#3850 = CARTESIAN_POINT('',(-0.378056828429,1.917371942684,
    -32.44381192947));
#3851 = CARTESIAN_POINT('',(-0.278500321679,1.932992390654,
    -32.47867574497));
#3852 = CARTESIAN_POINT('',(-0.186316952578,1.946214664579,
    -32.48831853299));
#3853 = CARTESIAN_POINT('',(-9.095352273034E-02,1.951300220382,
    -32.50672650191));
#3854 = CARTESIAN_POINT('',(9.095352280649E-02,1.951300220287,
    -32.50672650185));
#3855 = CARTESIAN_POINT('',(0.186316952141,1.946214664187,
    -32.48831853299));
#3856 = CARTESIAN_POINT('',(0.278500322458,1.932992391388,
    -32.47867574502));
#3857 = CARTESIAN_POINT('',(0.378056827969,1.917371941692,
    -32.44381192929));
#3858 = CARTESIAN_POINT('',(0.476551657539,1.898285909489,
    -32.42562878907));
#3859 = CARTESIAN_POINT('',(0.580718530714,1.880318872692,
    -32.39662642251));
#3860 = CARTESIAN_POINT('',(0.68572394691,1.862281249034,-32.36956618352
    ));
#3861 = CARTESIAN_POINT('',(0.791767804363,1.844277774995,
    -32.34015501689));
#3862 = CARTESIAN_POINT('',(-0.785850373884,1.934834786388,
    -32.30006868658));
#3863 = CARTESIAN_POINT('',(-0.680835975091,1.958486802153,
    -32.33491095015));
#3864 = CARTESIAN_POINT('',(-0.576192179157,1.981597276026,
    -32.36812342182));
#3865 = CARTESIAN_POINT('',(-0.473680320541,2.004324368343,
    -32.39143342244));
#3866 = CARTESIAN_POINT('',(-0.37448728506,2.026237120256,
    -32.43751432255));
#3867 = CARTESIAN_POINT('',(-0.280590381123,2.049793763377,
    -32.44034574747));
#3868 = CARTESIAN_POINT('',(-0.183628721365,2.06090953976,
    -32.48302491005));
#3869 = CARTESIAN_POINT('',(-9.682420041084E-02,2.068962917385,
    -32.48208381067));
#3870 = CARTESIAN_POINT('',(9.682420018206E-02,2.068962917555,
    -32.48208381085));
#3871 = CARTESIAN_POINT('',(0.183628722167,2.06090954065,-32.48302491012
    ));
#3872 = CARTESIAN_POINT('',(0.280590379916,2.049793761901,
    -32.44034574733));
#3873 = CARTESIAN_POINT('',(0.37448728647,2.026237122072,-32.4375143229)
  );
#3874 = CARTESIAN_POINT('',(0.473680319746,2.004324367267,
    -32.39143342201));
#3875 = CARTESIAN_POINT('',(0.576192180196,1.981597276285,
    -32.36812342161));
#3876 = CARTESIAN_POINT('',(0.680835976172,1.958486802032,
    -32.33491094997));
#3877 = CARTESIAN_POINT('',(0.785850375709,1.934834786242,
    -32.30006868639));
#3878 = CARTESIAN_POINT('',(-0.779997436417,2.02002522593,
    -32.24876326973));
#3879 = CARTESIAN_POINT('',(-0.676162071684,2.049641373047,
    -32.28901674019));
#3880 = CARTESIAN_POINT('',(-0.572807945165,2.077406895226,
    -32.32355568359));
#3881 = CARTESIAN_POINT('',(-0.471184077666,2.107111144299,
    -32.36667649352));
#3882 = CARTESIAN_POINT('',(-0.370288736581,2.131383734497,
    -32.3733244347));
#3883 = CARTESIAN_POINT('',(-0.278980500837,2.157915333868,
    -32.43128810326));
#3884 = CARTESIAN_POINT('',(-0.186713990636,2.176154910148,
    -32.4331797639));
#3885 = CARTESIAN_POINT('',(-8.847369165292E-02,2.184452175233,
    -32.45308885598));
#3886 = CARTESIAN_POINT('',(8.847369166497E-02,2.184452175217,
    -32.45308885579));
#3887 = CARTESIAN_POINT('',(0.186713989757,2.176154909535,
    -32.43317976385));
#3888 = CARTESIAN_POINT('',(0.278980501819,2.157915335479,-32.4312881033
    ));
#3889 = CARTESIAN_POINT('',(0.370288735159,2.131383733097,-32.3733244347
    ));
#3890 = CARTESIAN_POINT('',(0.471184078889,2.107111145448,
    -32.36667649358));
#3891 = CARTESIAN_POINT('',(0.572807944912,2.077406894902,-32.3235556835
    ));
#3892 = CARTESIAN_POINT('',(0.676162072494,2.049641373043,
    -32.28901673995));
#3893 = CARTESIAN_POINT('',(0.779997437972,2.020025225798,
    -32.24876326939));
#3894 = CARTESIAN_POINT('',(-0.774361239749,2.101543593435,
    -32.18866007728));
#3895 = CARTESIAN_POINT('',(-0.671546766921,2.137271419886,
    -32.2346802722));
#3896 = CARTESIAN_POINT('',(-0.568182080588,2.171784134563,
    -32.27711598269));
#3897 = CARTESIAN_POINT('',(-0.465287688984,2.200923830821,
    -32.30648239612));
#3898 = CARTESIAN_POINT('',(-0.369694544247,2.237245415778,
    -32.35661565253));
#3899 = CARTESIAN_POINT('',(-0.275224118732,2.266411120324,
    -32.37411825435));
#3900 = CARTESIAN_POINT('',(-0.181406389953,2.28597327615,
    -32.40552828311));
#3901 = CARTESIAN_POINT('',(-9.346136683958E-02,2.296680726864,
    -32.41295815412));
#3902 = CARTESIAN_POINT('',(9.34613664054E-02,2.296680726986,
    -32.41295815422));
#3903 = CARTESIAN_POINT('',(0.18140638998,2.285973276702,-32.4055282831)
  );
#3904 = CARTESIAN_POINT('',(0.275224117717,2.266411119904,
    -32.37411825443));
#3905 = CARTESIAN_POINT('',(0.369694544906,2.237245416745,
    -32.35661565227));
#3906 = CARTESIAN_POINT('',(0.465287688035,2.200923830689,-32.3064823959
    ));
#3907 = CARTESIAN_POINT('',(0.568182080832,2.171784134874,
    -32.27711598251));
#3908 = CARTESIAN_POINT('',(0.671546767371,2.137271419906,
    -32.23468027198));
#3909 = CARTESIAN_POINT('',(0.774361240979,2.101543593246,
    -32.18866007681));
#3910 = CARTESIAN_POINT('',(-0.768871667344,2.180105630658,
    -32.12120180431));
#3911 = CARTESIAN_POINT('',(-0.667859670263,2.222020737356,
    -32.17288674057));
#3912 = CARTESIAN_POINT('',(-0.566116372104,2.261046226116,
    -32.21825092553));
#3913 = CARTESIAN_POINT('',(-0.46229137843,2.299485631048,
    -32.26132120737));
#3914 = CARTESIAN_POINT('',(-0.367891913981,2.336465550354,
    -32.29540722889));
#3915 = CARTESIAN_POINT('',(-0.273715021819,2.371627959753,
    -32.33254573404));
#3916 = CARTESIAN_POINT('',(-0.182361260146,2.394424999359,
    -32.35381331189));
#3917 = CARTESIAN_POINT('',(-9.049819734871E-02,2.406226999874,
    -32.36641357136));
#3918 = CARTESIAN_POINT('',(9.049819684882E-02,2.406226999963,
    -32.36641357139));
#3919 = CARTESIAN_POINT('',(0.18236125955,2.394424999487,-32.35381331201
    ));
#3920 = CARTESIAN_POINT('',(0.273715021214,2.371627960078,
    -32.33254573416));
#3921 = CARTESIAN_POINT('',(0.367891913382,2.33646555072,-32.29540722917
    ));
#3922 = CARTESIAN_POINT('',(0.462291377622,2.299485631275,
    -32.26132120757));
#3923 = CARTESIAN_POINT('',(0.566116371517,2.261046226286,-32.2182509257
    ));
#3924 = CARTESIAN_POINT('',(0.667859670343,2.222020737416,
    -32.17288674049));
#3925 = CARTESIAN_POINT('',(0.768871668263,2.180105630399,-32.1212018038
    ));
#3926 = CARTESIAN_POINT('',(-0.762039941269,2.25459995365,
    -32.04653051714));
#3927 = CARTESIAN_POINT('',(-0.663590816536,2.302163968153,
    -32.10314774395));
#3928 = CARTESIAN_POINT('',(-0.563403319702,2.346695831095,
    -32.15306065616));
#3929 = CARTESIAN_POINT('',(-0.460422752219,2.387476898556,
    -32.19627165558));
#3930 = CARTESIAN_POINT('',(-0.367000729063,2.434101316618,
    -32.24014535477));
#3931 = CARTESIAN_POINT('',(-0.273224362497,2.46896331187,
    -32.27431066814));
#3932 = CARTESIAN_POINT('',(-0.181757129282,2.495788953749,
    -32.29965781755));
#3933 = CARTESIAN_POINT('',(-9.087764193681E-02,2.508776289815,
    -32.31208247358));
#3934 = CARTESIAN_POINT('',(9.087764130733E-02,2.508776289902,
    -32.31208247368));
#3935 = CARTESIAN_POINT('',(0.181757128626,2.495788953925,
    -32.29965781773));
#3936 = CARTESIAN_POINT('',(0.273224361671,2.468963312114,
    -32.27431066846));
#3937 = CARTESIAN_POINT('',(0.367000728359,2.434101316989,
    -32.24014535506));
#3938 = CARTESIAN_POINT('',(0.460422751118,2.387476898875,-32.1962716561
    ));
#3939 = CARTESIAN_POINT('',(0.563403319033,2.346695831393,
    -32.15306065649));
#3940 = CARTESIAN_POINT('',(0.663590816462,2.302163968272,-32.103147744)
  );
#3941 = CARTESIAN_POINT('',(0.762039942042,2.254599953359,-32.0465305166
    ));
#3942 = CARTESIAN_POINT('',(-0.742044852101,2.392859712066,
    -31.8846010654));
#3943 = CARTESIAN_POINT('',(-0.650469020288,2.449572080779,
    -31.94953422141));
#3944 = CARTESIAN_POINT('',(-0.555681682649,2.501502809503,
    -32.00563469318));
#3945 = CARTESIAN_POINT('',(-0.45676589285,2.551948621845,
    -32.05571784938));
#3946 = CARTESIAN_POINT('',(-0.369553435623,2.605114979258,
    -32.1070568877));
#3947 = CARTESIAN_POINT('',(-0.273598914115,2.650147081678,
    -32.14655213268));
#3948 = CARTESIAN_POINT('',(-0.183071973691,2.67850242259,
    -32.17277782122));
#3949 = CARTESIAN_POINT('',(-9.140998027601E-02,2.692733722873,
    -32.18564418512));
#3950 = CARTESIAN_POINT('',(9.140997959377E-02,2.692733722915,
    -32.18564418528));
#3951 = CARTESIAN_POINT('',(0.183071972944,2.678502422675,
    -32.17277782155));
#3952 = CARTESIAN_POINT('',(0.273598913278,2.650147081828,
    -32.14655213315));
#3953 = CARTESIAN_POINT('',(0.369553434606,2.605114979569,
    -32.10705688836));
#3954 = CARTESIAN_POINT('',(0.456765891702,2.551948622276,
    -32.05571785015));
#3955 = CARTESIAN_POINT('',(0.555681681745,2.501502809893,
    -32.00563469383));
#3956 = CARTESIAN_POINT('',(0.650469020003,2.449572081003,
    -31.94953422168));
#3957 = CARTESIAN_POINT('',(0.742044852658,2.39285971174,-31.88460106486
    ));
#3958 = CARTESIAN_POINT('',(-0.731523010623,2.455006721255,
    -31.79745690464));
#3959 = CARTESIAN_POINT('',(-0.646375818815,2.513794097344,
    -31.86580757956));
#3960 = CARTESIAN_POINT('',(-0.554078876023,2.551563122064,
    -31.91441895741));
#3961 = CARTESIAN_POINT('',(-0.44381166388,2.687833034187,
    -32.00857222422));
#3962 = CARTESIAN_POINT('',(-0.388522519924,2.580029759647,
    -31.97502093511));
#3963 = CARTESIAN_POINT('',(-0.255798397429,2.832231666697,
    -32.13794302312));
#3964 = CARTESIAN_POINT('',(-0.197240591043,2.734955788189,
    -32.07316585701));
#3965 = CARTESIAN_POINT('',(-8.817042209088E-02,2.771027299058,
    -32.11530658214));
#3966 = CARTESIAN_POINT('',(8.817042132715E-02,2.771027297283,
    -32.11530658246));
#3967 = CARTESIAN_POINT('',(0.197240590731,2.734955790474,
    -32.07316585779));
#3968 = CARTESIAN_POINT('',(0.255798397039,2.832231666699,
    -32.13794302221));
#3969 = CARTESIAN_POINT('',(0.388522518136,2.580029758505,
    -31.97502093753));
#3970 = CARTESIAN_POINT('',(0.443811663828,2.687833035708,
    -32.00857222397));
#3971 = CARTESIAN_POINT('',(0.554078874488,2.551563122222,
    -31.91441895854));
#3972 = CARTESIAN_POINT('',(0.646375818554,2.513794097668,
    -31.86580757993));
#3973 = CARTESIAN_POINT('',(0.731523011176,2.455006720953,-31.7974569041
    ));
#3974 = CARTESIAN_POINT('',(-0.700301893702,2.521958129049,
    -31.70498013724));
#3975 = CARTESIAN_POINT('',(-0.609915604239,2.59078639179,
    -31.77648140244));
#3976 = CARTESIAN_POINT('',(-0.542084384935,2.694792309659,
    -31.86805528965));
#3977 = CARTESIAN_POINT('',(-0.485707451254,2.479855342703,
    -31.78823540793));
#3978 = CARTESIAN_POINT('',(-0.328039578057,3.069911033215,
    -32.13655043716));
#3979 = CARTESIAN_POINT('',(-0.34483820335,2.493827338912,
    -31.79354351584));
#3980 = CARTESIAN_POINT('',(-0.135033008628,2.876930134245,
    -32.10210322433));
#3981 = CARTESIAN_POINT('',(-0.111357220624,2.859887333179,
    -32.02893944742));
#3982 = CARTESIAN_POINT('',(0.111357220573,2.859887339799,
    -32.02893944683));
#3983 = CARTESIAN_POINT('',(0.135033006585,2.876930125616,
    -32.10210322322));
#3984 = CARTESIAN_POINT('',(0.344838202035,2.493827338529,
    -31.79354352183));
#3985 = CARTESIAN_POINT('',(0.328039578821,3.069911040138,
    -32.13655043194));
#3986 = CARTESIAN_POINT('',(0.485707447984,2.479855337747,
    -31.78823541226));
#3987 = CARTESIAN_POINT('',(0.542084385433,2.694792311612,
    -31.86805528926));
#3988 = CARTESIAN_POINT('',(0.609915603788,2.590786391957,
    -31.77648140303));
#3989 = CARTESIAN_POINT('',(0.700301894063,2.521958128685,
    -31.70498013688));
#3990 = CARTESIAN_POINT('',(-0.695144455207,2.549457010629,
    -31.60098801828));
#3991 = CARTESIAN_POINT('',(-0.62014968154,2.607536263519,
    -31.67120767457));
#3992 = CARTESIAN_POINT('',(-0.517008338601,2.589718933516,
    -31.69303053527));
#3993 = CARTESIAN_POINT('',(-0.47259026259,3.0624540502,-31.9735477778)
  );
#3994 = CARTESIAN_POINT('',(-0.369695890645,2.340604180944,
    -31.57056006783));
#3995 = CARTESIAN_POINT('',(-0.228167928105,3.22510161657,
    -32.18663906836));
#3996 = CARTESIAN_POINT('',(-0.271451936046,2.955728748398,
    -31.86863745838));
#3997 = CARTESIAN_POINT('',(-5.196751277819E-02,2.831269227956,
    -31.92512857188));
#3998 = CARTESIAN_POINT('',(5.196751217122E-02,2.8312692171,
    -31.92512857399));
#3999 = CARTESIAN_POINT('',(0.271451937975,2.955728762439,
    -31.86863746096));
#4000 = CARTESIAN_POINT('',(0.228167928243,3.225101618143,
    -32.18663905802));
#4001 = CARTESIAN_POINT('',(0.369695889619,2.340604167026,
    -31.57056008028));
#4002 = CARTESIAN_POINT('',(0.472590263659,3.062454062292,-31.9735477719
    ));
#4003 = CARTESIAN_POINT('',(0.517008336739,2.589718930581,
    -31.69303053803));
#4004 = CARTESIAN_POINT('',(0.620149681116,2.60753626364,-31.6712076748)
  );
#4005 = CARTESIAN_POINT('',(0.695144455473,2.549457010234,
    -31.60098801769));
#4006 = CARTESIAN_POINT('',(-0.688516894076,2.588173250075,
    -31.50782614884));
#4007 = CARTESIAN_POINT('',(-0.611682353905,2.64393245524,
    -31.57552719199));
#4008 = CARTESIAN_POINT('',(-0.572841596506,2.759830500492,
    -31.67155817611));
#4009 = CARTESIAN_POINT('',(-0.373243750768,2.510347848093,
    -31.57038604538));
#4010 = CARTESIAN_POINT('',(-0.525804061495,2.942649639871,
    -31.86872461289));
#4011 = CARTESIAN_POINT('',(-0.252860347145,3.029828287268,
    -31.81255885249));
#4012 = CARTESIAN_POINT('',(-0.122787306854,2.529426235758,
    -31.70695442078));
#4013 = CARTESIAN_POINT('',(-0.152611167523,3.016039437826,
    -31.87221891485));
#4014 = CARTESIAN_POINT('',(0.152611167001,3.016039445611,
    -31.87221891196));
#4015 = CARTESIAN_POINT('',(0.122787306038,2.529426223321,
    -31.70695441913));
#4016 = CARTESIAN_POINT('',(0.252860345672,3.029828285714,
    -31.81255886511));
#4017 = CARTESIAN_POINT('',(0.525804062653,2.942649653539,
    -31.86872459926));
#4018 = CARTESIAN_POINT('',(0.373243748365,2.510347836973,
    -31.57038605413));
#4019 = CARTESIAN_POINT('',(0.572841596878,2.759830504265,
    -31.67155817448));
#4020 = CARTESIAN_POINT('',(0.611682354003,2.643932455731,
    -31.57552719231));
#4021 = CARTESIAN_POINT('',(0.688516894896,2.588173250193,
    -31.50782614832));
#4022 = CARTESIAN_POINT('',(-0.681238629022,2.646633046913,
    -31.42362528849));
#4023 = CARTESIAN_POINT('',(-0.610355258783,2.700197245093,
    -31.48835651962));
#4024 = CARTESIAN_POINT('',(-0.512843093637,2.690871331583,
    -31.51407515009));
#4025 = CARTESIAN_POINT('',(-0.564960623879,3.004762820017,
    -31.72341122685));
#4026 = CARTESIAN_POINT('',(-0.224073830712,2.703694387882,
    -31.54177372936));
#4027 = CARTESIAN_POINT('',(-0.452112127922,2.772419204829,
    -31.67984628486));
#4028 = CARTESIAN_POINT('',(-0.181619016809,3.511196932705,
    -32.00668612663));
#4029 = CARTESIAN_POINT('',(-4.79157280147E-02,2.799866303398,
    -31.62336011778));
#4030 = CARTESIAN_POINT('',(4.791572985432E-02,2.799866303117,
    -31.62336012013));
#4031 = CARTESIAN_POINT('',(0.181619015027,3.511196937249,
    -32.00668612718));
#4032 = CARTESIAN_POINT('',(0.452112127271,2.772419201897,
    -31.67984627721));
#4033 = CARTESIAN_POINT('',(0.224073831115,2.703694386901,
    -31.54177373867));
#4034 = CARTESIAN_POINT('',(0.564960623705,3.004762822505,
    -31.72341122145));
#4035 = CARTESIAN_POINT('',(0.512843093641,2.690871331614,
    -31.51407515163));
#4036 = CARTESIAN_POINT('',(0.610355259247,2.700197245837,
    -31.48835651947));
#4037 = CARTESIAN_POINT('',(0.681238630163,2.646633047527,
    -31.42362528779));
#4038 = CARTESIAN_POINT('',(-0.673384751973,2.720930724328,
    -31.35138068827));
#4039 = CARTESIAN_POINT('',(-0.604470177666,2.773046234231,
    -31.41067761856));
#4040 = CARTESIAN_POINT('',(-0.525307006713,2.73963606245,
    -31.42910683763));
#4041 = CARTESIAN_POINT('',(-0.505932033702,3.227962455899,
    -31.67577707551));
#4042 = CARTESIAN_POINT('',(-0.310046554227,2.374527831377,
    -31.32052821552));
#4043 = CARTESIAN_POINT('',(-0.386320233271,3.492487345695,
    -31.84520365061));
#4044 = CARTESIAN_POINT('',(-0.162944113647,3.200239240208,
    -31.70904402469));
#4045 = CARTESIAN_POINT('',(-7.87295938013E-02,2.807178763626,
    -31.5287275246));
#4046 = CARTESIAN_POINT('',(7.8729593091E-02,2.807178761633,
    -31.52872752501));
#4047 = CARTESIAN_POINT('',(0.162944114169,3.200239238586,
    -31.70904402554));
#4048 = CARTESIAN_POINT('',(0.386320236311,3.492487354753,
    -31.84520364714));
#4049 = CARTESIAN_POINT('',(0.310046551084,2.374527822102,
    -31.32052821736));
#4050 = CARTESIAN_POINT('',(0.505932036173,3.227962462016,
    -31.67577707353));
#4051 = CARTESIAN_POINT('',(0.525307006776,2.739636061968,-31.4291068373
    ));
#4052 = CARTESIAN_POINT('',(0.604470178675,2.773046235381,
    -31.41067761788));
#4053 = CARTESIAN_POINT('',(0.673384753643,2.720930725671,
    -31.35138068739));
#4054 = CARTESIAN_POINT('',(-0.66308838559,2.804817370009,-31.2877251143
    ));
#4055 = CARTESIAN_POINT('',(-0.595835186972,2.850903886063,
    -31.33730367265));
#4056 = CARTESIAN_POINT('',(-0.523335228489,2.849637477325,
    -31.36431362572));
#4057 = CARTESIAN_POINT('',(-0.475409106523,3.166872165998,
    -31.52655432345));
#4058 = CARTESIAN_POINT('',(-0.343798971586,2.636418470734,
    -31.31820100454));
#4059 = CARTESIAN_POINT('',(-0.337613420696,3.459783592627,
    -31.69375778103));
#4060 = CARTESIAN_POINT('',(-0.169280102383,3.102682883692,
    -31.53870627081));
#4061 = CARTESIAN_POINT('',(-8.503921699854E-02,2.842327215183,
    -31.4250798004));
#4062 = CARTESIAN_POINT('',(8.50392155193E-02,2.842327213761,
    -31.42507980027));
#4063 = CARTESIAN_POINT('',(0.169280102272,3.102682881284,
    -31.53870627066));
#4064 = CARTESIAN_POINT('',(0.337613423473,3.459783598777,
    -31.69375777815));
#4065 = CARTESIAN_POINT('',(0.343798969707,2.636418465423,
    -31.31820100396));
#4066 = CARTESIAN_POINT('',(0.475409108576,3.16687216936,-31.52655432109
    ));
#4067 = CARTESIAN_POINT('',(0.523335229139,2.849637477479,
    -31.36431362415));
#4068 = CARTESIAN_POINT('',(0.595835188399,2.850903887441,
    -31.33730367118));
#4069 = CARTESIAN_POINT('',(0.663088387694,2.804817372072,
    -31.28772511317));
#4070 = ADVANCED_FACE('',(#4071),#4076,.T.);
#4071 = FACE_BOUND('',#4072,.T.);
#4072 = EDGE_LOOP('',(#4073,#4074,#4075));
#4073 = ORIENTED_EDGE('',*,*,#3028,.F.);
#4074 = ORIENTED_EDGE('',*,*,#3725,.F.);
#4075 = ORIENTED_EDGE('',*,*,#2856,.F.);
#4076 = PLANE('',#4077);
#4077 = AXIS2_PLACEMENT_3D('',#4078,#4079,#4080);
#4078 = CARTESIAN_POINT('',(-2.E-17,-2.9E-16,-2.5));
#4079 = DIRECTION('',(0.,0.,1.));
#4080 = DIRECTION('',(1.,0.,0.));
#4081 = ADVANCED_FACE('',(#4082),#4100,.T.);
#4082 = FACE_BOUND('',#4083,.T.);
#4083 = EDGE_LOOP('',(#4084,#4085,#4086,#4094));
#4084 = ORIENTED_EDGE('',*,*,#2920,.F.);
#4085 = ORIENTED_EDGE('',*,*,#2959,.F.);
#4086 = ORIENTED_EDGE('',*,*,#4087,.T.);
#4087 = EDGE_CURVE('',#2948,#4088,#4090,.T.);
#4088 = VERTEX_POINT('',#4089);
#4089 = CARTESIAN_POINT('',(-1.8250694652,2.E-15,-32.5));
#4090 = LINE('',#4091,#4092);
#4091 = CARTESIAN_POINT('',(0.501678829773,-2.326748294973,-32.5));
#4092 = VECTOR('',#4093,1.);
#4093 = DIRECTION('',(-0.707106781187,0.707106781187,1.1E-16));
#4094 = ORIENTED_EDGE('',*,*,#4095,.T.);
#4095 = EDGE_CURVE('',#4088,#2921,#4096,.T.);
#4096 = LINE('',#4097,#4098);
#4097 = CARTESIAN_POINT('',(-2.326748294973,-0.501678829773,-32.5));
#4098 = VECTOR('',#4099,1.);
#4099 = DIRECTION('',(0.707106781187,0.707106781187,0.));
#4100 = PLANE('',#4101);
#4101 = AXIS2_PLACEMENT_3D('',#4102,#4103,#4104);
#4102 = CARTESIAN_POINT('',(1.6E-16,-9.E-16,-32.5));
#4103 = DIRECTION('',(-0.,-0.,-1.));
#4104 = DIRECTION('',(-1.,0.,0.));
#4105 = ADVANCED_FACE('',(#4106,#4112),#4123,.F.);
#4106 = FACE_BOUND('',#4107,.F.);
#4107 = EDGE_LOOP('',(#4108,#4109,#4110,#4111));
#4108 = ORIENTED_EDGE('',*,*,#3276,.T.);
#4109 = ORIENTED_EDGE('',*,*,#3009,.F.);
#4110 = ORIENTED_EDGE('',*,*,#3238,.T.);
#4111 = ORIENTED_EDGE('',*,*,#3654,.T.);
#4112 = FACE_BOUND('',#4113,.F.);
#4113 = EDGE_LOOP('',(#4114));
#4114 = ORIENTED_EDGE('',*,*,#4115,.F.);
#4115 = EDGE_CURVE('',#4116,#4116,#4118,.T.);
#4116 = VERTEX_POINT('',#4117);
#4117 = CARTESIAN_POINT('',(1.75,-7.75,-2.5));
#4118 = CIRCLE('',#4119,1.75);
#4119 = AXIS2_PLACEMENT_3D('',#4120,#4121,#4122);
#4120 = CARTESIAN_POINT('',(0.,-7.75,-2.5));
#4121 = DIRECTION('',(0.,0.,1.));
#4122 = DIRECTION('',(1.,0.,0.));
#4123 = PLANE('',#4124);
#4124 = AXIS2_PLACEMENT_3D('',#4125,#4126,#4127);
#4125 = CARTESIAN_POINT('',(-4.7E-16,2.7E-16,-2.5));
#4126 = DIRECTION('',(0.,0.,1.));
#4127 = DIRECTION('',(1.,0.,0.));
#4128 = ADVANCED_FACE('',(#4129,#4135),#4146,.F.);
#4129 = FACE_BOUND('',#4130,.F.);
#4130 = EDGE_LOOP('',(#4131,#4132,#4133,#4134));
#4131 = ORIENTED_EDGE('',*,*,#3001,.F.);
#4132 = ORIENTED_EDGE('',*,*,#3158,.T.);
#4133 = ORIENTED_EDGE('',*,*,#3686,.T.);
#4134 = ORIENTED_EDGE('',*,*,#3175,.T.);
#4135 = FACE_BOUND('',#4136,.F.);
#4136 = EDGE_LOOP('',(#4137));
#4137 = ORIENTED_EDGE('',*,*,#4138,.F.);
#4138 = EDGE_CURVE('',#4139,#4139,#4141,.T.);
#4139 = VERTEX_POINT('',#4140);
#4140 = CARTESIAN_POINT('',(-7.5,0.,-2.5));
#4141 = CIRCLE('',#4142,1.75);
#4142 = AXIS2_PLACEMENT_3D('',#4143,#4144,#4145);
#4143 = CARTESIAN_POINT('',(-9.25,0.,-2.5));
#4144 = DIRECTION('',(0.,0.,1.));
#4145 = DIRECTION('',(1.,0.,0.));
#4146 = PLANE('',#4147);
#4147 = AXIS2_PLACEMENT_3D('',#4148,#4149,#4150);
#4148 = CARTESIAN_POINT('',(-4.7E-16,2.7E-16,-2.5));
#4149 = DIRECTION('',(0.,0.,1.));
#4150 = DIRECTION('',(1.,0.,0.));
#4151 = ADVANCED_FACE('',(#4152,#4158),#4169,.F.);
#4152 = FACE_BOUND('',#4153,.F.);
#4153 = EDGE_LOOP('',(#4154,#4155,#4156,#4157));
#4154 = ORIENTED_EDGE('',*,*,#2993,.F.);
#4155 = ORIENTED_EDGE('',*,*,#3036,.T.);
#4156 = ORIENTED_EDGE('',*,*,#3718,.T.);
#4157 = ORIENTED_EDGE('',*,*,#3074,.T.);
#4158 = FACE_BOUND('',#4159,.F.);
#4159 = EDGE_LOOP('',(#4160));
#4160 = ORIENTED_EDGE('',*,*,#4161,.F.);
#4161 = EDGE_CURVE('',#4162,#4162,#4164,.T.);
#4162 = VERTEX_POINT('',#4163);
#4163 = CARTESIAN_POINT('',(1.75,7.75,-2.5));
#4164 = CIRCLE('',#4165,1.75);
#4165 = AXIS2_PLACEMENT_3D('',#4166,#4167,#4168);
#4166 = CARTESIAN_POINT('',(0.,7.75,-2.5));
#4167 = DIRECTION('',(0.,0.,1.));
#4168 = DIRECTION('',(1.,0.,0.));
#4169 = PLANE('',#4170);
#4170 = AXIS2_PLACEMENT_3D('',#4171,#4172,#4173);
#4171 = CARTESIAN_POINT('',(-4.7E-16,2.7E-16,-2.5));
#4172 = DIRECTION('',(0.,0.,1.));
#4173 = DIRECTION('',(1.,0.,0.));
#4174 = ADVANCED_FACE('',(#4175,#4186,#4189,#4192,#4203,#4214),#4225,.T.
  );
#4175 = FACE_BOUND('',#4176,.T.);
#4176 = EDGE_LOOP('',(#4177));
#4177 = ORIENTED_EDGE('',*,*,#4178,.T.);
#4178 = EDGE_CURVE('',#4179,#4179,#4181,.T.);
#4179 = VERTEX_POINT('',#4180);
#4180 = CARTESIAN_POINT('',(15.,0.,0.));
#4181 = CIRCLE('',#4182,15.);
#4182 = AXIS2_PLACEMENT_3D('',#4183,#4184,#4185);
#4183 = CARTESIAN_POINT('',(0.,0.,0.));
#4184 = DIRECTION('',(0.,0.,1.));
#4185 = DIRECTION('',(1.,0.,0.));
#4186 = FACE_BOUND('',#4187,.F.);
#4187 = EDGE_LOOP('',(#4188));
#4188 = ORIENTED_EDGE('',*,*,#2983,.T.);
#4189 = FACE_BOUND('',#4190,.F.);
#4190 = EDGE_LOOP('',(#4191));
#4191 = ORIENTED_EDGE('',*,*,#3760,.T.);
#4192 = FACE_BOUND('',#4193,.F.);
#4193 = EDGE_LOOP('',(#4194));
#4194 = ORIENTED_EDGE('',*,*,#4195,.T.);
#4195 = EDGE_CURVE('',#4196,#4196,#4198,.T.);
#4196 = VERTEX_POINT('',#4197);
#4197 = CARTESIAN_POINT('',(1.75,7.75,0.));
#4198 = CIRCLE('',#4199,1.75);
#4199 = AXIS2_PLACEMENT_3D('',#4200,#4201,#4202);
#4200 = CARTESIAN_POINT('',(0.,7.75,0.));
#4201 = DIRECTION('',(0.,0.,1.));
#4202 = DIRECTION('',(1.,0.,0.));
#4203 = FACE_BOUND('',#4204,.F.);
#4204 = EDGE_LOOP('',(#4205));
#4205 = ORIENTED_EDGE('',*,*,#4206,.T.);
#4206 = EDGE_CURVE('',#4207,#4207,#4209,.T.);
#4207 = VERTEX_POINT('',#4208);
#4208 = CARTESIAN_POINT('',(-7.5,0.,0.));
#4209 = CIRCLE('',#4210,1.75);
#4210 = AXIS2_PLACEMENT_3D('',#4211,#4212,#4213);
#4211 = CARTESIAN_POINT('',(-9.25,0.,0.));
#4212 = DIRECTION('',(0.,0.,1.));
#4213 = DIRECTION('',(1.,0.,0.));
#4214 = FACE_BOUND('',#4215,.F.);
#4215 = EDGE_LOOP('',(#4216));
#4216 = ORIENTED_EDGE('',*,*,#4217,.T.);
#4217 = EDGE_CURVE('',#4218,#4218,#4220,.T.);
#4218 = VERTEX_POINT('',#4219);
#4219 = CARTESIAN_POINT('',(1.75,-7.75,0.));
#4220 = CIRCLE('',#4221,1.75);
#4221 = AXIS2_PLACEMENT_3D('',#4222,#4223,#4224);
#4222 = CARTESIAN_POINT('',(0.,-7.75,0.));
#4223 = DIRECTION('',(0.,0.,1.));
#4224 = DIRECTION('',(1.,0.,0.));
#4225 = PLANE('',#4226);
#4226 = AXIS2_PLACEMENT_3D('',#4227,#4228,#4229);
#4227 = CARTESIAN_POINT('',(-4.7E-16,2.7E-16,0.));
#4228 = DIRECTION('',(0.,0.,1.));
#4229 = DIRECTION('',(1.,0.,0.));
#4230 = ADVANCED_FACE('',(#4231),#4275,.T.);
#4231 = FACE_BOUND('',#4232,.T.);
#4232 = EDGE_LOOP('',(#4233,#4234,#4240,#4246,#4252,#4253,#4254,#4262));
#4233 = ORIENTED_EDGE('',*,*,#3142,.F.);
#4234 = ORIENTED_EDGE('',*,*,#4235,.T.);
#4235 = EDGE_CURVE('',#3143,#3694,#4236,.T.);
#4236 = LINE('',#4237,#4238);
#4237 = CARTESIAN_POINT('',(-8.838834764832,8.838834764832,-2.5));
#4238 = VECTOR('',#4239,1.);
#4239 = DIRECTION('',(0.707106781187,0.707106781187,0.));
#4240 = ORIENTED_EDGE('',*,*,#4241,.T.);
#4241 = EDGE_CURVE('',#3694,#3703,#4242,.T.);
#4242 = LINE('',#4243,#4244);
#4243 = CARTESIAN_POINT('',(-8.838834764832,8.838834764832,-2.5));
#4244 = VECTOR('',#4245,1.);
#4245 = DIRECTION('',(0.707106781187,0.707106781187,0.));
#4246 = ORIENTED_EDGE('',*,*,#4247,.T.);
#4247 = EDGE_CURVE('',#3703,#3083,#4248,.T.);
#4248 = LINE('',#4249,#4250);
#4249 = CARTESIAN_POINT('',(-8.838834764832,8.838834764832,-2.5));
#4250 = VECTOR('',#4251,1.);
#4251 = DIRECTION('',(0.707106781187,0.707106781187,0.));
#4252 = ORIENTED_EDGE('',*,*,#3090,.T.);
#4253 = ORIENTED_EDGE('',*,*,#3798,.F.);
#4254 = ORIENTED_EDGE('',*,*,#4255,.F.);
#4255 = EDGE_CURVE('',#4256,#3787,#4258,.T.);
#4256 = VERTEX_POINT('',#4257);
#4257 = CARTESIAN_POINT('',(-2.492478109466,0.667408644266,
    -31.83035042472));
#4258 = LINE('',#4259,#4260);
#4259 = CARTESIAN_POINT('',(-2.994156939239,0.165729814493,
    -31.83035042472));
#4260 = VECTOR('',#4261,1.);
#4261 = DIRECTION('',(0.707106781187,0.707106781187,0.));
#4262 = ORIENTED_EDGE('',*,*,#4263,.F.);
#4263 = EDGE_CURVE('',#3128,#4256,#4264,.T.);
#4264 = B_SPLINE_CURVE_WITH_KNOTS('',9,(#4265,#4266,#4267,#4268,#4269,
    #4270,#4271,#4272,#4273,#4274),.UNSPECIFIED.,.F.,.F.,(10,10),(0.,1.)
  ,.PIECEWISE_BEZIER_KNOTS.);
#4265 = CARTESIAN_POINT('',(-3.062804476091,0.234377351345,
    -31.55297248861));
#4266 = CARTESIAN_POINT('',(-3.040120434994,0.211693310248,
    -31.64462985595));
#4267 = CARTESIAN_POINT('',(-2.989676939509,0.216814704805,
    -31.7361943271));
#4268 = CARTESIAN_POINT('',(-2.914794547932,0.254586734106,
    -31.81116858087));
#4269 = CARTESIAN_POINT('',(-2.831143608069,0.320006112147,-31.848001898
    ));
#4270 = CARTESIAN_POINT('',(-2.760538925091,0.386745704195,
    -31.85581056087));
#4271 = CARTESIAN_POINT('',(-2.691673848779,0.457091555825,
    -31.85281894296));
#4272 = CARTESIAN_POINT('',(-2.627344837209,0.527522292424,
    -31.84049159683));
#4273 = CARTESIAN_POINT('',(-2.561133818989,0.598752934742,
    -31.83035042472));
#4274 = CARTESIAN_POINT('',(-2.492478109466,0.667408644266,
    -31.83035042472));
#4275 = PLANE('',#4276);
#4276 = AXIS2_PLACEMENT_3D('',#4277,#4278,#4279);
#4277 = CARTESIAN_POINT('',(-10.2530483272,7.424621202459,-2.5));
#4278 = DIRECTION('',(-0.667408644266,0.667408644266,-0.330350424728));
#4279 = DIRECTION('',(0.233593025493,-0.233593025493,-0.943858356366));
#4280 = ADVANCED_FACE('',(#4281),#4286,.T.);
#4281 = FACE_BOUND('',#4282,.T.);
#4282 = EDGE_LOOP('',(#4283,#4284,#4285));
#4283 = ORIENTED_EDGE('',*,*,#4247,.F.);
#4284 = ORIENTED_EDGE('',*,*,#3711,.F.);
#4285 = ORIENTED_EDGE('',*,*,#3082,.F.);
#4286 = PLANE('',#4287);
#4287 = AXIS2_PLACEMENT_3D('',#4288,#4289,#4290);
#4288 = CARTESIAN_POINT('',(-2.E-17,-2.9E-16,-2.5));
#4289 = DIRECTION('',(0.,0.,1.));
#4290 = DIRECTION('',(1.,0.,0.));
#4291 = ADVANCED_FACE('',(#4292),#4332,.F.);
#4292 = FACE_BOUND('',#4293,.F.);
#4293 = EDGE_LOOP('',(#4294,#4304,#4305,#4306,#4307,#4322));
#4294 = ORIENTED_EDGE('',*,*,#4295,.F.);
#4295 = EDGE_CURVE('',#4256,#4088,#4296,.T.);
#4296 = ( BOUNDED_CURVE() B_SPLINE_CURVE(6,(#4297,#4298,#4299,#4300,
#4301,#4302,#4303),.UNSPECIFIED.,.F.,.F.) B_SPLINE_CURVE_WITH_KNOTS((7,7
),(0.,1.234121507408),.PIECEWISE_BEZIER_KNOTS.) CURVE() 
GEOMETRIC_REPRESENTATION_ITEM() RATIONAL_B_SPLINE_CURVE((1.019247042899,
    1.006250771092,0.998720975332,0.996243370058,0.998720975332,
1.006250771092,1.019247042899)) REPRESENTATION_ITEM('') );
#4297 = CARTESIAN_POINT('',(-2.492478109466,0.667408644266,
    -31.83035042472));
#4298 = CARTESIAN_POINT('',(-2.443810579436,0.618741114237,
    -32.02699694191));
#4299 = CARTESIAN_POINT('',(-2.361329856685,0.536260391485,
    -32.20343038949));
#4300 = CARTESIAN_POINT('',(-2.250070359069,0.42500089387,
    -32.34715732187));
#4301 = CARTESIAN_POINT('',(-2.117391139698,0.292321674498,
    -32.44818816964));
#4302 = CARTESIAN_POINT('',(-1.97239038985,0.14732092465,-32.5));
#4303 = CARTESIAN_POINT('',(-1.8250694652,1.97E-15,-32.5));
#4304 = ORIENTED_EDGE('',*,*,#4263,.F.);
#4305 = ORIENTED_EDGE('',*,*,#3127,.F.);
#4306 = ORIENTED_EDGE('',*,*,#3199,.F.);
#4307 = ORIENTED_EDGE('',*,*,#4308,.F.);
#4308 = EDGE_CURVE('',#4309,#3192,#4311,.T.);
#4309 = VERTEX_POINT('',#4310);
#4310 = CARTESIAN_POINT('',(-2.492478109466,-0.667408644266,
    -31.83035042472));
#4311 = B_SPLINE_CURVE_WITH_KNOTS('',9,(#4312,#4313,#4314,#4315,#4316,
    #4317,#4318,#4319,#4320,#4321),.UNSPECIFIED.,.F.,.F.,(10,10),(0.,1.)
  ,.PIECEWISE_BEZIER_KNOTS.);
#4312 = CARTESIAN_POINT('',(-2.492478109466,-0.667408644266,
    -31.83035042472));
#4313 = CARTESIAN_POINT('',(-2.561133818989,-0.598752934742,
    -31.83035042472));
#4314 = CARTESIAN_POINT('',(-2.627344837209,-0.527522292424,
    -31.84049159683));
#4315 = CARTESIAN_POINT('',(-2.691673848779,-0.457091555825,
    -31.85281894296));
#4316 = CARTESIAN_POINT('',(-2.760538925091,-0.386745704195,
    -31.85581056087));
#4317 = CARTESIAN_POINT('',(-2.831143608069,-0.320006112147,
    -31.848001898));
#4318 = CARTESIAN_POINT('',(-2.914794547932,-0.254586734106,
    -31.81116858087));
#4319 = CARTESIAN_POINT('',(-2.989676939509,-0.216814704805,
    -31.7361943271));
#4320 = CARTESIAN_POINT('',(-3.040120434994,-0.211693310248,
    -31.64462985595));
#4321 = CARTESIAN_POINT('',(-3.062804476091,-0.234377351345,
    -31.55297248861));
#4322 = ORIENTED_EDGE('',*,*,#4323,.F.);
#4323 = EDGE_CURVE('',#4088,#4309,#4324,.T.);
#4324 = ( BOUNDED_CURVE() B_SPLINE_CURVE(6,(#4325,#4326,#4327,#4328,
#4329,#4330,#4331),.UNSPECIFIED.,.F.,.F.) B_SPLINE_CURVE_WITH_KNOTS((7,7
),(0.,1.234121507408),.PIECEWISE_BEZIER_KNOTS.) CURVE() 
GEOMETRIC_REPRESENTATION_ITEM() RATIONAL_B_SPLINE_CURVE((1.019247042899,
    1.006250771092,0.998720975332,0.996243370058,0.998720975332,
1.006250771092,1.019247042899)) REPRESENTATION_ITEM('') );
#4325 = CARTESIAN_POINT('',(-1.8250694652,-2.28E-15,-32.5));
#4326 = CARTESIAN_POINT('',(-1.97239038985,-0.14732092465,-32.5));
#4327 = CARTESIAN_POINT('',(-2.117391139698,-0.292321674498,
    -32.44818816964));
#4328 = CARTESIAN_POINT('',(-2.250070359069,-0.42500089387,
    -32.34715732187));
#4329 = CARTESIAN_POINT('',(-2.361329856685,-0.536260391485,
    -32.20343038949));
#4330 = CARTESIAN_POINT('',(-2.443810579436,-0.618741114237,
    -32.02699694191));
#4331 = CARTESIAN_POINT('',(-2.492478109466,-0.667408644266,
    -31.83035042472));
#4332 = B_SPLINE_SURFACE_WITH_KNOTS('',8,8,(
    (#4333,#4334,#4335,#4336,#4337,#4338,#4339,#4340,#4341,#4342,#4343
      ,#4344,#4345,#4346,#4347,#4348)
    ,(#4349,#4350,#4351,#4352,#4353,#4354,#4355,#4356,#4357,#4358,#4359
      ,#4360,#4361,#4362,#4363,#4364)
    ,(#4365,#4366,#4367,#4368,#4369,#4370,#4371,#4372,#4373,#4374,#4375
      ,#4376,#4377,#4378,#4379,#4380)
    ,(#4381,#4382,#4383,#4384,#4385,#4386,#4387,#4388,#4389,#4390,#4391
      ,#4392,#4393,#4394,#4395,#4396)
    ,(#4397,#4398,#4399,#4400,#4401,#4402,#4403,#4404,#4405,#4406,#4407
      ,#4408,#4409,#4410,#4411,#4412)
    ,(#4413,#4414,#4415,#4416,#4417,#4418,#4419,#4420,#4421,#4422,#4423
      ,#4424,#4425,#4426,#4427,#4428)
    ,(#4429,#4430,#4431,#4432,#4433,#4434,#4435,#4436,#4437,#4438,#4439
      ,#4440,#4441,#4442,#4443,#4444)
    ,(#4445,#4446,#4447,#4448,#4449,#4450,#4451,#4452,#4453,#4454,#4455
      ,#4456,#4457,#4458,#4459,#4460)
    ,(#4461,#4462,#4463,#4464,#4465,#4466,#4467,#4468,#4469,#4470,#4471
      ,#4472,#4473,#4474,#4475,#4476)
    ,(#4477,#4478,#4479,#4480,#4481,#4482,#4483,#4484,#4485,#4486,#4487
      ,#4488,#4489,#4490,#4491,#4492)
    ,(#4493,#4494,#4495,#4496,#4497,#4498,#4499,#4500,#4501,#4502,#4503
      ,#4504,#4505,#4506,#4507,#4508)
    ,(#4509,#4510,#4511,#4512,#4513,#4514,#4515,#4516,#4517,#4518,#4519
      ,#4520,#4521,#4522,#4523,#4524)
    ,(#4525,#4526,#4527,#4528,#4529,#4530,#4531,#4532,#4533,#4534,#4535
      ,#4536,#4537,#4538,#4539,#4540)
    ,(#4541,#4542,#4543,#4544,#4545,#4546,#4547,#4548,#4549,#4550,#4551
      ,#4552,#4553,#4554,#4555,#4556)
    ,(#4557,#4558,#4559,#4560,#4561,#4562,#4563,#4564,#4565,#4566,#4567
      ,#4568,#4569,#4570,#4571,#4572)
    ,(#4573,#4574,#4575,#4576,#4577,#4578,#4579,#4580,#4581,#4582,#4583
      ,#4584,#4585,#4586,#4587,#4588
  )),.UNSPECIFIED.,.F.,.F.,.F.,(9,7,9),(9,7,9),(-0.553501396968,
    0.289809688123,1.133120773215),(-0.754648306646,-3.912358018055E-03,
    0.74682359061),.UNSPECIFIED.);
#4333 = CARTESIAN_POINT('',(-2.805563888349,-0.661851675716,
    -31.28416969899));
#4334 = CARTESIAN_POINT('',(-2.849984210066,-0.596857656767,
    -31.333854848));
#4335 = CARTESIAN_POINT('',(-2.849342736454,-0.526223600975,
    -31.36184738097));
#4336 = CARTESIAN_POINT('',(-3.153344186828,-0.479244556135,
    -31.51898513003));
#4337 = CARTESIAN_POINT('',(-2.656995263045,-0.350091297792,
    -31.32593333427));
#4338 = CARTESIAN_POINT('',(-3.420365851259,-0.341378870275,
    -31.67613632113));
#4339 = CARTESIAN_POINT('',(-3.128236692571,-0.176752572033,
    -31.54986980842));
#4340 = CARTESIAN_POINT('',(-2.850806147892,-8.914839495495E-02,
    -31.42876078067));
#4341 = CARTESIAN_POINT('',(-2.834344469516,8.19881717159E-02,
    -31.42160076334));
#4342 = CARTESIAN_POINT('',(-3.084130700223,0.164034008861,
    -31.53057486492));
#4343 = CARTESIAN_POINT('',(-3.493157780027,0.337310770934,
    -31.70888394774));
#4344 = CARTESIAN_POINT('',(-2.614253029826,0.341014239276,
    -31.30882160259));
#4345 = CARTESIAN_POINT('',(-3.178669493961,0.474889193653,
    -31.53222538123));
#4346 = CARTESIAN_POINT('',(-2.847852907344,0.522846270169,
    -31.36386253567));
#4347 = CARTESIAN_POINT('',(-2.851005470177,0.59593633753,-31.3375651271
    ));
#4348 = CARTESIAN_POINT('',(-2.804602989182,0.663727462385,
    -31.28766449918));
#4349 = CARTESIAN_POINT('',(-2.720527195566,-0.672990196983,
    -31.34684923199));
#4350 = CARTESIAN_POINT('',(-2.771218708306,-0.606154008558,
    -31.40643745895));
#4351 = CARTESIAN_POINT('',(-2.742494216088,-0.529036567602,
    -31.42771587415));
#4352 = CARTESIAN_POINT('',(-3.197228422424,-0.508368128766,
    -31.66020743052));
#4353 = CARTESIAN_POINT('',(-2.427049982766,-0.320012711678,
    -31.34246998057));
#4354 = CARTESIAN_POINT('',(-3.417064429098,-0.385793107738,
    -31.81082487805));
#4355 = CARTESIAN_POINT('',(-3.237343309026,-0.173424223785,
    -31.72602927116));
#4356 = CARTESIAN_POINT('',(-2.818681790209,-8.250567583235E-02,
    -31.53399367091));
#4357 = CARTESIAN_POINT('',(-2.795973111486,7.595534792047E-02,
    -31.5236177121));
#4358 = CARTESIAN_POINT('',(-3.175900933663,0.154850982323,
    -31.69775144902));
#4359 = CARTESIAN_POINT('',(-3.551030014205,0.390312931605,
    -31.87236539829));
#4360 = CARTESIAN_POINT('',(-2.326907542281,0.303763146011,
    -31.29943352324));
#4361 = CARTESIAN_POINT('',(-3.253084620081,0.507155469842,
    -31.68768991089));
#4362 = CARTESIAN_POINT('',(-2.734389746723,0.524415990867,
    -31.42713933969));
#4363 = CARTESIAN_POINT('',(-2.772943961885,0.604533012248,
    -31.4108879607));
#4364 = CARTESIAN_POINT('',(-2.720501363139,0.673960310556,
    -31.35122464785));
#4365 = CARTESIAN_POINT('',(-2.645834858213,-0.681309219731,
    -31.41854149475));
#4366 = CARTESIAN_POINT('',(-2.698756622226,-0.611682350764,
    -31.4837859944));
#4367 = CARTESIAN_POINT('',(-2.71568986346,-0.517225942635,
    -31.52179385802));
#4368 = CARTESIAN_POINT('',(-2.891176799066,-0.562786525707,
    -31.67138690296));
#4369 = CARTESIAN_POINT('',(-2.890812829671,-0.250334303672,
    -31.6247215941));
#4370 = CARTESIAN_POINT('',(-2.591325778631,-0.42953085608,
    -31.59425549928));
#4371 = CARTESIAN_POINT('',(-3.572246840872,-0.205269471742,
    -32.03647451929));
#4372 = CARTESIAN_POINT('',(-2.813685736634,-5.033155175308E-02,
    -31.63144430043));
#4373 = CARTESIAN_POINT('',(-2.7861773833,4.625938389811E-02,
    -31.61527182813));
#4374 = CARTESIAN_POINT('',(-3.480085426361,0.159845701351,
    -31.99087173314));
#4375 = CARTESIAN_POINT('',(-2.88348282526,0.482526330421,
    -31.73525422441));
#4376 = CARTESIAN_POINT('',(-2.579898592453,0.191996387527,-31.482635898
    ));
#4377 = CARTESIAN_POINT('',(-3.077109724326,0.580121635058,
    -31.75850545614));
#4378 = CARTESIAN_POINT('',(-2.672553351783,0.508346326016,
    -31.50585173687));
#4379 = CARTESIAN_POINT('',(-2.699855455245,0.610354490194,-31.488484631
    ));
#4380 = CARTESIAN_POINT('',(-2.646018863395,0.681713964536,
    -31.42338237656));
#4381 = CARTESIAN_POINT('',(-2.584594269983,-0.692114986918,
    -31.502070942));
#4382 = CARTESIAN_POINT('',(-2.637641835112,-0.619271610597,
    -31.57015405517));
#4383 = CARTESIAN_POINT('',(-2.71601191331,-0.581012612644,
    -31.65367249896));
#4384 = CARTESIAN_POINT('',(-2.657401878075,-0.377658536053,
    -31.61862054318));
#4385 = CARTESIAN_POINT('',(-2.691968774042,-0.507245692337,
    -31.77607033949));
#4386 = CARTESIAN_POINT('',(-3.23404293105,-0.29765332981,
    -31.88786618325));
#4387 = CARTESIAN_POINT('',(-2.458765002281,-0.104934398052,
    -31.67933209217));
#4388 = CARTESIAN_POINT('',(-3.007593147692,-0.159717776102,
    -31.8691820898));
#4389 = CARTESIAN_POINT('',(-3.02533344349,0.146934509374,
    -31.87587549054));
#4390 = CARTESIAN_POINT('',(-2.558220853212,0.146101712866,
    -31.71816876549));
#4391 = CARTESIAN_POINT('',(-2.925598094377,0.194798249729,
    -31.77281122698));
#4392 = CARTESIAN_POINT('',(-3.076348882904,0.581018846182,
    -31.92169374702));
#4393 = CARTESIAN_POINT('',(-2.429557893586,0.340821710546,
    -31.53944122502));
#4394 = CARTESIAN_POINT('',(-2.780447333263,0.580414498591,
    -31.68009409324));
#4395 = CARTESIAN_POINT('',(-2.643475553547,0.611380556113,
    -31.57561387582));
#4396 = CARTESIAN_POINT('',(-2.587479609091,0.688754370421,
    -31.50755025429));
#4397 = CARTESIAN_POINT('',(-2.549934250421,-0.694643032185,
    -31.59582096817));
#4398 = CARTESIAN_POINT('',(-2.61048154596,-0.617106117217,
    -31.6671085864));
#4399 = CARTESIAN_POINT('',(-2.61956389622,-0.510288499706,
    -31.69698054063));
#4400 = CARTESIAN_POINT('',(-2.940678510598,-0.501859873609,
    -31.93898311917));
#4401 = CARTESIAN_POINT('',(-2.51715810038,-0.369559421121,
    -31.61740671311));
#4402 = CARTESIAN_POINT('',(-3.06968514914,-0.217989110632,
    -32.13798552951));
#4403 = CARTESIAN_POINT('',(-3.010753437966,-0.289856348804,
    -31.88730894475));
#4404 = CARTESIAN_POINT('',(-2.835044885875,-5.45903127792E-02,
    -31.92498852711));
#4405 = CARTESIAN_POINT('',(-2.828157879778,5.02518677087E-02,
    -31.92594240805));
#4406 = CARTESIAN_POINT('',(-2.932232384222,0.248365591402,
    -31.86004266531));
#4407 = CARTESIAN_POINT('',(-3.297268938951,0.269735978645,
    -32.20997929459));
#4408 = CARTESIAN_POINT('',(-2.261578270179,0.320746218149,
    -31.54780904705));
#4409 = CARTESIAN_POINT('',(-3.112210046243,0.498338675012,-31.989037402
    ));
#4410 = CARTESIAN_POINT('',(-2.57814441704,0.508724694636,-31.6901179856
    ));
#4411 = CARTESIAN_POINT('',(-2.607636743911,0.62000188105,
    -31.67148974925));
#4412 = CARTESIAN_POINT('',(-2.549264096829,0.69539317228,
    -31.60088192623));
#4413 = CARTESIAN_POINT('',(-2.51514940646,-0.70864187355,
    -31.69879037245));
#4414 = CARTESIAN_POINT('',(-2.581230724642,-0.622549737292,
    -31.77075934956));
#4415 = CARTESIAN_POINT('',(-2.673411137428,-0.559724090346,
    -31.86012481451));
#4416 = CARTESIAN_POINT('',(-2.532586963306,-0.468722179379,
    -31.79661275926));
#4417 = CARTESIAN_POINT('',(-2.985146173088,-0.349070647724,
    -32.11550821197));
#4418 = CARTESIAN_POINT('',(-2.557677975605,-0.350250503299,
    -31.80769715525));
#4419 = CARTESIAN_POINT('',(-2.850700018669,-0.136111312889,
    -32.09338540991));
#4420 = CARTESIAN_POINT('',(-2.858783286252,-0.11650793676,
    -32.02956624576));
#4421 = CARTESIAN_POINT('',(-2.860925148212,0.107250568586,
    -32.02822914579));
#4422 = CARTESIAN_POINT('',(-2.888787830628,0.141200858548,
    -32.10697659771));
#4423 = CARTESIAN_POINT('',(-2.468026156095,0.321803076125,
    -31.78815886976));
#4424 = CARTESIAN_POINT('',(-3.100682213316,0.348884676168,
    -32.14382389733));
#4425 = CARTESIAN_POINT('',(-2.46325418005,0.470932425854,
    -31.78554345105));
#4426 = CARTESIAN_POINT('',(-2.699926406233,0.545151498958,
    -31.86968835901));
#4427 = CARTESIAN_POINT('',(-2.591538864482,0.609171021169,
    -31.77701607194));
#4428 = CARTESIAN_POINT('',(-2.522215313375,0.700121213826,
    -31.70506652457));
#4429 = CARTESIAN_POINT('',(-2.450912666558,-0.737836001839,
    -31.79189103837));
#4430 = CARTESIAN_POINT('',(-2.509331209353,-0.653694544425,
    -31.86111104213));
#4431 = CARTESIAN_POINT('',(-2.550703966536,-0.558748794548,
    -31.91124670777));
#4432 = CARTESIAN_POINT('',(-2.672919249147,-0.454290343857,
    -32.00256219459));
#4433 = CARTESIAN_POINT('',(-2.591552393952,-0.392962674969,
    -31.97516898299));
#4434 = CARTESIAN_POINT('',(-2.817021873697,-0.260277630031,
    -32.13308508981));
#4435 = CARTESIAN_POINT('',(-2.738836669935,-0.203217938504,
    -32.07375881981));
#4436 = CARTESIAN_POINT('',(-2.770498126428,-9.235492255236E-02,
    -32.11457310187));
#4437 = CARTESIAN_POINT('',(-2.771688329019,8.502778990958E-02,
    -32.11629966504));
#4438 = CARTESIAN_POINT('',(-2.733392477506,0.19246548906,
    -32.07304833635));
#4439 = CARTESIAN_POINT('',(-2.838794956606,0.257883974403,
    -32.13994581756));
#4440 = CARTESIAN_POINT('',(-2.576322160293,0.381588118231,
    -31.97578554624));
#4441 = CARTESIAN_POINT('',(-2.691731963486,0.445357194797,
    -32.00967981512));
#4442 = CARTESIAN_POINT('',(-2.551380691248,0.552230757788,
    -31.91493389358));
#4443 = CARTESIAN_POINT('',(-2.513961991998,0.645948775245,
    -31.86612222786));
#4444 = CARTESIAN_POINT('',(-2.454933527102,0.731585705358,
    -31.79743802753));
#4445 = CARTESIAN_POINT('',(-2.389251909146,-0.748466978174,
    -31.87932208597));
#4446 = CARTESIAN_POINT('',(-2.445262879115,-0.658132363961,
    -31.94500831641));
#4447 = CARTESIAN_POINT('',(-2.496767172452,-0.56399127826,
    -32.00178259307));
#4448 = CARTESIAN_POINT('',(-2.548274569367,-0.46290792579,
    -32.05221573116));
#4449 = CARTESIAN_POINT('',(-2.601685293731,-0.376041142434,
    -32.10444791128));
#4450 = CARTESIAN_POINT('',(-2.647636715499,-0.279116123068,
    -32.14459202808));
#4451 = CARTESIAN_POINT('',(-2.677104377069,-0.187994710653,
    -32.17175324237));
#4452 = CARTESIAN_POINT('',(-2.692057718048,-9.576150968453E-02,
    -32.18522379013));
#4453 = CARTESIAN_POINT('',(-2.693216381117,8.81122483514E-02,
    -32.18617068708));
#4454 = CARTESIAN_POINT('',(-2.679377011392,0.180254872563,
    -32.17361852434));
#4455 = CARTESIAN_POINT('',(-2.651275791545,0.271188185559,
    -32.14757706482));
#4456 = CARTESIAN_POINT('',(-2.606342607235,0.367640045275,
    -32.10817129841));
#4457 = CARTESIAN_POINT('',(-2.552733707921,0.455252981005,
    -32.0565023049));
#4458 = CARTESIAN_POINT('',(-2.502057813045,0.554664933791,
    -32.00623644334));
#4459 = CARTESIAN_POINT('',(-2.449841111638,0.649969540327,
    -31.94987363019));
#4460 = CARTESIAN_POINT('',(-2.392860938781,0.74208785538,
    -31.88459758226));
#4461 = CARTESIAN_POINT('',(-2.252609363472,-0.768137210925,
    -32.04199249827));
#4462 = CARTESIAN_POINT('',(-2.299278678203,-0.670842315475,
    -32.09921635956));
#4463 = CARTESIAN_POINT('',(-2.343369161773,-0.571051514643,
    -32.14968777643));
#4464 = CARTESIAN_POINT('',(-2.384182834125,-0.467510257197,
    -32.19339680943));
#4465 = CARTESIAN_POINT('',(-2.430845075413,-0.373416001802,
    -32.23768792977));
#4466 = CARTESIAN_POINT('',(-2.466948547307,-0.278819118722,
    -32.27270464275));
#4467 = CARTESIAN_POINT('',(-2.494245343874,-0.186777261467,
    -32.29861455634));
#4468 = CARTESIAN_POINT('',(-2.507983857661,-9.527844854492E-02,
    -32.31164566328));
#4469 = CARTESIAN_POINT('',(-2.509075570202,8.756097570256E-02,
    -32.31255661793));
#4470 = CARTESIAN_POINT('',(-2.496495196856,0.178929928193,
    -32.30046013682));
#4471 = CARTESIAN_POINT('',(-2.46983219574,0.27081238531,-32.27524185066
    ));
#4472 = CARTESIAN_POINT('',(-2.434994184161,0.365044911173,
    -32.24106225846));
#4473 = CARTESIAN_POINT('',(-2.388128609014,0.458814712653,
    -32.19696540359));
#4474 = CARTESIAN_POINT('',(-2.347157260496,0.56234215535,
    -32.15359267738));
#4475 = CARTESIAN_POINT('',(-2.302411267619,0.663061101722,
    -32.10342550832));
#4476 = CARTESIAN_POINT('',(-2.254646973794,0.762103781195,
    -32.04649476526));
#4477 = CARTESIAN_POINT('',(-2.17907373497,-0.774649549494,
    -32.11709151036));
#4478 = CARTESIAN_POINT('',(-2.220035365829,-0.674717347467,
    -32.16930308901));
#4479 = CARTESIAN_POINT('',(-2.258829478072,-0.57298261747,
    -32.21519735747));
#4480 = CARTESIAN_POINT('',(-2.295504989037,-0.470639943633,
    -32.25845410412));
#4481 = CARTESIAN_POINT('',(-2.334643058328,-0.373255429621,
    -32.29348303592));
#4482 = CARTESIAN_POINT('',(-2.369147509507,-0.279744216445,
    -32.33076591108));
#4483 = CARTESIAN_POINT('',(-2.393120829695,-0.187424947978,
    -32.3529284381));
#4484 = CARTESIAN_POINT('',(-2.405433498741,-9.493696936814E-02,
    -32.36596839802));
#4485 = CARTESIAN_POINT('',(-2.406440892343,8.718494367313E-02,
    -32.3668812184));
#4486 = CARTESIAN_POINT('',(-2.394990594424,0.179316756705,
    -32.3545039702));
#4487 = CARTESIAN_POINT('',(-2.372441980834,0.271621031596,
    -32.33356904067));
#4488 = CARTESIAN_POINT('',(-2.33715489768,0.365586704534,-32.2960686249
    ));
#4489 = CARTESIAN_POINT('',(-2.300120944016,0.460854805005,
    -32.26207798544));
#4490 = CARTESIAN_POINT('',(-2.261463945733,0.564981819674,
    -32.21871083138));
#4491 = CARTESIAN_POINT('',(-2.222265136254,0.667315888629,
    -32.17312033658));
#4492 = CARTESIAN_POINT('',(-2.180190415841,0.768940751271,
    -32.12113945591));
#4493 = CARTESIAN_POINT('',(-2.101505556626,-0.779763346964,
    -32.1850284571));
#4494 = CARTESIAN_POINT('',(-2.136086177335,-0.678103451988,
    -32.2314727119));
#4495 = CARTESIAN_POINT('',(-2.169218692181,-0.575885908181,
    -32.27426473961));
#4496 = CARTESIAN_POINT('',(-2.19994976644,-0.47124875479,
    -32.30425698755));
#4497 = CARTESIAN_POINT('',(-2.234132944515,-0.375609829651,
    -32.35406078524));
#4498 = CARTESIAN_POINT('',(-2.264931958149,-0.281891928737,
    -32.37310702543));
#4499 = CARTESIAN_POINT('',(-2.284666481155,-0.18587468437,
    -32.40430180351));
#4500 = CARTESIAN_POINT('',(-2.29601902439,-9.796137075331E-02,
    -32.41267670434));
#4501 = CARTESIAN_POINT('',(-2.296822250692,8.993888645529E-02,
    -32.41325392289));
#4502 = CARTESIAN_POINT('',(-2.286527484014,0.179320174508,
    -32.40650098679));
#4503 = CARTESIAN_POINT('',(-2.266941403998,0.271417341339,
    -32.37452918882));
#4504 = CARTESIAN_POINT('',(-2.238144496228,0.368967196791,
    -32.3579075859));
#4505 = CARTESIAN_POINT('',(-2.20134052751,0.46300734105,-32.30684597864
    ));
#4506 = CARTESIAN_POINT('',(-2.172197653866,0.567217666783,
    -32.27754887575));
#4507 = CARTESIAN_POINT('',(-2.137530474207,0.670985318814,
    -32.23484728808));
#4508 = CARTESIAN_POINT('',(-2.101685169161,0.774434309284,
    -32.18855530044));
#4509 = CARTESIAN_POINT('',(-2.021012414457,-0.784950726622,
    -32.2456222794));
#4510 = CARTESIAN_POINT('',(-2.049455870172,-0.682162378878,
    -32.28620328036));
#4511 = CARTESIAN_POINT('',(-2.076861515238,-0.578862186373,
    -32.32100647121));
#4512 = CARTESIAN_POINT('',(-2.105034104353,-0.477657390999,
    -32.36465783721));
#4513 = CARTESIAN_POINT('',(-2.129670035979,-0.378011875801,
    -32.37142384365));
#4514 = CARTESIAN_POINT('',(-2.156647607549,-0.282591957883,
    -32.42944416147));
#4515 = CARTESIAN_POINT('',(-2.175138492701,-0.192919887638,
    -32.4327164393));
#4516 = CARTESIAN_POINT('',(-2.18384794071,-9.292298797675E-02,
    -32.4524073048));
#4517 = CARTESIAN_POINT('',(-2.184693824549,8.532386769457E-02,
    -32.45378300985));
#4518 = CARTESIAN_POINT('',(-2.176556375726,0.182323924698,
    -32.43340746969));
#4519 = CARTESIAN_POINT('',(-2.158742687184,0.279009888681,
    -32.43280361574));
#4520 = CARTESIAN_POINT('',(-2.131766131734,0.365911761961,
    -32.37339099879));
#4521 = CARTESIAN_POINT('',(-2.107695241837,0.470742648156,
    -32.36730768975));
#4522 = CARTESIAN_POINT('',(-2.077798315629,0.571405903509,
    -32.32385379399));
#4523 = CARTESIAN_POINT('',(-2.04993847605,0.675608849879,
    -32.28911574291));
#4524 = CARTESIAN_POINT('',(-2.020249853279,0.780089305705,
    -32.24862027376));
#4525 = CARTESIAN_POINT('',(-1.936841727027,-0.790333815002,
    -32.2974232576));
#4526 = CARTESIAN_POINT('',(-1.959152024419,-0.686441600195,
    -32.33247705245));
#4527 = CARTESIAN_POINT('',(-1.981056304017,-0.582448671768,
    -32.36594596773));
#4528 = CARTESIAN_POINT('',(-2.003555252406,-0.480632623444,
    -32.38923195257));
#4529 = CARTESIAN_POINT('',(-2.025241082651,-0.378513972141,
    -32.43590595242));
#4530 = CARTESIAN_POINT('',(-2.048542015422,-0.28807350156,
    -32.43904870334));
#4531 = CARTESIAN_POINT('',(-2.060379247754,-0.187515050617,
    -32.48172306328));
#4532 = CARTESIAN_POINT('',(-2.06867993415,-0.101320747652,
    -32.48204686227));
#4533 = CARTESIAN_POINT('',(-2.069124435054,9.312543504291E-02,
    -32.48209638026));
#4534 = CARTESIAN_POINT('',(-2.061432532452,0.182171814991,
    -32.4841492805));
#4535 = CARTESIAN_POINT('',(-2.050178280805,0.275672823587,
    -32.44064886159));
#4536 = CARTESIAN_POINT('',(-2.026983648521,0.37468395823,
    -32.43821898271));
#4537 = CARTESIAN_POINT('',(-2.004750517463,0.470854575432,
    -32.39192238632));
#4538 = CARTESIAN_POINT('',(-1.982027176921,0.575354902567,
    -32.36834173678));
#4539 = CARTESIAN_POINT('',(-1.958839352296,0.680290491362,
    -32.33496645319));
#4540 = CARTESIAN_POINT('',(-1.935155314801,0.785970954215,-32.299903827
    ));
#4541 = CARTESIAN_POINT('',(-1.847253691511,-0.795810532644,
    -32.33801104145));
#4542 = CARTESIAN_POINT('',(-1.863823114518,-0.690886519922,
    -32.36754120128));
#4543 = CARTESIAN_POINT('',(-1.88082757328,-0.586531145161,
    -32.39470727316));
#4544 = CARTESIAN_POINT('',(-1.898000438862,-0.482168933233,
    -32.4239765128));
#4545 = CARTESIAN_POINT('',(-1.916630090308,-0.384602490463,
    -32.44216812014));
#4546 = CARTESIAN_POINT('',(-1.932376784644,-0.283176216478,
    -32.47737221527));
#4547 = CARTESIAN_POINT('',(-1.945638286651,-0.191690763365,
    -32.4875990082));
#4548 = CARTESIAN_POINT('',(-1.951086408857,-9.529989308506E-02,
    -32.50607718351));
#4549 = CARTESIAN_POINT('',(-1.951565238163,8.771529578348E-02,
    -32.50735367784));
#4550 = CARTESIAN_POINT('',(-1.94656511518,0.182757188594,
    -32.48880067894));
#4551 = CARTESIAN_POINT('',(-1.933604652547,0.276968346479,
    -32.47931715926));
#4552 = CARTESIAN_POINT('',(-1.917799220527,0.374977854674,
    -32.44442586578));
#4553 = CARTESIAN_POINT('',(-1.898794666624,0.475407171675,
    -32.4258983237));
#4554 = CARTESIAN_POINT('',(-1.880732649886,0.57945686174,
    -32.39685903579));
#4555 = CARTESIAN_POINT('',(-1.862675846699,0.685188107788,
    -32.36958702773));
#4556 = CARTESIAN_POINT('',(-1.844685922453,0.791916981739,
    -32.33998099316));
#4557 = CARTESIAN_POINT('',(-1.750795904697,-0.802022540122,
    -32.36507840207));
#4558 = CARTESIAN_POINT('',(-1.762188325985,-0.696117830326,
    -32.38948901929));
#4559 = CARTESIAN_POINT('',(-1.774458472563,-0.590646958303,
    -32.41286292037));
#4560 = CARTESIAN_POINT('',(-1.787743568682,-0.487341468675,
    -32.43514728656));
#4561 = CARTESIAN_POINT('',(-1.801677158139,-0.384598007313,
    -32.45817523164));
#4562 = CARTESIAN_POINT('',(-1.815086099468,-0.288255694967,
    -32.47802316777));
#4563 = CARTESIAN_POINT('',(-1.824663796092,-0.190040376871,
    -32.49641878836));
#4564 = CARTESIAN_POINT('',(-1.829731257816,-9.67144844471E-02,
    -32.50560541685));
#4565 = CARTESIAN_POINT('',(-1.830097406632,8.896978869867E-02,
    -32.50624810702));
#4566 = CARTESIAN_POINT('',(-1.825375844527,0.181914069549,
    -32.49777803468));
#4567 = CARTESIAN_POINT('',(-1.815841830912,0.280541387092,
    -32.47954238745));
#4568 = CARTESIAN_POINT('',(-1.802376756047,0.3766501478,-32.46000833652
    ));
#4569 = CARTESIAN_POINT('',(-1.787838466874,0.480045464416,
    -32.43689304369));
#4570 = CARTESIAN_POINT('',(-1.773722202387,0.584055550477,
    -32.41458873594));
#4571 = CARTESIAN_POINT('',(-1.760261203362,0.690846211119,
    -32.39110628446));
#4572 = CARTESIAN_POINT('',(-1.747382978989,0.798610980836,
    -32.36656210663));
#4573 = CARTESIAN_POINT('',(-1.645722440124,-0.808983820568,
    -32.37677492456));
#4574 = CARTESIAN_POINT('',(-1.65279631075,-0.702141786149,
    -32.3967761024));
#4575 = CARTESIAN_POINT('',(-1.66115944323,-0.595968454857,
    -32.41621506594));
#4576 = CARTESIAN_POINT('',(-1.670822757653,-0.491581859985,
    -32.43529912578));
#4577 = CARTESIAN_POINT('',(-1.681449536533,-0.388798294824,
    -32.45433572679));
#4578 = CARTESIAN_POINT('',(-1.69174343903,-0.290315538677,
    -32.4718293974));
#4579 = CARTESIAN_POINT('',(-1.699378680529,-0.192030269878,
    -32.48655300715));
#4580 = CARTESIAN_POINT('',(-1.703380456545,-9.793706712924E-02,
    -32.49371388003));
#4581 = CARTESIAN_POINT('',(-1.703601492304,9.00975383969E-02,
    -32.49421656838));
#4582 = CARTESIAN_POINT('',(-1.699818785974,0.184029751221,
    -32.48758566016));
#4583 = CARTESIAN_POINT('',(-1.692125666148,0.282456857522,
    -32.47317762821));
#4584 = CARTESIAN_POINT('',(-1.681608408822,0.381147671722,
    -32.45577541207));
#4585 = CARTESIAN_POINT('',(-1.670331499144,0.484451528439,
    -32.43676096876));
#4586 = CARTESIAN_POINT('',(-1.659746612709,0.589739081388,
    -32.41757762972));
#4587 = CARTESIAN_POINT('',(-1.650136219084,0.697291348902,
    -32.3980043203));
#4588 = CARTESIAN_POINT('',(-1.641525566093,0.806049110324,
    -32.37782820026));
#4589 = ADVANCED_FACE('',(#4590),#4595,.T.);
#4590 = FACE_BOUND('',#4591,.T.);
#4591 = EDGE_LOOP('',(#4592,#4593,#4594));
#4592 = ORIENTED_EDGE('',*,*,#4235,.F.);
#4593 = ORIENTED_EDGE('',*,*,#3150,.F.);
#4594 = ORIENTED_EDGE('',*,*,#3693,.F.);
#4595 = PLANE('',#4596);
#4596 = AXIS2_PLACEMENT_3D('',#4597,#4598,#4599);
#4597 = CARTESIAN_POINT('',(-2.E-17,-2.9E-16,-2.5));
#4598 = DIRECTION('',(0.,0.,1.));
#4599 = DIRECTION('',(1.,0.,0.));
#4600 = ADVANCED_FACE('',(#4601),#4631,.F.);
#4601 = FACE_BOUND('',#4602,.F.);
#4602 = EDGE_LOOP('',(#4603,#4604,#4605,#4611,#4612,#4613,#4619,#4625));
#4603 = ORIENTED_EDGE('',*,*,#3220,.F.);
#4604 = ORIENTED_EDGE('',*,*,#3328,.T.);
#4605 = ORIENTED_EDGE('',*,*,#4606,.T.);
#4606 = EDGE_CURVE('',#3313,#4309,#4607,.T.);
#4607 = LINE('',#4608,#4609);
#4608 = CARTESIAN_POINT('',(-0.165729814493,-2.994156939239,
    -31.83035042472));
#4609 = VECTOR('',#4610,1.);
#4610 = DIRECTION('',(-0.707106781187,0.707106781187,1.1E-16));
#4611 = ORIENTED_EDGE('',*,*,#4308,.T.);
#4612 = ORIENTED_EDGE('',*,*,#3191,.T.);
#4613 = ORIENTED_EDGE('',*,*,#4614,.F.);
#4614 = EDGE_CURVE('',#3671,#3184,#4615,.T.);
#4615 = LINE('',#4616,#4617);
#4616 = CARTESIAN_POINT('',(-8.838834764832,-8.838834764832,-2.5));
#4617 = VECTOR('',#4618,1.);
#4618 = DIRECTION('',(-0.707106781187,0.707106781187,0.));
#4619 = ORIENTED_EDGE('',*,*,#4620,.F.);
#4620 = EDGE_CURVE('',#3662,#3671,#4621,.T.);
#4621 = LINE('',#4622,#4623);
#4622 = CARTESIAN_POINT('',(-8.838834764832,-8.838834764832,-2.5));
#4623 = VECTOR('',#4624,1.);
#4624 = DIRECTION('',(-0.707106781187,0.707106781187,0.));
#4625 = ORIENTED_EDGE('',*,*,#4626,.F.);
#4626 = EDGE_CURVE('',#3223,#3662,#4627,.T.);
#4627 = LINE('',#4628,#4629);
#4628 = CARTESIAN_POINT('',(-8.838834764832,-8.838834764832,-2.5));
#4629 = VECTOR('',#4630,1.);
#4630 = DIRECTION('',(-0.707106781187,0.707106781187,0.));
#4631 = PLANE('',#4632);
#4632 = AXIS2_PLACEMENT_3D('',#4633,#4634,#4635);
#4633 = CARTESIAN_POINT('',(-3.11E-15,-2.828427124746,-32.5));
#4634 = DIRECTION('',(0.667408644266,0.667408644266,0.330350424728));
#4635 = DIRECTION('',(-0.233593025493,-0.233593025493,0.943858356366));
#4636 = ADVANCED_FACE('',(#4637),#4642,.T.);
#4637 = FACE_BOUND('',#4638,.T.);
#4638 = EDGE_LOOP('',(#4639,#4640,#4641));
#4639 = ORIENTED_EDGE('',*,*,#4614,.F.);
#4640 = ORIENTED_EDGE('',*,*,#3679,.F.);
#4641 = ORIENTED_EDGE('',*,*,#3183,.F.);
#4642 = PLANE('',#4643);
#4643 = AXIS2_PLACEMENT_3D('',#4644,#4645,#4646);
#4644 = CARTESIAN_POINT('',(-2.E-17,-2.9E-16,-2.5));
#4645 = DIRECTION('',(0.,0.,1.));
#4646 = DIRECTION('',(1.,0.,0.));
#4647 = ADVANCED_FACE('',(#4648),#4653,.T.);
#4648 = FACE_BOUND('',#4649,.T.);
#4649 = EDGE_LOOP('',(#4650,#4651,#4652));
#4650 = ORIENTED_EDGE('',*,*,#4626,.F.);
#4651 = ORIENTED_EDGE('',*,*,#3230,.F.);
#4652 = ORIENTED_EDGE('',*,*,#3661,.F.);
#4653 = PLANE('',#4654);
#4654 = AXIS2_PLACEMENT_3D('',#4655,#4656,#4657);
#4655 = CARTESIAN_POINT('',(-2.E-17,-2.9E-16,-2.5));
#4656 = DIRECTION('',(0.,0.,1.));
#4657 = DIRECTION('',(1.,0.,0.));
#4658 = ADVANCED_FACE('',(#4659),#4665,.T.);
#4659 = FACE_BOUND('',#4660,.F.);
#4660 = EDGE_LOOP('',(#4661,#4662,#4663,#4664));
#4661 = ORIENTED_EDGE('',*,*,#3312,.T.);
#4662 = ORIENTED_EDGE('',*,*,#4087,.T.);
#4663 = ORIENTED_EDGE('',*,*,#4323,.T.);
#4664 = ORIENTED_EDGE('',*,*,#4606,.F.);
#4665 = CYLINDRICAL_SURFACE('',#4666,1.);
#4666 = AXIS2_PLACEMENT_3D('',#4667,#4668,#4669);
#4667 = CARTESIAN_POINT('',(0.501678829773,-2.326748294973,-31.5));
#4668 = DIRECTION('',(-0.707106781187,0.707106781187,1.1E-16));
#4669 = DIRECTION('',(-0.667408644266,-0.667408644266,-0.330350424728));
#4670 = ADVANCED_FACE('',(#4671),#4682,.T.);
#4671 = FACE_BOUND('',#4672,.T.);
#4672 = EDGE_LOOP('',(#4673,#4679,#4680,#4681));
#4673 = ORIENTED_EDGE('',*,*,#4674,.T.);
#4674 = EDGE_CURVE('',#4179,#3635,#4675,.T.);
#4675 = LINE('',#4676,#4677);
#4676 = CARTESIAN_POINT('',(15.,0.,0.));
#4677 = VECTOR('',#4678,1.);
#4678 = DIRECTION('',(-0.,-0.,-1.));
#4679 = ORIENTED_EDGE('',*,*,#3634,.T.);
#4680 = ORIENTED_EDGE('',*,*,#4674,.F.);
#4681 = ORIENTED_EDGE('',*,*,#4178,.F.);
#4682 = CYLINDRICAL_SURFACE('',#4683,15.);
#4683 = AXIS2_PLACEMENT_3D('',#4684,#4685,#4686);
#4684 = CARTESIAN_POINT('',(0.,0.,0.));
#4685 = DIRECTION('',(0.,0.,1.));
#4686 = DIRECTION('',(1.,0.,0.));
#4687 = ADVANCED_FACE('',(#4688),#4692,.F.);
#4688 = FACE_BOUND('',#4689,.F.);
#4689 = EDGE_LOOP('',(#4690,#4691));
#4690 = ORIENTED_EDGE('',*,*,#4241,.T.);
#4691 = ORIENTED_EDGE('',*,*,#3702,.T.);
#4692 = PLANE('',#4693);
#4693 = AXIS2_PLACEMENT_3D('',#4694,#4695,#4696);
#4694 = CARTESIAN_POINT('',(-4.7E-16,2.7E-16,-2.5));
#4695 = DIRECTION('',(0.,0.,1.));
#4696 = DIRECTION('',(1.,0.,0.));
#4697 = ADVANCED_FACE('',(#4698),#4702,.F.);
#4698 = FACE_BOUND('',#4699,.F.);
#4699 = EDGE_LOOP('',(#4700,#4701));
#4700 = ORIENTED_EDGE('',*,*,#3670,.T.);
#4701 = ORIENTED_EDGE('',*,*,#4620,.T.);
#4702 = PLANE('',#4703);
#4703 = AXIS2_PLACEMENT_3D('',#4704,#4705,#4706);
#4704 = CARTESIAN_POINT('',(-4.7E-16,2.7E-16,-2.5));
#4705 = DIRECTION('',(0.,0.,1.));
#4706 = DIRECTION('',(1.,0.,0.));
#4707 = ADVANCED_FACE('',(#4708),#4714,.T.);
#4708 = FACE_BOUND('',#4709,.F.);
#4709 = EDGE_LOOP('',(#4710,#4711,#4712,#4713));
#4710 = ORIENTED_EDGE('',*,*,#4295,.T.);
#4711 = ORIENTED_EDGE('',*,*,#4095,.T.);
#4712 = ORIENTED_EDGE('',*,*,#3786,.T.);
#4713 = ORIENTED_EDGE('',*,*,#4255,.F.);
#4714 = CYLINDRICAL_SURFACE('',#4715,1.);
#4715 = AXIS2_PLACEMENT_3D('',#4716,#4717,#4718);
#4716 = CARTESIAN_POINT('',(-2.326748294973,-0.501678829773,-31.5));
#4717 = DIRECTION('',(0.707106781187,0.707106781187,0.));
#4718 = DIRECTION('',(-0.667408644266,0.667408644266,-0.330350424728));
#4719 = ADVANCED_FACE('',(#4720),#4731,.F.);
#4720 = FACE_BOUND('',#4721,.F.);
#4721 = EDGE_LOOP('',(#4722,#4728,#4729,#4730));
#4722 = ORIENTED_EDGE('',*,*,#4723,.T.);
#4723 = EDGE_CURVE('',#4218,#4116,#4724,.T.);
#4724 = LINE('',#4725,#4726);
#4725 = CARTESIAN_POINT('',(1.75,-7.75,0.));
#4726 = VECTOR('',#4727,1.);
#4727 = DIRECTION('',(-0.,-0.,-1.));
#4728 = ORIENTED_EDGE('',*,*,#4115,.T.);
#4729 = ORIENTED_EDGE('',*,*,#4723,.F.);
#4730 = ORIENTED_EDGE('',*,*,#4217,.F.);
#4731 = CYLINDRICAL_SURFACE('',#4732,1.75);
#4732 = AXIS2_PLACEMENT_3D('',#4733,#4734,#4735);
#4733 = CARTESIAN_POINT('',(0.,-7.75,0.));
#4734 = DIRECTION('',(0.,0.,1.));
#4735 = DIRECTION('',(1.,0.,0.));
#4736 = ADVANCED_FACE('',(#4737),#4748,.F.);
#4737 = FACE_BOUND('',#4738,.F.);
#4738 = EDGE_LOOP('',(#4739,#4745,#4746,#4747));
#4739 = ORIENTED_EDGE('',*,*,#4740,.T.);
#4740 = EDGE_CURVE('',#4207,#4139,#4741,.T.);
#4741 = LINE('',#4742,#4743);
#4742 = CARTESIAN_POINT('',(-7.5,0.,0.));
#4743 = VECTOR('',#4744,1.);
#4744 = DIRECTION('',(-0.,-0.,-1.));
#4745 = ORIENTED_EDGE('',*,*,#4138,.T.);
#4746 = ORIENTED_EDGE('',*,*,#4740,.F.);
#4747 = ORIENTED_EDGE('',*,*,#4206,.F.);
#4748 = CYLINDRICAL_SURFACE('',#4749,1.75);
#4749 = AXIS2_PLACEMENT_3D('',#4750,#4751,#4752);
#4750 = CARTESIAN_POINT('',(-9.25,0.,0.));
#4751 = DIRECTION('',(0.,0.,1.));
#4752 = DIRECTION('',(1.,0.,0.));
#4753 = ADVANCED_FACE('',(#4754),#4765,.F.);
#4754 = FACE_BOUND('',#4755,.F.);
#4755 = EDGE_LOOP('',(#4756,#4762,#4763,#4764));
#4756 = ORIENTED_EDGE('',*,*,#4757,.T.);
#4757 = EDGE_CURVE('',#4196,#4162,#4758,.T.);
#4758 = LINE('',#4759,#4760);
#4759 = CARTESIAN_POINT('',(1.75,7.75,0.));
#4760 = VECTOR('',#4761,1.);
#4761 = DIRECTION('',(-0.,-0.,-1.));
#4762 = ORIENTED_EDGE('',*,*,#4161,.T.);
#4763 = ORIENTED_EDGE('',*,*,#4757,.F.);
#4764 = ORIENTED_EDGE('',*,*,#4195,.F.);
#4765 = CYLINDRICAL_SURFACE('',#4766,1.75);
#4766 = AXIS2_PLACEMENT_3D('',#4767,#4768,#4769);
#4767 = CARTESIAN_POINT('',(0.,7.75,0.));
#4768 = DIRECTION('',(0.,0.,1.));
#4769 = DIRECTION('',(1.,0.,0.));
#4770 = ( GEOMETRIC_REPRESENTATION_CONTEXT(3) 
GLOBAL_UNCERTAINTY_ASSIGNED_CONTEXT((#4774)) 
GLOBAL_UNIT_ASSIGNED_CONTEXT((#4771,#4772,#4773)) REPRESENTATION_CONTEXT
('Context #1','3D Context with UNIT and UNCERTAINTY') );
#4771 = ( LENGTH_UNIT() NAMED_UNIT(*) SI_UNIT(.MILLI.,.METRE.) );
#4772 = ( NAMED_UNIT(*) PLANE_ANGLE_UNIT() SI_UNIT($,.RADIAN.) );
#4773 = ( NAMED_UNIT(*) SI_UNIT($,.STERADIAN.) SOLID_ANGLE_UNIT() );
#4774 = UNCERTAINTY_MEASURE_WITH_UNIT(LENGTH_MEASURE(1.E-02),#4771,
  'distance_accuracy_value','confusion accuracy');
#4775 = CONTEXT_DEPENDENT_SHAPE_REPRESENTATION(#4776,#4778);
#4776 = ( REPRESENTATION_RELATIONSHIP('','',#2149,#10) 
REPRESENTATION_RELATIONSHIP_WITH_TRANSFORMATION(#4777) 
SHAPE_REPRESENTATION_RELATIONSHIP() );
#4777 = ITEM_DEFINED_TRANSFORMATION('','',#11,#19);
#4778 = PRODUCT_DEFINITION_SHAPE('Placement','Placement of an item',
  #4779);
#4779 = NEXT_ASSEMBLY_USAGE_OCCURRENCE('2','Body001','',#5,#2144,$);
#4780 = PRODUCT_RELATED_PRODUCT_CATEGORY('part',$,(#2146));
#4781 = CONTEXT_DEPENDENT_SHAPE_REPRESENTATION(#4782,#4784);
#4782 = ( REPRESENTATION_RELATIONSHIP('','',#2149,#10) 
REPRESENTATION_RELATIONSHIP_WITH_TRANSFORMATION(#4783) 
SHAPE_REPRESENTATION_RELATIONSHIP() );
#4783 = ITEM_DEFINED_TRANSFORMATION('','',#11,#23);
#4784 = PRODUCT_DEFINITION_SHAPE('Placement','Placement of an item',
  #4785);
#4785 = NEXT_ASSEMBLY_USAGE_OCCURRENCE('3','Body002','',#5,#2144,$);
#4786 = CONTEXT_DEPENDENT_SHAPE_REPRESENTATION(#4787,#4789);
#4787 = ( REPRESENTATION_RELATIONSHIP('','',#2149,#10) 
REPRESENTATION_RELATIONSHIP_WITH_TRANSFORMATION(#4788) 
SHAPE_REPRESENTATION_RELATIONSHIP() );
#4788 = ITEM_DEFINED_TRANSFORMATION('','',#11,#27);
#4789 = PRODUCT_DEFINITION_SHAPE('Placement','Placement of an item',
  #4790);
#4790 = NEXT_ASSEMBLY_USAGE_OCCURRENCE('4','Body003','',#5,#2144,$);
#4791 = CONTEXT_DEPENDENT_SHAPE_REPRESENTATION(#4792,#4794);
#4792 = ( REPRESENTATION_RELATIONSHIP('','',#2149,#10) 
REPRESENTATION_RELATIONSHIP_WITH_TRANSFORMATION(#4793) 
SHAPE_REPRESENTATION_RELATIONSHIP() );
#4793 = ITEM_DEFINED_TRANSFORMATION('','',#11,#31);
#4794 = PRODUCT_DEFINITION_SHAPE('Placement','Placement of an item',
  #4795);
#4795 = NEXT_ASSEMBLY_USAGE_OCCURRENCE('5','Body004','',#5,#2144,$);
#4796 = SHAPE_DEFINITION_REPRESENTATION(#4797,#4803);
#4797 = PRODUCT_DEFINITION_SHAPE('','',#4798);
#4798 = PRODUCT_DEFINITION('design','',#4799,#4802);
#4799 = PRODUCT_DEFINITION_FORMATION('','',#4800);
#4800 = PRODUCT('Body001','Body001','',(#4801));
#4801 = PRODUCT_CONTEXT('',#2,'mechanical');
#4802 = PRODUCT_DEFINITION_CONTEXT('part definition',#2,'design');
#4803 = ADVANCED_BREP_SHAPE_REPRESENTATION('',(#11,#4804),#5406);
#4804 = MANIFOLD_SOLID_BREP('',#4805);
#4805 = CLOSED_SHELL('',(#4806,#4846,#5001,#5026,#5173,#5190,#5207,#5224
    ,#5241,#5258,#5270,#5287,#5304,#5321,#5338,#5355,#5372,#5389));
#4806 = ADVANCED_FACE('',(#4807),#4841,.F.);
#4807 = FACE_BOUND('',#4808,.F.);
#4808 = EDGE_LOOP('',(#4809,#4819,#4827,#4835));
#4809 = ORIENTED_EDGE('',*,*,#4810,.F.);
#4810 = EDGE_CURVE('',#4811,#4813,#4815,.T.);
#4811 = VERTEX_POINT('',#4812);
#4812 = CARTESIAN_POINT('',(17.5,62.5,0.));
#4813 = VERTEX_POINT('',#4814);
#4814 = CARTESIAN_POINT('',(-17.5,62.5,0.));
#4815 = LINE('',#4816,#4817);
#4816 = CARTESIAN_POINT('',(22.5,62.5,0.));
#4817 = VECTOR('',#4818,1.);
#4818 = DIRECTION('',(-1.,0.,0.));
#4819 = ORIENTED_EDGE('',*,*,#4820,.F.);
#4820 = EDGE_CURVE('',#4821,#4811,#4823,.T.);
#4821 = VERTEX_POINT('',#4822);
#4822 = CARTESIAN_POINT('',(17.5,62.5,5.));
#4823 = LINE('',#4824,#4825);
#4824 = CARTESIAN_POINT('',(17.5,62.5,5.));
#4825 = VECTOR('',#4826,1.);
#4826 = DIRECTION('',(-0.,-0.,-1.));
#4827 = ORIENTED_EDGE('',*,*,#4828,.T.);
#4828 = EDGE_CURVE('',#4821,#4829,#4831,.T.);
#4829 = VERTEX_POINT('',#4830);
#4830 = CARTESIAN_POINT('',(-17.5,62.5,5.));
#4831 = LINE('',#4832,#4833);
#4832 = CARTESIAN_POINT('',(22.5,62.5,5.));
#4833 = VECTOR('',#4834,1.);
#4834 = DIRECTION('',(-1.,0.,0.));
#4835 = ORIENTED_EDGE('',*,*,#4836,.T.);
#4836 = EDGE_CURVE('',#4829,#4813,#4837,.T.);
#4837 = LINE('',#4838,#4839);
#4838 = CARTESIAN_POINT('',(-17.5,62.5,5.));
#4839 = VECTOR('',#4840,1.);
#4840 = DIRECTION('',(-0.,-0.,-1.));
#4841 = PLANE('',#4842);
#4842 = AXIS2_PLACEMENT_3D('',#4843,#4844,#4845);
#4843 = CARTESIAN_POINT('',(22.5,62.5,0.));
#4844 = DIRECTION('',(0.,-1.,0.));
#4845 = DIRECTION('',(-1.,0.,0.));
#4846 = ADVANCED_FACE('',(#4847,#4908,#4919,#4930,#4941,#4952,#4963,
    #4974,#4985),#4996,.F.);
#4847 = FACE_BOUND('',#4848,.F.);
#4848 = EDGE_LOOP('',(#4849,#4858,#4859,#4868,#4876,#4885,#4893,#4902));
#4849 = ORIENTED_EDGE('',*,*,#4850,.T.);
#4850 = EDGE_CURVE('',#4851,#4811,#4853,.T.);
#4851 = VERTEX_POINT('',#4852);
#4852 = CARTESIAN_POINT('',(22.5,57.5,0.));
#4853 = CIRCLE('',#4854,5.);
#4854 = AXIS2_PLACEMENT_3D('',#4855,#4856,#4857);
#4855 = CARTESIAN_POINT('',(17.5,57.5,0.));
#4856 = DIRECTION('',(0.,0.,1.));
#4857 = DIRECTION('',(1.,0.,0.));
#4858 = ORIENTED_EDGE('',*,*,#4810,.T.);
#4859 = ORIENTED_EDGE('',*,*,#4860,.T.);
#4860 = EDGE_CURVE('',#4813,#4861,#4863,.T.);
#4861 = VERTEX_POINT('',#4862);
#4862 = CARTESIAN_POINT('',(-22.5,57.5,0.));
#4863 = CIRCLE('',#4864,5.);
#4864 = AXIS2_PLACEMENT_3D('',#4865,#4866,#4867);
#4865 = CARTESIAN_POINT('',(-17.5,57.5,0.));
#4866 = DIRECTION('',(0.,0.,1.));
#4867 = DIRECTION('',(1.,0.,0.));
#4868 = ORIENTED_EDGE('',*,*,#4869,.T.);
#4869 = EDGE_CURVE('',#4861,#4870,#4872,.T.);
#4870 = VERTEX_POINT('',#4871);
#4871 = CARTESIAN_POINT('',(-22.5,-57.5,0.));
#4872 = LINE('',#4873,#4874);
#4873 = CARTESIAN_POINT('',(-22.5,62.5,0.));
#4874 = VECTOR('',#4875,1.);
#4875 = DIRECTION('',(0.,-1.,0.));
#4876 = ORIENTED_EDGE('',*,*,#4877,.T.);
#4877 = EDGE_CURVE('',#4870,#4878,#4880,.T.);
#4878 = VERTEX_POINT('',#4879);
#4879 = CARTESIAN_POINT('',(-17.5,-62.5,0.));
#4880 = CIRCLE('',#4881,5.);
#4881 = AXIS2_PLACEMENT_3D('',#4882,#4883,#4884);
#4882 = CARTESIAN_POINT('',(-17.5,-57.5,0.));
#4883 = DIRECTION('',(0.,0.,1.));
#4884 = DIRECTION('',(1.,0.,0.));
#4885 = ORIENTED_EDGE('',*,*,#4886,.T.);
#4886 = EDGE_CURVE('',#4878,#4887,#4889,.T.);
#4887 = VERTEX_POINT('',#4888);
#4888 = CARTESIAN_POINT('',(17.5,-62.5,0.));
#4889 = LINE('',#4890,#4891);
#4890 = CARTESIAN_POINT('',(-22.5,-62.5,0.));
#4891 = VECTOR('',#4892,1.);
#4892 = DIRECTION('',(1.,0.,0.));
#4893 = ORIENTED_EDGE('',*,*,#4894,.T.);
#4894 = EDGE_CURVE('',#4887,#4895,#4897,.T.);
#4895 = VERTEX_POINT('',#4896);
#4896 = CARTESIAN_POINT('',(22.5,-57.5,0.));
#4897 = CIRCLE('',#4898,5.);
#4898 = AXIS2_PLACEMENT_3D('',#4899,#4900,#4901);
#4899 = CARTESIAN_POINT('',(17.5,-57.5,0.));
#4900 = DIRECTION('',(0.,0.,1.));
#4901 = DIRECTION('',(1.,0.,0.));
#4902 = ORIENTED_EDGE('',*,*,#4903,.T.);
#4903 = EDGE_CURVE('',#4895,#4851,#4904,.T.);
#4904 = LINE('',#4905,#4906);
#4905 = CARTESIAN_POINT('',(22.5,-62.5,0.));
#4906 = VECTOR('',#4907,1.);
#4907 = DIRECTION('',(0.,1.,0.));
#4908 = FACE_BOUND('',#4909,.F.);
#4909 = EDGE_LOOP('',(#4910));
#4910 = ORIENTED_EDGE('',*,*,#4911,.F.);
#4911 = EDGE_CURVE('',#4912,#4912,#4914,.T.);
#4912 = VERTEX_POINT('',#4913);
#4913 = CARTESIAN_POINT('',(-13.4,-55.,0.));
#4914 = CIRCLE('',#4915,1.6);
#4915 = AXIS2_PLACEMENT_3D('',#4916,#4917,#4918);
#4916 = CARTESIAN_POINT('',(-15.,-55.,0.));
#4917 = DIRECTION('',(0.,0.,1.));
#4918 = DIRECTION('',(1.,0.,0.));
#4919 = FACE_BOUND('',#4920,.F.);
#4920 = EDGE_LOOP('',(#4921));
#4921 = ORIENTED_EDGE('',*,*,#4922,.F.);
#4922 = EDGE_CURVE('',#4923,#4923,#4925,.T.);
#4923 = VERTEX_POINT('',#4924);
#4924 = CARTESIAN_POINT('',(-13.4,-25.,0.));
#4925 = CIRCLE('',#4926,1.6);
#4926 = AXIS2_PLACEMENT_3D('',#4927,#4928,#4929);
#4927 = CARTESIAN_POINT('',(-15.,-25.,0.));
#4928 = DIRECTION('',(0.,0.,1.));
#4929 = DIRECTION('',(1.,0.,0.));
#4930 = FACE_BOUND('',#4931,.F.);
#4931 = EDGE_LOOP('',(#4932));
#4932 = ORIENTED_EDGE('',*,*,#4933,.F.);
#4933 = EDGE_CURVE('',#4934,#4934,#4936,.T.);
#4934 = VERTEX_POINT('',#4935);
#4935 = CARTESIAN_POINT('',(16.6,-55.,0.));
#4936 = CIRCLE('',#4937,1.6);
#4937 = AXIS2_PLACEMENT_3D('',#4938,#4939,#4940);
#4938 = CARTESIAN_POINT('',(15.,-55.,0.));
#4939 = DIRECTION('',(0.,0.,1.));
#4940 = DIRECTION('',(1.,0.,0.));
#4941 = FACE_BOUND('',#4942,.F.);
#4942 = EDGE_LOOP('',(#4943));
#4943 = ORIENTED_EDGE('',*,*,#4944,.F.);
#4944 = EDGE_CURVE('',#4945,#4945,#4947,.T.);
#4945 = VERTEX_POINT('',#4946);
#4946 = CARTESIAN_POINT('',(16.6,-25.,0.));
#4947 = CIRCLE('',#4948,1.6);
#4948 = AXIS2_PLACEMENT_3D('',#4949,#4950,#4951);
#4949 = CARTESIAN_POINT('',(15.,-25.,0.));
#4950 = DIRECTION('',(0.,0.,1.));
#4951 = DIRECTION('',(1.,0.,0.));
#4952 = FACE_BOUND('',#4953,.F.);
#4953 = EDGE_LOOP('',(#4954));
#4954 = ORIENTED_EDGE('',*,*,#4955,.F.);
#4955 = EDGE_CURVE('',#4956,#4956,#4958,.T.);
#4956 = VERTEX_POINT('',#4957);
#4957 = CARTESIAN_POINT('',(-13.4,-12.5,0.));
#4958 = CIRCLE('',#4959,1.6);
#4959 = AXIS2_PLACEMENT_3D('',#4960,#4961,#4962);
#4960 = CARTESIAN_POINT('',(-15.,-12.5,0.));
#4961 = DIRECTION('',(0.,0.,1.));
#4962 = DIRECTION('',(1.,0.,0.));
#4963 = FACE_BOUND('',#4964,.F.);
#4964 = EDGE_LOOP('',(#4965));
#4965 = ORIENTED_EDGE('',*,*,#4966,.F.);
#4966 = EDGE_CURVE('',#4967,#4967,#4969,.T.);
#4967 = VERTEX_POINT('',#4968);
#4968 = CARTESIAN_POINT('',(-13.4,17.5,0.));
#4969 = CIRCLE('',#4970,1.6);
#4970 = AXIS2_PLACEMENT_3D('',#4971,#4972,#4973);
#4971 = CARTESIAN_POINT('',(-15.,17.5,0.));
#4972 = DIRECTION('',(0.,0.,1.));
#4973 = DIRECTION('',(1.,0.,0.));
#4974 = FACE_BOUND('',#4975,.F.);
#4975 = EDGE_LOOP('',(#4976));
#4976 = ORIENTED_EDGE('',*,*,#4977,.F.);
#4977 = EDGE_CURVE('',#4978,#4978,#4980,.T.);
#4978 = VERTEX_POINT('',#4979);
#4979 = CARTESIAN_POINT('',(16.6,-12.5,0.));
#4980 = CIRCLE('',#4981,1.6);
#4981 = AXIS2_PLACEMENT_3D('',#4982,#4983,#4984);
#4982 = CARTESIAN_POINT('',(15.,-12.5,0.));
#4983 = DIRECTION('',(0.,0.,1.));
#4984 = DIRECTION('',(1.,0.,0.));
#4985 = FACE_BOUND('',#4986,.F.);
#4986 = EDGE_LOOP('',(#4987));
#4987 = ORIENTED_EDGE('',*,*,#4988,.F.);
#4988 = EDGE_CURVE('',#4989,#4989,#4991,.T.);
#4989 = VERTEX_POINT('',#4990);
#4990 = CARTESIAN_POINT('',(16.6,17.5,0.));
#4991 = CIRCLE('',#4992,1.6);
#4992 = AXIS2_PLACEMENT_3D('',#4993,#4994,#4995);
#4993 = CARTESIAN_POINT('',(15.,17.5,0.));
#4994 = DIRECTION('',(0.,0.,1.));
#4995 = DIRECTION('',(1.,0.,0.));
#4996 = PLANE('',#4997);
#4997 = AXIS2_PLACEMENT_3D('',#4998,#4999,#5000);
#4998 = CARTESIAN_POINT('',(0.,-3.06775793346,0.));
#4999 = DIRECTION('',(0.,0.,1.));
#5000 = DIRECTION('',(1.,0.,0.));
#5001 = ADVANCED_FACE('',(#5002),#5021,.T.);
#5002 = FACE_BOUND('',#5003,.T.);
#5003 = EDGE_LOOP('',(#5004,#5005,#5006,#5014));
#5004 = ORIENTED_EDGE('',*,*,#4836,.T.);
#5005 = ORIENTED_EDGE('',*,*,#4860,.T.);
#5006 = ORIENTED_EDGE('',*,*,#5007,.F.);
#5007 = EDGE_CURVE('',#5008,#4861,#5010,.T.);
#5008 = VERTEX_POINT('',#5009);
#5009 = CARTESIAN_POINT('',(-22.5,57.5,5.));
#5010 = LINE('',#5011,#5012);
#5011 = CARTESIAN_POINT('',(-22.5,57.5,5.));
#5012 = VECTOR('',#5013,1.);
#5013 = DIRECTION('',(-0.,-0.,-1.));
#5014 = ORIENTED_EDGE('',*,*,#5015,.F.);
#5015 = EDGE_CURVE('',#4829,#5008,#5016,.T.);
#5016 = CIRCLE('',#5017,5.);
#5017 = AXIS2_PLACEMENT_3D('',#5018,#5019,#5020);
#5018 = CARTESIAN_POINT('',(-17.5,57.5,5.));
#5019 = DIRECTION('',(0.,0.,1.));
#5020 = DIRECTION('',(1.,0.,0.));
#5021 = CYLINDRICAL_SURFACE('',#5022,5.);
#5022 = AXIS2_PLACEMENT_3D('',#5023,#5024,#5025);
#5023 = CARTESIAN_POINT('',(-17.5,57.5,5.));
#5024 = DIRECTION('',(0.,0.,1.));
#5025 = DIRECTION('',(1.,0.,-0.));
#5026 = ADVANCED_FACE('',(#5027,#5080,#5091,#5102,#5113,#5124,#5135,
    #5146,#5157),#5168,.T.);
#5027 = FACE_BOUND('',#5028,.T.);
#5028 = EDGE_LOOP('',(#5029,#5038,#5039,#5040,#5048,#5057,#5065,#5074));
#5029 = ORIENTED_EDGE('',*,*,#5030,.T.);
#5030 = EDGE_CURVE('',#5031,#4821,#5033,.T.);
#5031 = VERTEX_POINT('',#5032);
#5032 = CARTESIAN_POINT('',(22.5,57.5,5.));
#5033 = CIRCLE('',#5034,5.);
#5034 = AXIS2_PLACEMENT_3D('',#5035,#5036,#5037);
#5035 = CARTESIAN_POINT('',(17.5,57.5,5.));
#5036 = DIRECTION('',(0.,0.,1.));
#5037 = DIRECTION('',(1.,0.,0.));
#5038 = ORIENTED_EDGE('',*,*,#4828,.T.);
#5039 = ORIENTED_EDGE('',*,*,#5015,.T.);
#5040 = ORIENTED_EDGE('',*,*,#5041,.T.);
#5041 = EDGE_CURVE('',#5008,#5042,#5044,.T.);
#5042 = VERTEX_POINT('',#5043);
#5043 = CARTESIAN_POINT('',(-22.5,-57.5,5.));
#5044 = LINE('',#5045,#5046);
#5045 = CARTESIAN_POINT('',(-22.5,62.5,5.));
#5046 = VECTOR('',#5047,1.);
#5047 = DIRECTION('',(0.,-1.,0.));
#5048 = ORIENTED_EDGE('',*,*,#5049,.T.);
#5049 = EDGE_CURVE('',#5042,#5050,#5052,.T.);
#5050 = VERTEX_POINT('',#5051);
#5051 = CARTESIAN_POINT('',(-17.5,-62.5,5.));
#5052 = CIRCLE('',#5053,5.);
#5053 = AXIS2_PLACEMENT_3D('',#5054,#5055,#5056);
#5054 = CARTESIAN_POINT('',(-17.5,-57.5,5.));
#5055 = DIRECTION('',(0.,0.,1.));
#5056 = DIRECTION('',(1.,0.,0.));
#5057 = ORIENTED_EDGE('',*,*,#5058,.T.);
#5058 = EDGE_CURVE('',#5050,#5059,#5061,.T.);
#5059 = VERTEX_POINT('',#5060);
#5060 = CARTESIAN_POINT('',(17.5,-62.5,5.));
#5061 = LINE('',#5062,#5063);
#5062 = CARTESIAN_POINT('',(-22.5,-62.5,5.));
#5063 = VECTOR('',#5064,1.);
#5064 = DIRECTION('',(1.,0.,0.));
#5065 = ORIENTED_EDGE('',*,*,#5066,.T.);
#5066 = EDGE_CURVE('',#5059,#5067,#5069,.T.);
#5067 = VERTEX_POINT('',#5068);
#5068 = CARTESIAN_POINT('',(22.5,-57.5,5.));
#5069 = CIRCLE('',#5070,5.);
#5070 = AXIS2_PLACEMENT_3D('',#5071,#5072,#5073);
#5071 = CARTESIAN_POINT('',(17.5,-57.5,5.));
#5072 = DIRECTION('',(0.,0.,1.));
#5073 = DIRECTION('',(1.,0.,0.));
#5074 = ORIENTED_EDGE('',*,*,#5075,.T.);
#5075 = EDGE_CURVE('',#5067,#5031,#5076,.T.);
#5076 = LINE('',#5077,#5078);
#5077 = CARTESIAN_POINT('',(22.5,-62.5,5.));
#5078 = VECTOR('',#5079,1.);
#5079 = DIRECTION('',(0.,1.,0.));
#5080 = FACE_BOUND('',#5081,.T.);
#5081 = EDGE_LOOP('',(#5082));
#5082 = ORIENTED_EDGE('',*,*,#5083,.F.);
#5083 = EDGE_CURVE('',#5084,#5084,#5086,.T.);
#5084 = VERTEX_POINT('',#5085);
#5085 = CARTESIAN_POINT('',(-13.4,-55.,5.));
#5086 = CIRCLE('',#5087,1.6);
#5087 = AXIS2_PLACEMENT_3D('',#5088,#5089,#5090);
#5088 = CARTESIAN_POINT('',(-15.,-55.,5.));
#5089 = DIRECTION('',(0.,0.,1.));
#5090 = DIRECTION('',(1.,0.,0.));
#5091 = FACE_BOUND('',#5092,.T.);
#5092 = EDGE_LOOP('',(#5093));
#5093 = ORIENTED_EDGE('',*,*,#5094,.F.);
#5094 = EDGE_CURVE('',#5095,#5095,#5097,.T.);
#5095 = VERTEX_POINT('',#5096);
#5096 = CARTESIAN_POINT('',(-13.4,-25.,5.));
#5097 = CIRCLE('',#5098,1.6);
#5098 = AXIS2_PLACEMENT_3D('',#5099,#5100,#5101);
#5099 = CARTESIAN_POINT('',(-15.,-25.,5.));
#5100 = DIRECTION('',(0.,0.,1.));
#5101 = DIRECTION('',(1.,0.,0.));
#5102 = FACE_BOUND('',#5103,.T.);
#5103 = EDGE_LOOP('',(#5104));
#5104 = ORIENTED_EDGE('',*,*,#5105,.F.);
#5105 = EDGE_CURVE('',#5106,#5106,#5108,.T.);
#5106 = VERTEX_POINT('',#5107);
#5107 = CARTESIAN_POINT('',(16.6,-55.,5.));
#5108 = CIRCLE('',#5109,1.6);
#5109 = AXIS2_PLACEMENT_3D('',#5110,#5111,#5112);
#5110 = CARTESIAN_POINT('',(15.,-55.,5.));
#5111 = DIRECTION('',(0.,0.,1.));
#5112 = DIRECTION('',(1.,0.,0.));
#5113 = FACE_BOUND('',#5114,.T.);
#5114 = EDGE_LOOP('',(#5115));
#5115 = ORIENTED_EDGE('',*,*,#5116,.F.);
#5116 = EDGE_CURVE('',#5117,#5117,#5119,.T.);
#5117 = VERTEX_POINT('',#5118);
#5118 = CARTESIAN_POINT('',(16.6,-25.,5.));
#5119 = CIRCLE('',#5120,1.6);
#5120 = AXIS2_PLACEMENT_3D('',#5121,#5122,#5123);
#5121 = CARTESIAN_POINT('',(15.,-25.,5.));
#5122 = DIRECTION('',(0.,0.,1.));
#5123 = DIRECTION('',(1.,0.,0.));
#5124 = FACE_BOUND('',#5125,.T.);
#5125 = EDGE_LOOP('',(#5126));
#5126 = ORIENTED_EDGE('',*,*,#5127,.F.);
#5127 = EDGE_CURVE('',#5128,#5128,#5130,.T.);
#5128 = VERTEX_POINT('',#5129);
#5129 = CARTESIAN_POINT('',(-13.4,-12.5,5.));
#5130 = CIRCLE('',#5131,1.6);
#5131 = AXIS2_PLACEMENT_3D('',#5132,#5133,#5134);
#5132 = CARTESIAN_POINT('',(-15.,-12.5,5.));
#5133 = DIRECTION('',(0.,0.,1.));
#5134 = DIRECTION('',(1.,0.,0.));
#5135 = FACE_BOUND('',#5136,.T.);
#5136 = EDGE_LOOP('',(#5137));
#5137 = ORIENTED_EDGE('',*,*,#5138,.F.);
#5138 = EDGE_CURVE('',#5139,#5139,#5141,.T.);
#5139 = VERTEX_POINT('',#5140);
#5140 = CARTESIAN_POINT('',(-13.4,17.5,5.));
#5141 = CIRCLE('',#5142,1.6);
#5142 = AXIS2_PLACEMENT_3D('',#5143,#5144,#5145);
#5143 = CARTESIAN_POINT('',(-15.,17.5,5.));
#5144 = DIRECTION('',(0.,0.,1.));
#5145 = DIRECTION('',(1.,0.,0.));
#5146 = FACE_BOUND('',#5147,.T.);
#5147 = EDGE_LOOP('',(#5148));
#5148 = ORIENTED_EDGE('',*,*,#5149,.F.);
#5149 = EDGE_CURVE('',#5150,#5150,#5152,.T.);
#5150 = VERTEX_POINT('',#5151);
#5151 = CARTESIAN_POINT('',(16.6,-12.5,5.));
#5152 = CIRCLE('',#5153,1.6);
#5153 = AXIS2_PLACEMENT_3D('',#5154,#5155,#5156);
#5154 = CARTESIAN_POINT('',(15.,-12.5,5.));
#5155 = DIRECTION('',(0.,0.,1.));
#5156 = DIRECTION('',(1.,0.,0.));
#5157 = FACE_BOUND('',#5158,.T.);
#5158 = EDGE_LOOP('',(#5159));
#5159 = ORIENTED_EDGE('',*,*,#5160,.F.);
#5160 = EDGE_CURVE('',#5161,#5161,#5163,.T.);
#5161 = VERTEX_POINT('',#5162);
#5162 = CARTESIAN_POINT('',(16.6,17.5,5.));
#5163 = CIRCLE('',#5164,1.6);
#5164 = AXIS2_PLACEMENT_3D('',#5165,#5166,#5167);
#5165 = CARTESIAN_POINT('',(15.,17.5,5.));
#5166 = DIRECTION('',(0.,0.,1.));
#5167 = DIRECTION('',(1.,0.,0.));
#5168 = PLANE('',#5169);
#5169 = AXIS2_PLACEMENT_3D('',#5170,#5171,#5172);
#5170 = CARTESIAN_POINT('',(0.,-3.06775793346,5.));
#5171 = DIRECTION('',(0.,0.,1.));
#5172 = DIRECTION('',(1.,0.,0.));
#5173 = ADVANCED_FACE('',(#5174),#5185,.T.);
#5174 = FACE_BOUND('',#5175,.T.);
#5175 = EDGE_LOOP('',(#5176,#5182,#5183,#5184));
#5176 = ORIENTED_EDGE('',*,*,#5177,.T.);
#5177 = EDGE_CURVE('',#5031,#4851,#5178,.T.);
#5178 = LINE('',#5179,#5180);
#5179 = CARTESIAN_POINT('',(22.5,57.5,5.));
#5180 = VECTOR('',#5181,1.);
#5181 = DIRECTION('',(-0.,-0.,-1.));
#5182 = ORIENTED_EDGE('',*,*,#4850,.T.);
#5183 = ORIENTED_EDGE('',*,*,#4820,.F.);
#5184 = ORIENTED_EDGE('',*,*,#5030,.F.);
#5185 = CYLINDRICAL_SURFACE('',#5186,5.);
#5186 = AXIS2_PLACEMENT_3D('',#5187,#5188,#5189);
#5187 = CARTESIAN_POINT('',(17.5,57.5,5.));
#5188 = DIRECTION('',(0.,0.,1.));
#5189 = DIRECTION('',(1.,0.,-0.));
#5190 = ADVANCED_FACE('',(#5191),#5202,.F.);
#5191 = FACE_BOUND('',#5192,.F.);
#5192 = EDGE_LOOP('',(#5193,#5194,#5200,#5201));
#5193 = ORIENTED_EDGE('',*,*,#4903,.F.);
#5194 = ORIENTED_EDGE('',*,*,#5195,.F.);
#5195 = EDGE_CURVE('',#5067,#4895,#5196,.T.);
#5196 = LINE('',#5197,#5198);
#5197 = CARTESIAN_POINT('',(22.5,-57.5,5.));
#5198 = VECTOR('',#5199,1.);
#5199 = DIRECTION('',(-0.,-0.,-1.));
#5200 = ORIENTED_EDGE('',*,*,#5075,.T.);
#5201 = ORIENTED_EDGE('',*,*,#5177,.T.);
#5202 = PLANE('',#5203);
#5203 = AXIS2_PLACEMENT_3D('',#5204,#5205,#5206);
#5204 = CARTESIAN_POINT('',(22.5,-62.5,0.));
#5205 = DIRECTION('',(-1.,0.,0.));
#5206 = DIRECTION('',(0.,1.,0.));
#5207 = ADVANCED_FACE('',(#5208),#5219,.T.);
#5208 = FACE_BOUND('',#5209,.T.);
#5209 = EDGE_LOOP('',(#5210,#5216,#5217,#5218));
#5210 = ORIENTED_EDGE('',*,*,#5211,.T.);
#5211 = EDGE_CURVE('',#5059,#4887,#5212,.T.);
#5212 = LINE('',#5213,#5214);
#5213 = CARTESIAN_POINT('',(17.5,-62.5,5.));
#5214 = VECTOR('',#5215,1.);
#5215 = DIRECTION('',(-0.,-0.,-1.));
#5216 = ORIENTED_EDGE('',*,*,#4894,.T.);
#5217 = ORIENTED_EDGE('',*,*,#5195,.F.);
#5218 = ORIENTED_EDGE('',*,*,#5066,.F.);
#5219 = CYLINDRICAL_SURFACE('',#5220,5.);
#5220 = AXIS2_PLACEMENT_3D('',#5221,#5222,#5223);
#5221 = CARTESIAN_POINT('',(17.5,-57.5,5.));
#5222 = DIRECTION('',(0.,0.,1.));
#5223 = DIRECTION('',(1.,0.,-0.));
#5224 = ADVANCED_FACE('',(#5225),#5236,.F.);
#5225 = FACE_BOUND('',#5226,.F.);
#5226 = EDGE_LOOP('',(#5227,#5228,#5234,#5235));
#5227 = ORIENTED_EDGE('',*,*,#4886,.F.);
#5228 = ORIENTED_EDGE('',*,*,#5229,.F.);
#5229 = EDGE_CURVE('',#5050,#4878,#5230,.T.);
#5230 = LINE('',#5231,#5232);
#5231 = CARTESIAN_POINT('',(-17.5,-62.5,5.));
#5232 = VECTOR('',#5233,1.);
#5233 = DIRECTION('',(-0.,-0.,-1.));
#5234 = ORIENTED_EDGE('',*,*,#5058,.T.);
#5235 = ORIENTED_EDGE('',*,*,#5211,.T.);
#5236 = PLANE('',#5237);
#5237 = AXIS2_PLACEMENT_3D('',#5238,#5239,#5240);
#5238 = CARTESIAN_POINT('',(-22.5,-62.5,0.));
#5239 = DIRECTION('',(0.,1.,0.));
#5240 = DIRECTION('',(1.,0.,0.));
#5241 = ADVANCED_FACE('',(#5242),#5253,.T.);
#5242 = FACE_BOUND('',#5243,.T.);
#5243 = EDGE_LOOP('',(#5244,#5250,#5251,#5252));
#5244 = ORIENTED_EDGE('',*,*,#5245,.T.);
#5245 = EDGE_CURVE('',#5042,#4870,#5246,.T.);
#5246 = LINE('',#5247,#5248);
#5247 = CARTESIAN_POINT('',(-22.5,-57.5,5.));
#5248 = VECTOR('',#5249,1.);
#5249 = DIRECTION('',(-0.,-0.,-1.));
#5250 = ORIENTED_EDGE('',*,*,#4877,.T.);
#5251 = ORIENTED_EDGE('',*,*,#5229,.F.);
#5252 = ORIENTED_EDGE('',*,*,#5049,.F.);
#5253 = CYLINDRICAL_SURFACE('',#5254,5.);
#5254 = AXIS2_PLACEMENT_3D('',#5255,#5256,#5257);
#5255 = CARTESIAN_POINT('',(-17.5,-57.5,5.));
#5256 = DIRECTION('',(0.,0.,1.));
#5257 = DIRECTION('',(1.,0.,-0.));
#5258 = ADVANCED_FACE('',(#5259),#5265,.F.);
#5259 = FACE_BOUND('',#5260,.F.);
#5260 = EDGE_LOOP('',(#5261,#5262,#5263,#5264));
#5261 = ORIENTED_EDGE('',*,*,#4869,.F.);
#5262 = ORIENTED_EDGE('',*,*,#5007,.F.);
#5263 = ORIENTED_EDGE('',*,*,#5041,.T.);
#5264 = ORIENTED_EDGE('',*,*,#5245,.T.);
#5265 = PLANE('',#5266);
#5266 = AXIS2_PLACEMENT_3D('',#5267,#5268,#5269);
#5267 = CARTESIAN_POINT('',(-22.5,62.5,0.));
#5268 = DIRECTION('',(1.,0.,0.));
#5269 = DIRECTION('',(0.,-1.,0.));
#5270 = ADVANCED_FACE('',(#5271),#5282,.F.);
#5271 = FACE_BOUND('',#5272,.T.);
#5272 = EDGE_LOOP('',(#5273,#5279,#5280,#5281));
#5273 = ORIENTED_EDGE('',*,*,#5274,.T.);
#5274 = EDGE_CURVE('',#4912,#5084,#5275,.T.);
#5275 = LINE('',#5276,#5277);
#5276 = CARTESIAN_POINT('',(-13.4,-55.,0.));
#5277 = VECTOR('',#5278,1.);
#5278 = DIRECTION('',(0.,0.,1.));
#5279 = ORIENTED_EDGE('',*,*,#5083,.T.);
#5280 = ORIENTED_EDGE('',*,*,#5274,.F.);
#5281 = ORIENTED_EDGE('',*,*,#4911,.F.);
#5282 = CYLINDRICAL_SURFACE('',#5283,1.6);
#5283 = AXIS2_PLACEMENT_3D('',#5284,#5285,#5286);
#5284 = CARTESIAN_POINT('',(-15.,-55.,0.));
#5285 = DIRECTION('',(-0.,-0.,-1.));
#5286 = DIRECTION('',(1.,0.,0.));
#5287 = ADVANCED_FACE('',(#5288),#5299,.F.);
#5288 = FACE_BOUND('',#5289,.T.);
#5289 = EDGE_LOOP('',(#5290,#5296,#5297,#5298));
#5290 = ORIENTED_EDGE('',*,*,#5291,.T.);
#5291 = EDGE_CURVE('',#4923,#5095,#5292,.T.);
#5292 = LINE('',#5293,#5294);
#5293 = CARTESIAN_POINT('',(-13.4,-25.,0.));
#5294 = VECTOR('',#5295,1.);
#5295 = DIRECTION('',(0.,0.,1.));
#5296 = ORIENTED_EDGE('',*,*,#5094,.T.);
#5297 = ORIENTED_EDGE('',*,*,#5291,.F.);
#5298 = ORIENTED_EDGE('',*,*,#4922,.F.);
#5299 = CYLINDRICAL_SURFACE('',#5300,1.6);
#5300 = AXIS2_PLACEMENT_3D('',#5301,#5302,#5303);
#5301 = CARTESIAN_POINT('',(-15.,-25.,0.));
#5302 = DIRECTION('',(-0.,-0.,-1.));
#5303 = DIRECTION('',(1.,0.,0.));
#5304 = ADVANCED_FACE('',(#5305),#5316,.F.);
#5305 = FACE_BOUND('',#5306,.T.);
#5306 = EDGE_LOOP('',(#5307,#5313,#5314,#5315));
#5307 = ORIENTED_EDGE('',*,*,#5308,.T.);
#5308 = EDGE_CURVE('',#4934,#5106,#5309,.T.);
#5309 = LINE('',#5310,#5311);
#5310 = CARTESIAN_POINT('',(16.6,-55.,0.));
#5311 = VECTOR('',#5312,1.);
#5312 = DIRECTION('',(0.,0.,1.));
#5313 = ORIENTED_EDGE('',*,*,#5105,.T.);
#5314 = ORIENTED_EDGE('',*,*,#5308,.F.);
#5315 = ORIENTED_EDGE('',*,*,#4933,.F.);
#5316 = CYLINDRICAL_SURFACE('',#5317,1.6);
#5317 = AXIS2_PLACEMENT_3D('',#5318,#5319,#5320);
#5318 = CARTESIAN_POINT('',(15.,-55.,0.));
#5319 = DIRECTION('',(-0.,-0.,-1.));
#5320 = DIRECTION('',(1.,0.,0.));
#5321 = ADVANCED_FACE('',(#5322),#5333,.F.);
#5322 = FACE_BOUND('',#5323,.T.);
#5323 = EDGE_LOOP('',(#5324,#5330,#5331,#5332));
#5324 = ORIENTED_EDGE('',*,*,#5325,.T.);
#5325 = EDGE_CURVE('',#4945,#5117,#5326,.T.);
#5326 = LINE('',#5327,#5328);
#5327 = CARTESIAN_POINT('',(16.6,-25.,0.));
#5328 = VECTOR('',#5329,1.);
#5329 = DIRECTION('',(0.,0.,1.));
#5330 = ORIENTED_EDGE('',*,*,#5116,.T.);
#5331 = ORIENTED_EDGE('',*,*,#5325,.F.);
#5332 = ORIENTED_EDGE('',*,*,#4944,.F.);
#5333 = CYLINDRICAL_SURFACE('',#5334,1.6);
#5334 = AXIS2_PLACEMENT_3D('',#5335,#5336,#5337);
#5335 = CARTESIAN_POINT('',(15.,-25.,0.));
#5336 = DIRECTION('',(-0.,-0.,-1.));
#5337 = DIRECTION('',(1.,0.,0.));
#5338 = ADVANCED_FACE('',(#5339),#5350,.F.);
#5339 = FACE_BOUND('',#5340,.T.);
#5340 = EDGE_LOOP('',(#5341,#5347,#5348,#5349));
#5341 = ORIENTED_EDGE('',*,*,#5342,.T.);
#5342 = EDGE_CURVE('',#4956,#5128,#5343,.T.);
#5343 = LINE('',#5344,#5345);
#5344 = CARTESIAN_POINT('',(-13.4,-12.5,0.));
#5345 = VECTOR('',#5346,1.);
#5346 = DIRECTION('',(0.,0.,1.));
#5347 = ORIENTED_EDGE('',*,*,#5127,.T.);
#5348 = ORIENTED_EDGE('',*,*,#5342,.F.);
#5349 = ORIENTED_EDGE('',*,*,#4955,.F.);
#5350 = CYLINDRICAL_SURFACE('',#5351,1.6);
#5351 = AXIS2_PLACEMENT_3D('',#5352,#5353,#5354);
#5352 = CARTESIAN_POINT('',(-15.,-12.5,0.));
#5353 = DIRECTION('',(-0.,-0.,-1.));
#5354 = DIRECTION('',(1.,0.,0.));
#5355 = ADVANCED_FACE('',(#5356),#5367,.F.);
#5356 = FACE_BOUND('',#5357,.T.);
#5357 = EDGE_LOOP('',(#5358,#5364,#5365,#5366));
#5358 = ORIENTED_EDGE('',*,*,#5359,.T.);
#5359 = EDGE_CURVE('',#4967,#5139,#5360,.T.);
#5360 = LINE('',#5361,#5362);
#5361 = CARTESIAN_POINT('',(-13.4,17.5,0.));
#5362 = VECTOR('',#5363,1.);
#5363 = DIRECTION('',(0.,0.,1.));
#5364 = ORIENTED_EDGE('',*,*,#5138,.T.);
#5365 = ORIENTED_EDGE('',*,*,#5359,.F.);
#5366 = ORIENTED_EDGE('',*,*,#4966,.F.);
#5367 = CYLINDRICAL_SURFACE('',#5368,1.6);
#5368 = AXIS2_PLACEMENT_3D('',#5369,#5370,#5371);
#5369 = CARTESIAN_POINT('',(-15.,17.5,0.));
#5370 = DIRECTION('',(-0.,-0.,-1.));
#5371 = DIRECTION('',(1.,0.,0.));
#5372 = ADVANCED_FACE('',(#5373),#5384,.F.);
#5373 = FACE_BOUND('',#5374,.T.);
#5374 = EDGE_LOOP('',(#5375,#5381,#5382,#5383));
#5375 = ORIENTED_EDGE('',*,*,#5376,.T.);
#5376 = EDGE_CURVE('',#4978,#5150,#5377,.T.);
#5377 = LINE('',#5378,#5379);
#5378 = CARTESIAN_POINT('',(16.6,-12.5,0.));
#5379 = VECTOR('',#5380,1.);
#5380 = DIRECTION('',(0.,0.,1.));
#5381 = ORIENTED_EDGE('',*,*,#5149,.T.);
#5382 = ORIENTED_EDGE('',*,*,#5376,.F.);
#5383 = ORIENTED_EDGE('',*,*,#4977,.F.);
#5384 = CYLINDRICAL_SURFACE('',#5385,1.6);
#5385 = AXIS2_PLACEMENT_3D('',#5386,#5387,#5388);
#5386 = CARTESIAN_POINT('',(15.,-12.5,0.));
#5387 = DIRECTION('',(-0.,-0.,-1.));
#5388 = DIRECTION('',(1.,0.,0.));
#5389 = ADVANCED_FACE('',(#5390),#5401,.F.);
#5390 = FACE_BOUND('',#5391,.T.);
#5391 = EDGE_LOOP('',(#5392,#5398,#5399,#5400));
#5392 = ORIENTED_EDGE('',*,*,#5393,.T.);
#5393 = EDGE_CURVE('',#4989,#5161,#5394,.T.);
#5394 = LINE('',#5395,#5396);
#5395 = CARTESIAN_POINT('',(16.6,17.5,0.));
#5396 = VECTOR('',#5397,1.);
#5397 = DIRECTION('',(0.,0.,1.));
#5398 = ORIENTED_EDGE('',*,*,#5160,.T.);
#5399 = ORIENTED_EDGE('',*,*,#5393,.F.);
#5400 = ORIENTED_EDGE('',*,*,#4988,.F.);
#5401 = CYLINDRICAL_SURFACE('',#5402,1.6);
#5402 = AXIS2_PLACEMENT_3D('',#5403,#5404,#5405);
#5403 = CARTESIAN_POINT('',(15.,17.5,0.));
#5404 = DIRECTION('',(-0.,-0.,-1.));
#5405 = DIRECTION('',(1.,0.,0.));
#5406 = ( GEOMETRIC_REPRESENTATION_CONTEXT(3) 
GLOBAL_UNCERTAINTY_ASSIGNED_CONTEXT((#5410)) 
GLOBAL_UNIT_ASSIGNED_CONTEXT((#5407,#5408,#5409)) REPRESENTATION_CONTEXT
('Context #1','3D Context with UNIT and UNCERTAINTY') );
#5407 = ( LENGTH_UNIT() NAMED_UNIT(*) SI_UNIT(.MILLI.,.METRE.) );
#5408 = ( NAMED_UNIT(*) PLANE_ANGLE_UNIT() SI_UNIT($,.RADIAN.) );
#5409 = ( NAMED_UNIT(*) SI_UNIT($,.STERADIAN.) SOLID_ANGLE_UNIT() );
#5410 = UNCERTAINTY_MEASURE_WITH_UNIT(LENGTH_MEASURE(1.E-07),#5407,
  'distance_accuracy_value','confusion accuracy');
#5411 = CONTEXT_DEPENDENT_SHAPE_REPRESENTATION(#5412,#5414);
#5412 = ( REPRESENTATION_RELATIONSHIP('','',#4803,#10) 
REPRESENTATION_RELATIONSHIP_WITH_TRANSFORMATION(#5413) 
SHAPE_REPRESENTATION_RELATIONSHIP() );
#5413 = ITEM_DEFINED_TRANSFORMATION('','',#11,#35);
#5414 = PRODUCT_DEFINITION_SHAPE('Placement','Placement of an item',
  #5415);
#5415 = NEXT_ASSEMBLY_USAGE_OCCURRENCE('6','Body005','',#5,#4798,$);
#5416 = PRODUCT_RELATED_PRODUCT_CATEGORY('part',$,(#4800));
#5417 = SHAPE_DEFINITION_REPRESENTATION(#5418,#5424);
#5418 = PRODUCT_DEFINITION_SHAPE('','',#5419);
#5419 = PRODUCT_DEFINITION('design','',#5420,#5423);
#5420 = PRODUCT_DEFINITION_FORMATION('','',#5421);
#5421 = PRODUCT('Body','Body','',(#5422));
#5422 = PRODUCT_CONTEXT('',#2,'mechanical');
#5423 = PRODUCT_DEFINITION_CONTEXT('part definition',#2,'design');
#5424 = ADVANCED_BREP_SHAPE_REPRESENTATION('',(#11,#5425),#5731);
#5425 = MANIFOLD_SOLID_BREP('',#5426);
#5426 = CLOSED_SHELL('',(#5427,#5467,#5498,#5529,#5551,#5584,#5617,#5650
    ,#5683,#5707));
#5427 = ADVANCED_FACE('',(#5428),#5462,.F.);
#5428 = FACE_BOUND('',#5429,.F.);
#5429 = EDGE_LOOP('',(#5430,#5440,#5448,#5456));
#5430 = ORIENTED_EDGE('',*,*,#5431,.T.);
#5431 = EDGE_CURVE('',#5432,#5434,#5436,.T.);
#5432 = VERTEX_POINT('',#5433);
#5433 = CARTESIAN_POINT('',(-20.,20.,0.));
#5434 = VERTEX_POINT('',#5435);
#5435 = CARTESIAN_POINT('',(-20.,20.,5.));
#5436 = LINE('',#5437,#5438);
#5437 = CARTESIAN_POINT('',(-20.,20.,0.));
#5438 = VECTOR('',#5439,1.);
#5439 = DIRECTION('',(0.,0.,1.));
#5440 = ORIENTED_EDGE('',*,*,#5441,.T.);
#5441 = EDGE_CURVE('',#5434,#5442,#5444,.T.);
#5442 = VERTEX_POINT('',#5443);
#5443 = CARTESIAN_POINT('',(-20.,-20.,5.));
#5444 = LINE('',#5445,#5446);
#5445 = CARTESIAN_POINT('',(-20.,20.,5.));
#5446 = VECTOR('',#5447,1.);
#5447 = DIRECTION('',(0.,-1.,0.));
#5448 = ORIENTED_EDGE('',*,*,#5449,.F.);
#5449 = EDGE_CURVE('',#5450,#5442,#5452,.T.);
#5450 = VERTEX_POINT('',#5451);
#5451 = CARTESIAN_POINT('',(-20.,-20.,0.));
#5452 = LINE('',#5453,#5454);
#5453 = CARTESIAN_POINT('',(-20.,-20.,0.));
#5454 = VECTOR('',#5455,1.);
#5455 = DIRECTION('',(0.,0.,1.));
#5456 = ORIENTED_EDGE('',*,*,#5457,.F.);
#5457 = EDGE_CURVE('',#5432,#5450,#5458,.T.);
#5458 = LINE('',#5459,#5460);
#5459 = CARTESIAN_POINT('',(-20.,20.,0.));
#5460 = VECTOR('',#5461,1.);
#5461 = DIRECTION('',(0.,-1.,0.));
#5462 = PLANE('',#5463);
#5463 = AXIS2_PLACEMENT_3D('',#5464,#5465,#5466);
#5464 = CARTESIAN_POINT('',(-20.,20.,0.));
#5465 = DIRECTION('',(1.,0.,0.));
#5466 = DIRECTION('',(0.,-1.,0.));
#5467 = ADVANCED_FACE('',(#5468),#5493,.F.);
#5468 = FACE_BOUND('',#5469,.F.);
#5469 = EDGE_LOOP('',(#5470,#5471,#5479,#5487));
#5470 = ORIENTED_EDGE('',*,*,#5449,.T.);
#5471 = ORIENTED_EDGE('',*,*,#5472,.T.);
#5472 = EDGE_CURVE('',#5442,#5473,#5475,.T.);
#5473 = VERTEX_POINT('',#5474);
#5474 = CARTESIAN_POINT('',(20.,-20.,5.));
#5475 = LINE('',#5476,#5477);
#5476 = CARTESIAN_POINT('',(-20.,-20.,5.));
#5477 = VECTOR('',#5478,1.);
#5478 = DIRECTION('',(1.,0.,0.));
#5479 = ORIENTED_EDGE('',*,*,#5480,.F.);
#5480 = EDGE_CURVE('',#5481,#5473,#5483,.T.);
#5481 = VERTEX_POINT('',#5482);
#5482 = CARTESIAN_POINT('',(20.,-20.,0.));
#5483 = LINE('',#5484,#5485);
#5484 = CARTESIAN_POINT('',(20.,-20.,0.));
#5485 = VECTOR('',#5486,1.);
#5486 = DIRECTION('',(0.,0.,1.));
#5487 = ORIENTED_EDGE('',*,*,#5488,.F.);
#5488 = EDGE_CURVE('',#5450,#5481,#5489,.T.);
#5489 = LINE('',#5490,#5491);
#5490 = CARTESIAN_POINT('',(-20.,-20.,0.));
#5491 = VECTOR('',#5492,1.);
#5492 = DIRECTION('',(1.,0.,0.));
#5493 = PLANE('',#5494);
#5494 = AXIS2_PLACEMENT_3D('',#5495,#5496,#5497);
#5495 = CARTESIAN_POINT('',(-20.,-20.,0.));
#5496 = DIRECTION('',(0.,1.,0.));
#5497 = DIRECTION('',(1.,0.,0.));
#5498 = ADVANCED_FACE('',(#5499),#5524,.F.);
#5499 = FACE_BOUND('',#5500,.F.);
#5500 = EDGE_LOOP('',(#5501,#5502,#5510,#5518));
#5501 = ORIENTED_EDGE('',*,*,#5480,.T.);
#5502 = ORIENTED_EDGE('',*,*,#5503,.T.);
#5503 = EDGE_CURVE('',#5473,#5504,#5506,.T.);
#5504 = VERTEX_POINT('',#5505);
#5505 = CARTESIAN_POINT('',(20.,20.,5.));
#5506 = LINE('',#5507,#5508);
#5507 = CARTESIAN_POINT('',(20.,-20.,5.));
#5508 = VECTOR('',#5509,1.);
#5509 = DIRECTION('',(0.,1.,0.));
#5510 = ORIENTED_EDGE('',*,*,#5511,.F.);
#5511 = EDGE_CURVE('',#5512,#5504,#5514,.T.);
#5512 = VERTEX_POINT('',#5513);
#5513 = CARTESIAN_POINT('',(20.,20.,0.));
#5514 = LINE('',#5515,#5516);
#5515 = CARTESIAN_POINT('',(20.,20.,0.));
#5516 = VECTOR('',#5517,1.);
#5517 = DIRECTION('',(0.,0.,1.));
#5518 = ORIENTED_EDGE('',*,*,#5519,.F.);
#5519 = EDGE_CURVE('',#5481,#5512,#5520,.T.);
#5520 = LINE('',#5521,#5522);
#5521 = CARTESIAN_POINT('',(20.,-20.,0.));
#5522 = VECTOR('',#5523,1.);
#5523 = DIRECTION('',(0.,1.,0.));
#5524 = PLANE('',#5525);
#5525 = AXIS2_PLACEMENT_3D('',#5526,#5527,#5528);
#5526 = CARTESIAN_POINT('',(20.,-20.,0.));
#5527 = DIRECTION('',(-1.,0.,0.));
#5528 = DIRECTION('',(0.,1.,0.));
#5529 = ADVANCED_FACE('',(#5530),#5546,.F.);
#5530 = FACE_BOUND('',#5531,.F.);
#5531 = EDGE_LOOP('',(#5532,#5533,#5539,#5540));
#5532 = ORIENTED_EDGE('',*,*,#5511,.T.);
#5533 = ORIENTED_EDGE('',*,*,#5534,.T.);
#5534 = EDGE_CURVE('',#5504,#5434,#5535,.T.);
#5535 = LINE('',#5536,#5537);
#5536 = CARTESIAN_POINT('',(20.,20.,5.));
#5537 = VECTOR('',#5538,1.);
#5538 = DIRECTION('',(-1.,0.,0.));
#5539 = ORIENTED_EDGE('',*,*,#5431,.F.);
#5540 = ORIENTED_EDGE('',*,*,#5541,.F.);
#5541 = EDGE_CURVE('',#5512,#5432,#5542,.T.);
#5542 = LINE('',#5543,#5544);
#5543 = CARTESIAN_POINT('',(20.,20.,0.));
#5544 = VECTOR('',#5545,1.);
#5545 = DIRECTION('',(-1.,0.,0.));
#5546 = PLANE('',#5547);
#5547 = AXIS2_PLACEMENT_3D('',#5548,#5549,#5550);
#5548 = CARTESIAN_POINT('',(20.,20.,0.));
#5549 = DIRECTION('',(0.,-1.,0.));
#5550 = DIRECTION('',(-1.,0.,0.));
#5551 = ADVANCED_FACE('',(#5552),#5579,.F.);
#5552 = FACE_BOUND('',#5553,.T.);
#5553 = EDGE_LOOP('',(#5554,#5564,#5571,#5572));
#5554 = ORIENTED_EDGE('',*,*,#5555,.T.);
#5555 = EDGE_CURVE('',#5556,#5558,#5560,.T.);
#5556 = VERTEX_POINT('',#5557);
#5557 = CARTESIAN_POINT('',(-13.4,-15.,0.));
#5558 = VERTEX_POINT('',#5559);
#5559 = CARTESIAN_POINT('',(-13.4,-15.,5.));
#5560 = LINE('',#5561,#5562);
#5561 = CARTESIAN_POINT('',(-13.4,-15.,0.));
#5562 = VECTOR('',#5563,1.);
#5563 = DIRECTION('',(0.,0.,1.));
#5564 = ORIENTED_EDGE('',*,*,#5565,.T.);
#5565 = EDGE_CURVE('',#5558,#5558,#5566,.T.);
#5566 = CIRCLE('',#5567,1.6);
#5567 = AXIS2_PLACEMENT_3D('',#5568,#5569,#5570);
#5568 = CARTESIAN_POINT('',(-15.,-15.,5.));
#5569 = DIRECTION('',(0.,0.,1.));
#5570 = DIRECTION('',(1.,0.,0.));
#5571 = ORIENTED_EDGE('',*,*,#5555,.F.);
#5572 = ORIENTED_EDGE('',*,*,#5573,.F.);
#5573 = EDGE_CURVE('',#5556,#5556,#5574,.T.);
#5574 = CIRCLE('',#5575,1.6);
#5575 = AXIS2_PLACEMENT_3D('',#5576,#5577,#5578);
#5576 = CARTESIAN_POINT('',(-15.,-15.,0.));
#5577 = DIRECTION('',(0.,0.,1.));
#5578 = DIRECTION('',(1.,0.,0.));
#5579 = CYLINDRICAL_SURFACE('',#5580,1.6);
#5580 = AXIS2_PLACEMENT_3D('',#5581,#5582,#5583);
#5581 = CARTESIAN_POINT('',(-15.,-15.,0.));
#5582 = DIRECTION('',(-0.,-0.,-1.));
#5583 = DIRECTION('',(1.,0.,0.));
#5584 = ADVANCED_FACE('',(#5585),#5612,.F.);
#5585 = FACE_BOUND('',#5586,.T.);
#5586 = EDGE_LOOP('',(#5587,#5597,#5604,#5605));
#5587 = ORIENTED_EDGE('',*,*,#5588,.T.);
#5588 = EDGE_CURVE('',#5589,#5591,#5593,.T.);
#5589 = VERTEX_POINT('',#5590);
#5590 = CARTESIAN_POINT('',(16.6,-15.,0.));
#5591 = VERTEX_POINT('',#5592);
#5592 = CARTESIAN_POINT('',(16.6,-15.,5.));
#5593 = LINE('',#5594,#5595);
#5594 = CARTESIAN_POINT('',(16.6,-15.,0.));
#5595 = VECTOR('',#5596,1.);
#5596 = DIRECTION('',(0.,0.,1.));
#5597 = ORIENTED_EDGE('',*,*,#5598,.T.);
#5598 = EDGE_CURVE('',#5591,#5591,#5599,.T.);
#5599 = CIRCLE('',#5600,1.6);
#5600 = AXIS2_PLACEMENT_3D('',#5601,#5602,#5603);
#5601 = CARTESIAN_POINT('',(15.,-15.,5.));
#5602 = DIRECTION('',(0.,0.,1.));
#5603 = DIRECTION('',(1.,0.,0.));
#5604 = ORIENTED_EDGE('',*,*,#5588,.F.);
#5605 = ORIENTED_EDGE('',*,*,#5606,.F.);
#5606 = EDGE_CURVE('',#5589,#5589,#5607,.T.);
#5607 = CIRCLE('',#5608,1.6);
#5608 = AXIS2_PLACEMENT_3D('',#5609,#5610,#5611);
#5609 = CARTESIAN_POINT('',(15.,-15.,0.));
#5610 = DIRECTION('',(0.,0.,1.));
#5611 = DIRECTION('',(1.,0.,0.));
#5612 = CYLINDRICAL_SURFACE('',#5613,1.6);
#5613 = AXIS2_PLACEMENT_3D('',#5614,#5615,#5616);
#5614 = CARTESIAN_POINT('',(15.,-15.,0.));
#5615 = DIRECTION('',(-0.,-0.,-1.));
#5616 = DIRECTION('',(1.,0.,0.));
#5617 = ADVANCED_FACE('',(#5618),#5645,.F.);
#5618 = FACE_BOUND('',#5619,.T.);
#5619 = EDGE_LOOP('',(#5620,#5630,#5637,#5638));
#5620 = ORIENTED_EDGE('',*,*,#5621,.T.);
#5621 = EDGE_CURVE('',#5622,#5624,#5626,.T.);
#5622 = VERTEX_POINT('',#5623);
#5623 = CARTESIAN_POINT('',(16.6,15.,0.));
#5624 = VERTEX_POINT('',#5625);
#5625 = CARTESIAN_POINT('',(16.6,15.,5.));
#5626 = LINE('',#5627,#5628);
#5627 = CARTESIAN_POINT('',(16.6,15.,0.));
#5628 = VECTOR('',#5629,1.);
#5629 = DIRECTION('',(0.,0.,1.));
#5630 = ORIENTED_EDGE('',*,*,#5631,.T.);
#5631 = EDGE_CURVE('',#5624,#5624,#5632,.T.);
#5632 = CIRCLE('',#5633,1.6);
#5633 = AXIS2_PLACEMENT_3D('',#5634,#5635,#5636);
#5634 = CARTESIAN_POINT('',(15.,15.,5.));
#5635 = DIRECTION('',(0.,0.,1.));
#5636 = DIRECTION('',(1.,0.,0.));
#5637 = ORIENTED_EDGE('',*,*,#5621,.F.);
#5638 = ORIENTED_EDGE('',*,*,#5639,.F.);
#5639 = EDGE_CURVE('',#5622,#5622,#5640,.T.);
#5640 = CIRCLE('',#5641,1.6);
#5641 = AXIS2_PLACEMENT_3D('',#5642,#5643,#5644);
#5642 = CARTESIAN_POINT('',(15.,15.,0.));
#5643 = DIRECTION('',(0.,0.,1.));
#5644 = DIRECTION('',(1.,0.,0.));
#5645 = CYLINDRICAL_SURFACE('',#5646,1.6);
#5646 = AXIS2_PLACEMENT_3D('',#5647,#5648,#5649);
#5647 = CARTESIAN_POINT('',(15.,15.,0.));
#5648 = DIRECTION('',(-0.,-0.,-1.));
#5649 = DIRECTION('',(1.,0.,0.));
#5650 = ADVANCED_FACE('',(#5651),#5678,.F.);
#5651 = FACE_BOUND('',#5652,.T.);
#5652 = EDGE_LOOP('',(#5653,#5663,#5670,#5671));
#5653 = ORIENTED_EDGE('',*,*,#5654,.T.);
#5654 = EDGE_CURVE('',#5655,#5657,#5659,.T.);
#5655 = VERTEX_POINT('',#5656);
#5656 = CARTESIAN_POINT('',(-13.4,15.,0.));
#5657 = VERTEX_POINT('',#5658);
#5658 = CARTESIAN_POINT('',(-13.4,15.,5.));
#5659 = LINE('',#5660,#5661);
#5660 = CARTESIAN_POINT('',(-13.4,15.,0.));
#5661 = VECTOR('',#5662,1.);
#5662 = DIRECTION('',(0.,0.,1.));
#5663 = ORIENTED_EDGE('',*,*,#5664,.T.);
#5664 = EDGE_CURVE('',#5657,#5657,#5665,.T.);
#5665 = CIRCLE('',#5666,1.6);
#5666 = AXIS2_PLACEMENT_3D('',#5667,#5668,#5669);
#5667 = CARTESIAN_POINT('',(-15.,15.,5.));
#5668 = DIRECTION('',(0.,0.,1.));
#5669 = DIRECTION('',(1.,0.,0.));
#5670 = ORIENTED_EDGE('',*,*,#5654,.F.);
#5671 = ORIENTED_EDGE('',*,*,#5672,.F.);
#5672 = EDGE_CURVE('',#5655,#5655,#5673,.T.);
#5673 = CIRCLE('',#5674,1.6);
#5674 = AXIS2_PLACEMENT_3D('',#5675,#5676,#5677);
#5675 = CARTESIAN_POINT('',(-15.,15.,0.));
#5676 = DIRECTION('',(0.,0.,1.));
#5677 = DIRECTION('',(1.,0.,0.));
#5678 = CYLINDRICAL_SURFACE('',#5679,1.6);
#5679 = AXIS2_PLACEMENT_3D('',#5680,#5681,#5682);
#5680 = CARTESIAN_POINT('',(-15.,15.,0.));
#5681 = DIRECTION('',(-0.,-0.,-1.));
#5682 = DIRECTION('',(1.,0.,0.));
#5683 = ADVANCED_FACE('',(#5684,#5690,#5693,#5696,#5699),#5702,.F.);
#5684 = FACE_BOUND('',#5685,.F.);
#5685 = EDGE_LOOP('',(#5686,#5687,#5688,#5689));
#5686 = ORIENTED_EDGE('',*,*,#5457,.T.);
#5687 = ORIENTED_EDGE('',*,*,#5488,.T.);
#5688 = ORIENTED_EDGE('',*,*,#5519,.T.);
#5689 = ORIENTED_EDGE('',*,*,#5541,.T.);
#5690 = FACE_BOUND('',#5691,.T.);
#5691 = EDGE_LOOP('',(#5692));
#5692 = ORIENTED_EDGE('',*,*,#5573,.T.);
#5693 = FACE_BOUND('',#5694,.T.);
#5694 = EDGE_LOOP('',(#5695));
#5695 = ORIENTED_EDGE('',*,*,#5606,.T.);
#5696 = FACE_BOUND('',#5697,.T.);
#5697 = EDGE_LOOP('',(#5698));
#5698 = ORIENTED_EDGE('',*,*,#5639,.T.);
#5699 = FACE_BOUND('',#5700,.T.);
#5700 = EDGE_LOOP('',(#5701));
#5701 = ORIENTED_EDGE('',*,*,#5672,.T.);
#5702 = PLANE('',#5703);
#5703 = AXIS2_PLACEMENT_3D('',#5704,#5705,#5706);
#5704 = CARTESIAN_POINT('',(0.,0.,0.));
#5705 = DIRECTION('',(0.,0.,1.));
#5706 = DIRECTION('',(1.,0.,0.));
#5707 = ADVANCED_FACE('',(#5708,#5714,#5717,#5720,#5723),#5726,.T.);
#5708 = FACE_BOUND('',#5709,.T.);
#5709 = EDGE_LOOP('',(#5710,#5711,#5712,#5713));
#5710 = ORIENTED_EDGE('',*,*,#5441,.T.);
#5711 = ORIENTED_EDGE('',*,*,#5472,.T.);
#5712 = ORIENTED_EDGE('',*,*,#5503,.T.);
#5713 = ORIENTED_EDGE('',*,*,#5534,.T.);
#5714 = FACE_BOUND('',#5715,.F.);
#5715 = EDGE_LOOP('',(#5716));
#5716 = ORIENTED_EDGE('',*,*,#5565,.T.);
#5717 = FACE_BOUND('',#5718,.F.);
#5718 = EDGE_LOOP('',(#5719));
#5719 = ORIENTED_EDGE('',*,*,#5598,.T.);
#5720 = FACE_BOUND('',#5721,.F.);
#5721 = EDGE_LOOP('',(#5722));
#5722 = ORIENTED_EDGE('',*,*,#5631,.T.);
#5723 = FACE_BOUND('',#5724,.F.);
#5724 = EDGE_LOOP('',(#5725));
#5725 = ORIENTED_EDGE('',*,*,#5664,.T.);
#5726 = PLANE('',#5727);
#5727 = AXIS2_PLACEMENT_3D('',#5728,#5729,#5730);
#5728 = CARTESIAN_POINT('',(0.,0.,5.));
#5729 = DIRECTION('',(0.,0.,1.));
#5730 = DIRECTION('',(1.,0.,0.));
#5731 = ( GEOMETRIC_REPRESENTATION_CONTEXT(3) 
GLOBAL_UNCERTAINTY_ASSIGNED_CONTEXT((#5735)) 
GLOBAL_UNIT_ASSIGNED_CONTEXT((#5732,#5733,#5734)) REPRESENTATION_CONTEXT
('Context #1','3D Context with UNIT and UNCERTAINTY') );
#5732 = ( LENGTH_UNIT() NAMED_UNIT(*) SI_UNIT(.MILLI.,.METRE.) );
#5733 = ( NAMED_UNIT(*) PLANE_ANGLE_UNIT() SI_UNIT($,.RADIAN.) );
#5734 = ( NAMED_UNIT(*) SI_UNIT($,.STERADIAN.) SOLID_ANGLE_UNIT() );
#5735 = UNCERTAINTY_MEASURE_WITH_UNIT(LENGTH_MEASURE(1.E-07),#5732,
  'distance_accuracy_value','confusion accuracy');
#5736 = CONTEXT_DEPENDENT_SHAPE_REPRESENTATION(#5737,#5739);
#5737 = ( REPRESENTATION_RELATIONSHIP('','',#5424,#10) 
REPRESENTATION_RELATIONSHIP_WITH_TRANSFORMATION(#5738) 
SHAPE_REPRESENTATION_RELATIONSHIP() );
#5738 = ITEM_DEFINED_TRANSFORMATION('','',#11,#39);
#5739 = PRODUCT_DEFINITION_SHAPE('Placement','Placement of an item',
  #5740);
#5740 = NEXT_ASSEMBLY_USAGE_OCCURRENCE('7','Body006','',#5,#5419,$);
#5741 = PRODUCT_RELATED_PRODUCT_CATEGORY('part',$,(#5421));
#5742 = CONTEXT_DEPENDENT_SHAPE_REPRESENTATION(#5743,#5745);
#5743 = ( REPRESENTATION_RELATIONSHIP('','',#5424,#10) 
REPRESENTATION_RELATIONSHIP_WITH_TRANSFORMATION(#5744) 
SHAPE_REPRESENTATION_RELATIONSHIP() );
#5744 = ITEM_DEFINED_TRANSFORMATION('','',#11,#43);
#5745 = PRODUCT_DEFINITION_SHAPE('Placement','Placement of an item',
  #5746);
#5746 = NEXT_ASSEMBLY_USAGE_OCCURRENCE('8','Body007','',#5,#5419,$);
#5747 = CONTEXT_DEPENDENT_SHAPE_REPRESENTATION(#5748,#5750);
#5748 = ( REPRESENTATION_RELATIONSHIP('','',#5424,#10) 
REPRESENTATION_RELATIONSHIP_WITH_TRANSFORMATION(#5749) 
SHAPE_REPRESENTATION_RELATIONSHIP() );
#5749 = ITEM_DEFINED_TRANSFORMATION('','',#11,#47);
#5750 = PRODUCT_DEFINITION_SHAPE('Placement','Placement of an item',
  #5751);
#5751 = NEXT_ASSEMBLY_USAGE_OCCURRENCE('9','Body008','',#5,#5419,$);
#5752 = CONTEXT_DEPENDENT_SHAPE_REPRESENTATION(#5753,#5755);
#5753 = ( REPRESENTATION_RELATIONSHIP('','',#5424,#10) 
REPRESENTATION_RELATIONSHIP_WITH_TRANSFORMATION(#5754) 
SHAPE_REPRESENTATION_RELATIONSHIP() );
#5754 = ITEM_DEFINED_TRANSFORMATION('','',#11,#51);
#5755 = PRODUCT_DEFINITION_SHAPE('Placement','Placement of an item',
  #5756);
#5756 = NEXT_ASSEMBLY_USAGE_OCCURRENCE('10','Body009','',#5,#5419,$);
#5757 = MECHANICAL_DESIGN_GEOMETRIC_PRESENTATION_REPRESENTATION('',(
    #5758),#2131);
#5758 = STYLED_ITEM('color',(#5759),#69);
#5759 = PRESENTATION_STYLE_ASSIGNMENT((#5760,#5766));
#5760 = SURFACE_STYLE_USAGE(.BOTH.,#5761);
#5761 = SURFACE_SIDE_STYLE('',(#5762));
#5762 = SURFACE_STYLE_FILL_AREA(#5763);
#5763 = FILL_AREA_STYLE('',(#5764));
#5764 = FILL_AREA_STYLE_COLOUR('',#5765);
#5765 = COLOUR_RGB('',0.447058818107,0.474509808674,0.501960817233);
#5766 = CURVE_STYLE('',#5767,POSITIVE_LENGTH_MEASURE(0.1),#5768);
#5767 = DRAUGHTING_PRE_DEFINED_CURVE_FONT('continuous');
#5768 = COLOUR_RGB('',9.803921802644E-02,9.803921802644E-02,
  9.803921802644E-02);
#5769 = MECHANICAL_DESIGN_GEOMETRIC_PRESENTATION_REPRESENTATION('',(
    #5770),#4770);
#5770 = STYLED_ITEM('color',(#5771),#2150);
#5771 = PRESENTATION_STYLE_ASSIGNMENT((#5772,#5777));
#5772 = SURFACE_STYLE_USAGE(.BOTH.,#5773);
#5773 = SURFACE_SIDE_STYLE('',(#5774));
#5774 = SURFACE_STYLE_FILL_AREA(#5775);
#5775 = FILL_AREA_STYLE('',(#5776));
#5776 = FILL_AREA_STYLE_COLOUR('',#5765);
#5777 = CURVE_STYLE('',#5778,POSITIVE_LENGTH_MEASURE(0.1),#5768);
#5778 = DRAUGHTING_PRE_DEFINED_CURVE_FONT('continuous');
#5779 = MECHANICAL_DESIGN_GEOMETRIC_PRESENTATION_REPRESENTATION('',(
    #5780),#5731);
#5780 = STYLED_ITEM('color',(#5781),#5425);
#5781 = PRESENTATION_STYLE_ASSIGNMENT((#5782,#5787));
#5782 = SURFACE_STYLE_USAGE(.BOTH.,#5783);
#5783 = SURFACE_SIDE_STYLE('',(#5784));
#5784 = SURFACE_STYLE_FILL_AREA(#5785);
#5785 = FILL_AREA_STYLE('',(#5786));
#5786 = FILL_AREA_STYLE_COLOUR('',#5765);
#5787 = CURVE_STYLE('',#5788,POSITIVE_LENGTH_MEASURE(0.1),#5768);
#5788 = DRAUGHTING_PRE_DEFINED_CURVE_FONT('continuous');
#5789 = MECHANICAL_DESIGN_GEOMETRIC_PRESENTATION_REPRESENTATION('',(
    #5790),#5406);
#5790 = STYLED_ITEM('color',(#5791),#4804);
#5791 = PRESENTATION_STYLE_ASSIGNMENT((#5792,#5797));
#5792 = SURFACE_STYLE_USAGE(.BOTH.,#5793);
#5793 = SURFACE_SIDE_STYLE('',(#5794));
#5794 = SURFACE_STYLE_FILL_AREA(#5795);
#5795 = FILL_AREA_STYLE('',(#5796));
#5796 = FILL_AREA_STYLE_COLOUR('',#5765);
#5797 = CURVE_STYLE('',#5798,POSITIVE_LENGTH_MEASURE(0.1),#5768);
#5798 = DRAUGHTING_PRE_DEFINED_CURVE_FONT('continuous');
ENDSEC;
END-ISO-10303-21;
